,clean_name,transactor_type
1667,butzel long pac,Organization
1668,retired detroit police/fire assn pac,Organization
1669,committee to elect gene haymaker,Organization
1670,jack coleman for state representativ,Organization
1671,tuscola county republican party,Organization
1672,menominee county democratic party,Organization
1673,the martin l cousineau committee,Organization
1674,terence mekoski for senate,Organization
1675,iosco co rep comm,Organization
1676,michigan list,Organization
1677,cte jeff yaroch for state rep,Organization
1678,allor majority fund,Organization
1679,committee to elect sue allor,Organization
1680,barrett brigade leadership fund pac,Organization
1681,mecosta county republican party,Organization
1682,bill sowerby for state rep,Organization
1683,frankenmuth pac,Organization
1684,mi rural pac,Organization
1685,friends of marie fielder,Organization
1686,greater oakland republicans,Organization
1687,washtenaw county democratic committe,Organization
1688,michigan petroleum association polit,Organization
1689,local union no 58 international brot,Organization
3411,mi chiropractic society pac,Organization
3412,committee to retain judge joseph lon,Organization
3413,calhoun county republican committee,Organization
3414,eaton county democratic executive co,Organization
3415,kalamazoo county republican committe,Organization
3416,michigan democratic party rural cauc,Organization
3417,centene corporation political action,Organization
3419,presque isle county republican commi,Organization
3420,friends of farmers insurance pac,Organization
3421,simon group holdings pac,Organization
3422,leelanau county republican committee,Organization
4641,property management assn pmam pac,Organization
4642,antrim county democratic party,Organization
4643,michigan propane pac,Organization
4644,moes pac,Organization
4645,grand rapids police officers assoc p,Organization
4646,plymouth democratic club,Organization
4647,garza working for michigan fund,Organization
4648,alex garza for state representative,Organization
4649,south lyon area democrats,Organization
4650,friends of anthony paesano,Organization
4651,committee to elect mark tisdel,Organization
4652,cheboygan county republican committe,Organization
4653,barnett leadership fund,Organization
4654,1st congressional dist rep comm,Organization
4655,dickinson county democratic executiv,Organization
4656,rochester area democratic club pac,Organization
4657,leelanau county democratic committee,Organization
4658,detroit police lieutenants and serge,Organization
5183,cheboygan county democratic committe,Organization
5184,committee to elect nicholas john hat,Organization
5185,committee to elect john c gillis,Organization
5186,novi democratic club,Organization
5187,michigan family medicine pac board (,Organization
5188,huron county democratic committee,Organization
5189,lincoln park firefighters pac,Organization
5190,michigan association of insurance ag,Organization
5191,mi podiatric medical association,Organization
5192,emmet county democratic committee,Organization
6501,burglar and fire alarm assn bfaampac,Organization
6502,dearborn heights professional fire f,Organization
6503,capitol city labor program advocacy,Organization
6505,6th district republican committee,Organization
6506,marquette county democratic party,Organization
6507,friends of incompass michigan,Organization
6508,michigan manufacturers association p,Organization
6509,wisconsin electric michigan politica,Organization
6510,national association of insurance an,Organization
6511,beeler majority fund pac,Organization
6512,committee to elect andrew beeler,Organization
6513,local 1602 pac,Organization
6514,the party politic,Organization
6515,roscommon county official democratic,Organization
6517,bay city educators pac,Organization
6518,cte mike harris,Organization
6519,muchmore harrington smalley associat,Organization
6520,midland county democratic party,Organization
6521,dearborn democratic club pac,Organization
6522,markkanen leadership fund,Organization
6523,ralph rebandt for governor,Organization
6524,mason county republican committee,Organization
6525,wexford county republican committee,Organization
6526,13th cdrc,Organization
6527,mi osteopathic pac mopac,Organization
6528,mi milk producers pac,Organization
6529,wmg pac,Organization
6530,friends of mta,Organization
6531,oakland county democratic party,Organization
6532,iosco county democratic party,Organization
6533,committee to elect laurie pohutsky,Organization
6534,fems for dems pac,Organization
6535,gratiot county republican party,Organization
6536,fifth third bancorp political action,Organization
7219,dearborn federation of teachers poli,Organization
7220,judge ray voet for court of appeals,Organization
7221,cte richard m steenland,Organization
7223,eli lilly and company pac,Organization
7224,plumbers & pipefitters local 190 pol,Organization
8743,friends of tom kuhn,Organization
8744,eaton county republican committee,Organization
8745,committee to elect diana farrington,Organization
8746,farrington leadership fund,Organization
8747,great lakes timber professionals ass,Organization
8748,michigan automobile dealers politica,Organization
8749,committee to elect lori stone,Organization
8750,west michigan plumbers fitters and s,Organization
8751,allegan county democratic party,Organization
8752,mi elmntry and mdle schl assc memspa,Organization
8753,detroit auto dealers pac,Organization
8754,capitol services pac,Organization
8755,dearborn firefighters political acti,Organization
8756,bricklayers and allied craftworkers,Organization
8757,michigan physical therapy pac,Organization
8758,pharmacy pac,Organization
8759,committee to elect tullio liberati,Organization
8760,washtenaw county republican committe,Organization
8761,mi community college assn mcca pac,Organization
8762,equity pac,Organization
8763,clinton township democratic club sta,Organization
8764,michigan association of timberman ti,Organization
8765,phillip joseph for state representat,Organization
8766,michigan sierra pac,Organization
8767,john roth for state rep committee,Organization
8768,the committee to elect tom kunse,Organization
8769,shri thanedar for michigan,Organization
8770,friends of grand valley,Organization
8771,cms energy corp employees for better,Organization
10736,united wholesale mortgage pac,Organization
10737,missaukee county republican committe,Organization
10738,damoose leadership fund,Organization
10739,genesee democratic party state accou,Organization
10740,detroit fire fighters association po,Organization
10741,friends of occupational therapy in m,Organization
10742,lenawee county republican committee,Organization
10743,international brotherhood of electri,Organization
10744,michigan boating industries associat,Organization
10745,police officers assn of mi poam,Organization
10746,coam capital campaign fund,Organization
10747,charlevoix county democratic party,Organization
10748,pioneer state mutual pac,Organization
11558,rosemary bayer for senate,Organization
11559,mi professional firefighters union,Organization
11560,bayer for michigan,Organization
11561,total community options michigan pac,Organization
11562,kevin coleman for michigan,Organization
11563,st clair county democratic committee,Organization
11564,oceana county republican committee,Organization
11565,berrien county democratic party,Organization
11566,sanilac county republican committee,Organization
11567,waste management employees better go,Organization
12729,cte rachelle smit for state represen,Organization
12730,sheet metal workers local 80 pac,Organization
12731,grosse pointe democratic club,Organization
12732,alpena county democratic party,Organization
12733,macomb county republican committee,Organization
12734,michigan ground water assn pac,Organization
12735,mi assoc of community bankers of mic,Organization
12736,michigan association of county clerk,Organization
12737,the mannik and smith group inc michi,Organization
12738,mi business aviation assn mbaa pac,Organization
12739,michigan infrastructure and transpor,Organization
12740,michigan society of anesthesiologist,Organization
12741,shiawassee county repulican executiv,Organization
12742,committee to elect roslyn ogburn for,Organization
12743,united association of plumbers and p,Organization
14852,michigan optometric association pac,Organization
14853,greimel for michigan,Organization
14854,benzie county republican party,Organization
14855,friends of timothy h beson,Organization
14856,friends of kathy white,Organization
14857,cte wendy mazer,Organization
14858,wendzel will,Organization
14859,lapeer county republican party,Organization
14860,michigan corrections organization po,Organization
14861,troopers pac,Organization
16445,committee to elect samantha stecklof,Organization
16446,michigan society of eye physicians a,Organization
16447,upper peninsula plumbers and pipefit,Organization
16448,michigan legislative consultants pac,Organization
16449,committee to elect ed mcbroom,Organization
16450,friends of cmu,Organization
16451,ford motor company civic action fund,Organization
16453,mi state afl cio cope contributions,Organization
16454,committee to elect jeremiah keeler,Organization
16455,teamsters 247 political action commi,Organization
16456,yes on national popular vote of mich,Organization
16457,teamsters 332 political action commi,Organization
16458,gladwin county democratic party,Organization
16459,united we can michigan (superpac),Organization
16460,green and white pac,Organization
16461,leadership for democracy fund,Organization
16462,friends of john reilly,Organization
16463,manistee county democratic committee,Organization
16464,waterford democratic club,Organization
16465,committee to elect michael webber,Organization
16466,kheder davis associates pac,Organization
16467,jackson county republican committee,Organization
16468,michigan health choice alliance,Organization
16469,cte doug wozniak,Organization
16470,julie alexander for state rep,Organization
16471,kahle majority fund,Organization
16472,black slate inc,Organization
16473,hauck majority fund,Organization
16474,annette glenn for michigan,Organization
16475,annette glenn for state senate,Organization
16476,alexander majority fund pac,Organization
16477,emmet county republican committee,Organization
16478,michigan credit union league action,Organization
18185,mi assn cert pub accntns macpa pac,Organization
19733,pfizer michigan pac,Organization
19734,chippewa co dem party,Organization
19735,shiawassee county democratic party,Organization
19736,farm pac (superpac),Organization
19737,michigan chamber political action co,Organization
19738,benzie county democratic committee,Organization
19739,msuwc pac,Organization
19740,committee to elect yousef rabhi,Organization
19741,liberty and justice for all,Organization
19742,american electric power company mi c,Organization
19743,clare county republican party,Organization
19744,michigan association of school socia,Organization
19745,ottawa county republican committee,Organization
19746,mortgage bankers association of mich,Organization
19747,bradley slagh for michigan,Organization
19748,sean mccann for state senate,Organization
19749,mccann for michigan,Organization
19750,logan byrne for state representative,Organization
19751,carter for michigan pac,Organization
19752,committee to elect brenda carter,Organization
19753,michigan manufactured housing rv and,Organization
19754,albert majority fund,Organization
19755,detroit forward together (superpac),Organization
19756,isabella county republican committee,Organization
19757,comerica inc political action commi,Organization
21573,detroit police officers association,Organization
22909,detroit regional chamber political a,Organization
22910,dykema gossett state pac,Organization
22911,j b moss voice of the electorate,Organization
24745,m-acre pac,Organization
24746,priority health political action com,Organization
24747,fair and equal michigan,Organization
24748,pipefitters local 636 pac,Organization
25902,michigan fire chiefs pac,Organization
25903,nabipmi pac,Organization
25904,michigan farm bureau political actio,Organization
29736,entergy corporation pac,Organization
29737,uaw michigan voluntary political act,Organization
31018,giarmarco mullins and horton pac,Organization
31019,sheet metal workers local 7 pac,Organization
31020,family law pac (flspac),Organization
31021,county road association roads plus,Organization
31022,friends of wayne state pac,Organization
33103,higgins lake property owner associat,Organization
33104,teamsters 214 political action commi,Organization
33105,mi academy pac,Organization
33106,teamsters 243 political action commi,Organization
33107,teamsters 283 political action commi,Organization
33108,kyra harris bolden for state rep,Organization
33109,committee to elect scott mcgraw,Organization
33110,sevag vartanian for u of m regent,Organization
33111,friends of heidi warrington,Organization
33112,michigan action state superpac,Organization
33113,realtors pac of mi,Organization
37130,manistee county republican committee,Organization
38941,genesee landlords assn pac,Organization
38942,michele hoitenga for state senate,Organization
38943,realtors pac of mi ii,Organization
38944,st clair county republican committee,Organization
38945,support fhps,Organization
38946,michigan association of ambulance se,Organization
38947,kellanova political action committee,Organization
38948,business leaders for michigan pac,Organization
38949,support las,Organization
38950,business leaders for michigan pac ii,Organization
38951,michigan league of conservation vote,Organization
38952,rodney wakeman for state representat,Organization
38953,judge kathleen feeney for court of a,Organization
38954,michigan freedom network,Organization
38955,teamsters 337 political action commi,Organization
38956,teamsters 614 political action commi,Organization
38957,teamsters democratic republican inde,Organization
38958,republican state leadership committe,Organization
40632,teamsters 299 political action commi,Organization
40633,michigan public employees seiu local,Organization
40634,livonia republican club,Organization
40635,berrien county republican committee,Organization
40636,molina healthcare inc michigan polit,Organization
41773,associated builders and contractors,Organization
41775,rock holdings inc state pac,Organization
41776,teamsters 406 political action commi,Organization
43266,teamsters 1038 political action comm,Organization
43267,st joseph county republican comm,Organization
43269,bay county democratic party,Organization
43270,committee to elect pauline wendzel,Organization
43271,macomb county democratic committee,Organization
43272,mi boilermakers state and local pac,Organization
43273,tuscola county democratic party,Organization
43274,roscommon county republican party,Organization
43275,working class party committee,Organization
43276,north oakland democratic club victor,Organization
43277,vertex pharmaceuticals inc pac,Organization
43278,dow inc pac (dowpac),Organization
43279,operating engineers local 324 pac,Organization
43280,corteva inc employees pac corteva ag,Organization
44491,young democrats of michigan,Organization
44492,dte energy company political action,Organization
46834,ottawa county democratic party,Organization
47677,amerisure pac ameripac,Organization
47678,chaldean chamber political action co,Organization
47679,huntington national bank-michigan po,Organization
47680,marquette county republican party,Organization
47681,hamtramck federation of teachers pac,Organization
47682,fighting for michigan fund,Organization
47683,friends of west michigan business gr,Organization
47684,aric nesbitt for state senate,Organization
47685,flagstar bank pac,Organization
48529,plumbers union local 98,Organization
49962,local 1557 intl assoc of firefighter,Organization
49963,mi roofers local 149 pac,Organization
49964,citizens for traditional values poli,Organization
49965,ken horn for senate,Organization
49966,swing left michigan state fund,Organization
49967,committee to elect christine morse f,Organization
49968,westland fire fighters separate segr,Organization
49969,mi pipe trades assoc independent exp,Organization
49970,merck and co inc employees pac,Organization
49971,ind mi political action council of t,Organization
49972,national federation of ind business,Organization
49973,michigan harness horsemens associati,Organization
49974,michele for michigan,Organization
49975,friends of saginaw valley state univ,Organization
49976,beth griffin for state rep,Organization
49977,committee to elect steve carra,Organization
49978,progressive womens alliance of west,Organization
49979,committee to elect ann manary state,Organization
49980,deloitte political action committee,Organization
49981,michigan orthopaedic society pac,Organization
49982,midwest strategy group pac,Organization
49983,michigan licensed beverage assoc pac,Organization
49984,friends of southwestern mi college,Organization
49985,lapeer co dem party,Organization
49986,jack omalley for state representativ,Organization
49987,michael brown for governor,Organization
49988,wayne county democratic black caucus,Organization
49989,michigan nurses association politica,Organization
49990,midland county republican committee,Organization
49991,progress plymouth pac,Organization
49992,meijer political action committee,Organization
51616,mi restaurant  and lodging assoc pac,Organization
51619,friends to elect michele hoitenga,Organization
51620,michigan assisted living association,Organization
51621,daga pac michigan,Organization
51622,committee to elect gary howell,Organization
51623,michigan commercial real estate pac,Organization
51624,victory values fund,Organization
51625,ivote mi pac,Organization
51626,we the people mi pac (superpac),Organization
51627,karoub associates political action c,Organization
51628,manley justice fund (superpac),Organization
51629,plumbers and pipefitters local 333 p,Organization
52681,a t and t michigan pac,Organization
54181,kara hope for state representative,Organization
54182,grand traverse county republican par,Organization
54183,mda dental pac,Organization
54184,united food and commercial workers m,Organization
54185,henry ford health system government,Organization
54186,second congressional dist democratic,Organization
54187,monroe county democratic executive p,Organization
55516,southwest michigan first pac,Organization
55517,lewis and munday pac,Organization
55518,committee to elect erin zimmer,Organization
55519,insurance alliance of michigan polit,Organization
55520,schostak family pac,Organization
55521,tri city leadership pac,Organization
55522,coalition for common sense,Organization
55523,oakland leadership fund,Organization
55524,west oakland republican committee pa,Organization
55525,ronnie peterson committee,Organization
55526,get kids back to school pac,Organization
55527,houghton county democratic committee,Organization
55528,allstate insurance company pac,Organization
55529,nextera energy inc political action,Organization
55530,state farm mutual automobile insuran,Organization
55531,michigan strong (superpac),Organization
55532,democratic association of secretarie,Organization
55533,wayne 11th congressional district re,Organization
55534,northville democratic club pac,Organization
55535,friends of bronwyn haltom,Organization
55536,committee to elect marla linderman r,Organization
55537,committee to elect todd schorle ii,Organization
55538,committee to elect steven thomas,Organization
55539,committe to elect diane saber,Organization
57568,mi academy of physician assistants,Organization
57569,michigan veterinary medical associat,Organization
57570,mi assn of health plans pac mahp pac,Organization
57571,voters not politicians,Organization
57572,independence blue cross llc pac (spo,Organization
57573,engineering michigans future,Organization
57574,committee to elect ryan roberts,Organization
57575,muskegon county conservative womens,Organization
57576,paul steven jancha for district cour,Organization
57577,fred green political action committe,Organization
57578,paul wojno for state senate,Organization
57579,st joseph county democratic committe,Organization
57580,meerman majority fund,Organization
57581,kim lasata for state senate,Organization
57582,monroe county republican party execu,Organization
57583,mi assoc of health plans (superpac),Organization
57584,otsego county republican committee,Organization
57585,lake county democratic party,Organization
57586,keep improving michigan pac,Organization
57587,canton democratic club,Organization
57588,fink majority fund,Organization
57589,whiteford leadership fund,Organization
57590,committee to elect mary whiteford,Organization
57591,arianne slay for judge,Organization
57592,friends of ruth johnson,Organization
57593,cte chad moore,Organization
57594,citizens to elect luke meerman for s,Organization
57595,osceola county republican committee,Organization
57596,friends of michigans community healt,Organization
57597,314 action victory fund,Organization
57598,henry ford comm college fed hfcc pac,Organization
57599,committee to elect daire rendon,Organization
57600,4th congressional dist rep comm,Organization
57601,m power pac,Organization
57602,lagrandpac,Organization
57603,samuel bagenstos for justice,Organization
57604,sarah hubbard for michigan,Organization
57605,travis menge for msu trustee,Organization
57606,lauren hantz for michigan,Organization
57607,committee to elect mike shirkey stat,Organization
57608,vanwoerkom solutions pac,Organization
57609,michigan craft distillers associatio,Organization
57610,michigan strong future pac,Organization
57611,compete michigan political action co,Organization
57612,cte karen whitsett for state rep,Organization
57613,friends of daylen howard,Organization
57614,pat outman for state representative,Organization
57615,dale zorn for senate,Organization
59221,pursuit of justice,Organization
59222,friends of linda glisman,Organization
59223,grow michigan pac,Organization
59224,grand rapids firefighters union pac,Organization
59225,committee to elect sarah lightner,Organization
59227,mi assn nurse anesthetists mana pac,Organization
59228,cte lily cheng schulting,Organization
59229,for our futures fund,Organization
59230,jonathan lindsey for state senate,Organization
59231,committee to elect david lagrand,Organization
59232,josh schriver for state representati,Organization
59233,witwer for michigan,Organization
59234,cte jaime greene,Organization
59235,safe lending michigan,Organization
59236,oakland county republican party,Organization
59237,friends of west michigan schools,Organization
59238,jason morgan for state representativ,Organization
59239,north macomb pac,Organization
59240,michigan in home care pac,Organization
59241,delta county democratic party,Organization
59242,friends of hope network,Organization
59243,committee to elect amos oneal,Organization
59244,maddock leadership fund,Organization
60976,charlevoix county republican committ,Organization
60977,growing michigan,Organization
60978,friends of phil green,Organization
60979,health alliance plan pac,Organization
60980,clinton county democratic party,Organization
60981,green thumb leadership,Organization
60983,advancing michigan,Organization
60984,committee to elect roger hauck (stat,Organization
60985,committee to elect chris tuski,Organization
60986,friends of erika geiss,Organization
60987,cte dan lauwers for senate,Organization
60988,friends of matt maddock  for st rep,Organization
60989,justice for michigan,Organization
60990,hornberger majority fund pac,Organization
60991,sarah anthony leadership fund pac,Organization
60992,sarah anthony for state representati,Organization
60993,friends of greg vanwoerkom,Organization
60994,arab american political action commi,Organization
60995,warren professional firefighters ss,Organization
60996,roger victory for state senate,Organization
60997,friends of tim sneller,Organization
60998,jmr all star pac,Organization
60999,julie rogers for state rep,Organization
61000,committee to elect cynthia r neeley,Organization
61001,green party of michigan committee,Organization
61002,padma for the people pac,Organization
61003,stephanie a young for state represen,Organization
61004,committee to elect scott vansingel,Organization
61005,sam singh for state senate,Organization
61006,committee to elect betty alexander,Organization
61007,jeremy moss for state senate,Organization
61008,a more perfect michigan pac,Organization
61009,mallory mcmorrow for michigan,Organization
61010,calhoun county democratic party,Organization
61011,promote the vote action,Organization
61012,friends of phil skaggs,Organization
61014,committee to elect kevin hertel,Organization
61015,lasinski for michigan pac,Organization
61016,hertel for michigan,Organization
61017,van buren county republican executiv,Organization
61018,committee to elect shawn petri state,Organization
61019,stephanies changemaker fund,Organization
61020,friends of gabriel lossing,Organization
61021,michigan reynolds american inc. poli,Organization
61022,livingston county dem exec comm,Organization
61023,committee to elect kelly smith,Organization
61024,linda lee tarver for better educatio,Organization
61025,aft michigan aftmipac,Organization
62148,macomb county republican assembly (s,Organization
62149,barry county republican committee,Organization
62150,bollin for michigan,Organization
62151,posthumus majority fund,Organization
62152,vega fund,Organization
62153,friends for cathryn neracher,Organization
62154,ann bollin for state rep,Organization
62155,gov consultant svcs inc 21st century,Organization
62156,committee to elect gina johnsen,Organization
62157,spartannash company state political,Organization
62158,livingston county republican committ,Organization
62159,committee to elect sharifa kerene mo,Organization
62160,12th congressional district republic,Organization
62161,committee to elect padma kuppa,Organization
63560,michigan democratic party youth cauc,Organization
63561,delta political action committee,Organization
63562,ellison for michigan,Organization
63563,the committee to elect mike hoadley,Organization
63564,the committee to elect gary r eisen,Organization
63565,kristina karamo for sos,Organization
63566,maximus inc political action committ,Organization
63567,wayne county republican committee,Organization
63568,stephanie chang for senate,Organization
63569,cte rick outman for state senate,Organization
65178,cte john damoose for state represent,Organization
65179,joe tate leadership pac,Organization
65180,curtis hertel jr for michigan,Organization
65181,steve johnson for state rep,Organization
65182,cte pamela hornberger,Organization
65183,enterprise holdings inc enterprise m,Organization
65184,wexford county democratic party,Organization
65185,mi coin machine op assn mcmoa ampac,Organization
65186,plumbers and steamfitters 85 pac,Organization
65187,tgif victory fund,Organization
65188,cynthia a johnson stands up detroit,Organization
65189,michiganders for the commonwealth,Organization
65190,embolden pac,Organization
65191,noah arbit for michigan,Organization
65192,up united,Organization
65193,vanderwall majority fund,Organization
65194,cte winnie brinks for senate,Organization
65195,sabo for michigan,Organization
65196,brinks victory fund,Organization
65197,jeff irwin for state senate,Organization
65198,zorn leadership fund,Organization
65199,michigan for ryan d kelley,Organization
65200,brinks for michigan,Organization
65201,compete michigan pac 3,Organization
65202,friends of jim ananich senate,Organization
65204,brinks majority fund,Organization
65205,friends of will snyder,Organization
65206,committee to elect tommy brann,Organization
65207,mi funeral directors assn pac mfda,Organization
65208,moving genesee county forward pac,Organization
65209,the committee to elect lana theis,Organization
65210,raise the wage mi,Organization
65211,mi working families party pac,Organization
65212,committee to elect joseph tate,Organization
66985,saginaw county republican committee,Organization
66986,cass county republican committee,Organization
66987,14th district republican committee,Organization
66988,committee to elect thomas a albert,Organization
66989,friends of ranjeev puri,Organization
66990,cte pamela hornberger for state sena,Organization
66991,jeff johnson for mi,Organization
66992,casey hoffman for state representati,Organization
66993,delta county republican party,Organization
66995,cte kevin rathbun,Organization
66996,small business association of michig,Organization
66997,friends of jon bumstead,Organization
66998,committee to elect ken borton,Organization
66999,stamas leadership pac,Organization
67000,ben pac,Organization
67001,curt vanderwall for state senate,Organization
67002,filler majority pac,Organization
67003,friends of henry ford college pac,Organization
67004,friends of housing pac,Organization
67005,michigan aggregates association,Organization
67006,west michigan anesthesia pac,Organization
67007,mike mueller for state representativ,Organization
67008,health care association of michigan,Organization
67009,broadband association of michigan pa,Organization
67010,acec michigan consulting engineers c,Organization
67011,jocelyn benson for secretary of stat,Organization
68673,bob bezotte for state rep,Organization
68674,itc holdings corp pac,Organization
68676,dayna polehanki for state senate,Organization
68678,dylan pescarolo for state representa,Organization
68679,graham filler for state representati,Organization
68680,cindy berry for secretary of state,Organization
68681,planned parenthood advocates of mi,Organization
68682,committee to retain judge cori barkm,Organization
68683,bay county republican party committe,Organization
68684,friends of darrin camilleri,Organization
68685,international union of painters and,Organization
68686,committee to elect rachel hood,Organization
68687,wayne schmidt for state senate,Organization
68688,building accountability behind exper,Organization
68689,community to elect tc clements,Organization
68690,helena scott for michigan pac,Organization
68691,jim stamas for state senate,Organization
68692,committee to elect tc clements,Organization
68693,committee to elect matt koleszar,Organization
70230,rescare inc dba brightspring health,Organization
70231,committee to elect geyer balog,Organization
70232,mike macdonald for senate,Organization
70233,weiss for michigan,Organization
70234,friends of dan oneil,Organization
70235,angela witwer for state representati,Organization
70236,committee to elect jim haadsma,Organization
70237,kevin daley for state senate,Organization
70238,mi assoc of cmh board macmhb,Organization
70239,berman leadership fund,Organization
70240,friends of mark huizenga,Organization
70241,committee to elect mark huizenga,Organization
70242,cte marcus a cummings,Organization
70243,southwestern wayne democratic club,Organization
70244,committee to elect marc cummings mi,Organization
70245,committee to elect jacky eubanks,Organization
70246,committee to elect joe boogren,Organization
70247,mi7th cdrc,Organization
70248,felicia brabec for state representat,Organization
70249,progress michigan political action f,Organization
70250,allegan county republican committee,Organization
70252,committee to elect donna lasinski,Organization
70253,us ecology inc pac michigan,Organization
70254,matt for michigan pac,Organization
70255,wave michigan,Organization
70256,empower mi vote,Organization
70257,bronna kahle for state senate,Organization
70258,bronna kahle for state rep,Organization
70259,committee to elect melanie macey,Organization
70260,defense pac,Organization
70261,comcast corporation and nbcuniversal,Organization
70262,chief james craig for governor,Organization
74267,citizens to elect helena scott,Organization
74268,committee to elect andrew sebolt for,Organization
74269,kelly tebay for msu,Organization
74270,friends of john cherry,Organization
74271,friends of meghan reckling,Organization
74272,one majority goal fund,Organization
74273,higher ground pac,Organization
74274,secure mi vote,Organization
74275,seiu michigan,Organization
77545,committee  for the advancement of mi,Organization
77546,abraham aiyash for michigan,Organization
77547,michiganders for fair lending,Organization
77548,unlock michigan,Organization
77549,potato growers of michigan inc pac,Organization
77550,red and blue pac,Organization
77551,cte lindsay kronemeyer,Organization
77552,farmington farmington hills democrat,Organization
77553,mecosta county democratic party,Organization
77554,friends of dana nessel,Organization
78800,11th congressional dist rep comm,Organization
78801,michigan league of responsible voter,Organization
78802,cte kim morley,Organization
78803,cng holdings inc pac,Organization
78804,michigan crypto pac,Organization
78805,curtis hertel jr for senate,Organization
78806,grand traverse county democratic com,Organization
78807,committee to elect sara cambensy for,Organization
78808,value for michigan,Organization
78809,heat and frost insulators local 25 p,Organization
78810,friends of justin faber,Organization
78811,cte mick bricker,Organization
78812,mi blue cross blue shield bcbsm pac,Organization
83886,geiss leadership fund,Organization
83887,committee to elect terry j sabo,Organization
83888,democratic legislative campaign comm,Organization
85797,committee to elect jason wentworth,Organization
85798,red cedar conservatives pac,Organization
85799,michigan association for justice jus,Organization
85800,kent county republican committee,Organization
85801,friends of cara clemente,Organization
85802,michigan sugar company growers polit,Organization
85804,michael detmer for state senate,Organization
85805,julie brixie for state representativ,Organization
85806,clements leadership fund,Organization
85807,michigan liberation action fund (sup,Organization
85808,alabas a farhat,Organization
85809,huizenga for michigan leadership fun,Organization
85810,committee to elect regina weiss,Organization
85811,bizon majority fund,Organization
85812,committee to elect dr john bizon,Organization
85813,cte gregory j. markkanen,Organization
85814,brad paquette for state representati,Organization
85815,friends of mari manoogian,Organization
85816,plunkett and cooney pc pac,Organization
85817,friends of jaime churches,Organization
86715,paquette leadership fund,Organization
86716,brotherhood of locomotive engineers,Organization
86717,sylvia santana for senate,Organization
86718,friends of tom barrett,Organization
86719,pepsico inc concerned citizens fund,Organization
86720,elect ryan berman,Organization
86721,elect ryan berman ag,Organization
86722,mi regional carpenters mrcc pac,Organization
95115,friends of jim lilly,Organization
95117,michigan strategic leadership fund,Organization
95118,nesbitt majority fund,Organization
95119,committee to elect david martin stat,Organization
95120,elect jim runestad for state senate,Organization
95121,building bridges pac,Organization
99893,mainstreet political action committe,Organization
99894,friends of nate shannon,Organization
99895,kevin green for senate,Organization
99896,the pac for americas future mi,Organization
99897,andrew fink for state representative,Organization
99898,keep michigan safe,Organization
99899,public health over politicians,Organization
99900,west michigan progress pac,Organization
99901,the home depot inc political action,Organization
99902,moss pac,Organization
99903,fannie lou hamer political action co,Organization
99904,the julie brixie blue wave fund 2,Organization
99905,the julie brixie blue wave fund,Organization
101065,matt hall for state representative,Organization
101066,mi laborers political league,Organization
101067,montcalm county republican executive,Organization
101068,lansing regional chamber lrc pac,Organization
101069,michigan senate democratic fund,Organization
102980,friends of bryan posthumus,Organization
102981,construction workers local 1076 ed c,Organization
102982,bob scott for michigan governor camp,Organization
102983,michigan iniative for community heal,Organization
102984,monroe plumbers and pipe fit l671,Organization
102986,protect mi vote,Organization
102987,michigan 10th congressional district,Organization
102988,tom leonard for michigan,Organization
102989,advocates of change for tomorrow pol,Organization
102990,gretchen whitmer for governor,Organization
121637,sarah anthony for state senate,Organization
121638,unitedhealth group incorporated pac,Organization
123267,michigan retailers association polit,Organization
123268,friends of chris stewart,Organization
123269,wentworth majority fund 2,Organization
123270,house republican campaign committee,Organization
123271,mi values leadership fund ii,Organization
123272,committee to elect roger hauck,Organization
123273,committee to elect anthony feig,Organization
123274,donna brandenburg for governor,Organization
123275,wentworth majority fund pac,Organization
123276,democratic state central committee,Organization
123277,matt hall majority fund,Organization
123278,adam j hollier committee,Organization
123279,senate republican campaign committee,Organization
123280,michigan house democratic fund,Organization
123281,committee to elect joe bellino,Organization
123282,ingham county republican committee,Organization
123283,tudor dixon for governor inc,Organization
123284,beau lafave sos,Organization
123285,muskegon county democratic party,Organization
124488,advancing for detroit and mi pac,Organization
124489,second district cong committee of mi,Organization
124490,vote kelly breen,Organization
124491,santana for michigan,Organization
124492,clinton county republican committee,Organization
124493,friends to elect marshall bullock,Organization
124494,emilys list michigan,Organization
124496,cleveland cliffs inc pac,Organization
124498,michigan education association pac,Organization
131260,forward together pac,Organization
131261,local 357 plumbers and pipefitters p,Organization
132974,friends of linda ybarra-bozzone,Organization
132976,michigan motorcycle riders pac,Organization
132977,branch county republican party,Organization
132978,northwest michigan united for racial,Organization
132979,retired troopers pac,Organization
132980,jim ellison for state rep,Organization
132981,matthew deperno for michigan,Organization
132982,save america,Organization
132983,committee to elect angela rigas,Organization
132984,committee to elect julie calley,Organization
132985,calley majority fund,Organization
132987,open democracy pac,Organization
132988,committee to elect latisha johnson,Organization
132989,republican oakland county commission,Organization
132990,newaygo county republican committee,Organization
132992,cte jon rocha,Organization
132994,cte jason kolkema for district court,Organization
132995,carol glanville for state representa,Organization
132997,eleventh congressional district of m,Organization
132998,taylor fed of teachers pac tft pac,Organization
133001,michigan democratic jewish caucus,Organization
133002,citizens to elect justin noordhoek,Organization
134890,committee to elect ginger l shearer,Organization
134893,jerry solis for state representative,Organization
134894,cte terence mekoski,Organization
134895,kent douglas for state representativ,Organization
134896,gratiot county democratic party,Organization
134898,gladwin county gop,Organization
134900,sylvia grot for state representative,Organization
134901,cte william thompson,Organization
134902,cte jim diez,Organization
134903,take michigan back (superpac),Organization
134906,mi right to vote,Organization
134907,cte robert regan,Organization
134908,steven gilbert for state representat,Organization
134911,saginaw county democratic executive,Organization
134912,ottawa integrity pac,Organization
134913,huron county republican party,Organization
134915,automobile club of michigan politica,Organization
134916,graham diedrich for state representa,Organization
134917,jeffrey d pepper,Organization
134920,peoples choice diane randall cte,Organization
136061,committee to elect tyrone carter,Organization
136062,concerned citizen,Organization
136063,jaffe snider raitt heuer and weiss,Organization
136065,reproductive freedom for all,Organization
136879,state police command officers associ,Organization
136885,friends of conservative values,Organization
137560,aft michigan independent expenditure,Organization
137564,cte mellissa carone,Organization
137565,michigan emergency doctors political,Organization
137566,cte tenisha yancey for state rep,Organization
139105,michigan beverage association pac,Organization
139107,mi assoc county drain commissioners,Organization
139108,michigan land title association poli,Organization
139117,mike mueller leadership fund,Organization
139124,ready to equip industrious leaders,Organization
139125,huron valley democratic club pac,Organization
139129,friends of corn pac,Organization
139133,rental property owners assoc of kent,Organization
139134,jewish agency political action commi,Organization
139137,grand rapids chamber comeback pac,Organization
143112,mi building and construction trades,Organization
144556,health political action committee mi,Organization
151156,great lakes education project,Organization
151162,right to life of michigan state poli,Organization
151166,michigan concrete association politi,Organization
151167,howell for michigan fund,Organization
151173,make michigan great (superpac),Organization
152300,friends of wmu,Organization
153869,mi politics (superpac),Organization
156682,education gets results,Organization
158127,school psychologists for kids michig,Organization
158129,foster pac,Organization
158134,end citizens united non-federal mi,Organization
158136,parents not politicians,Organization
158137,michigan chamber of commerce pac ii,Organization
158138,true michigan pac  superpac,Organization
158140,fawn armstrong for judge,Organization
158143,hope rising action fund,Organization
164626,committee to elect mike milanowski j,Organization
165930,occidental petroleum corporation pol,Organization
165934,progressive turnout project,Organization
166902,michigan septic tank association pac,Organization
168245,zeneca inc. political action committ,Organization
168252,conservation voters of michigan pac,Organization
168253,norfolk southern good government fun,Organization
168254,michigan radiology political action,Organization
181898,home builders association political,Organization
181900,mamc clerk pac,Organization
181901,michigan pork producers association,Organization
181904,michigan distributors and vendors as,Organization
186332,inspire michigan,Organization
186337,retail wholesale department store un,Organization
186343,women of michigan action network pac,Organization
186351,michigan patriots pac (superpac),Organization
186354,community change voters (superpac),Organization
187600,michigan pest management association,Organization
187602,auto dealers of michigan political a,Organization
187603,cornerstone pac,Organization
187606,detroit caucus pac,Organization
200202,t cole leadership fund,Organization
200203,bumstead leadership fund,Organization
200209,vansingel majority fund,Organization
200210,west michigan cannabis guild,Organization
200214,michigan needs an adjustment,Organization
200216,comm pac,Organization
200221,comm workers of america mi cwa-mac,Organization
200223,future northern michigan,Organization
200226,northwest wayne county state local p,Organization
200230,daley majority fund,Organization
201684,pohutsky for michigan fund,Organization
201689,the sinas dramis law firm pac,Organization
201690,michigan opportunity,Organization
201691,mi greenstone pac,Organization
201697,protect michigan craft beer,Organization
203783,defending michigan values,Organization
203785,nesbitt majority fund 2,Organization
203791,growing michigan majority fund,Organization
205311,glm political action committee,Organization
205313,mac pac,Organization
205316,csx corporation good govt fund,Organization
212519,convention of states political fund,Organization
212521,leadership for educational equity -,Organization
216535,mastronardi produce west pac,Organization
216539,giffords pac,Organization
216540,american property casualty insurance,Organization
216541,for mi kids for our schools,Organization
217478,citizens to support mi women and chi,Organization
217488,afendoulis for michigan pac,Organization
218735,friends of michigan community action,Organization
218736,grosse ile taxpayers association (su,Organization
218744,michigan education partners politica,Organization
218748,rooted in community leadership pac,Organization
218749,forward majority action michigan (su,Organization
218752,michigan society of professional eng,Organization
218753,the michigan leadership fund,Organization
218756,let mi kids learn,Organization
218759,associated general contractors polit,Organization
218761,camilleri for michigan,Organization
219863,rank mi vote ballot question committ,Organization
219868,justice for all (superpac),Organization
219871,puri pac,Organization
219874,the scotts miracle gro co stewardshi,Organization
219877,a better michigan,Organization
220772,brixie for michigan fund,Organization
220774,wozpac,Organization
220779,surveyors pac mi society of professi,Organization
221944,powering the economy (superpac),Organization
223489,michigan home health association pac,Organization
223490,committee to revive michigan electio,Organization
233177,brabec equity fund,Organization
233179,cambensy for michigan leadership fun,Organization
233182,run michigan right fund,Organization
233184,jacobs solutions inc. political acti,Organization
233186,promote the vote 2022,Organization
234369,architects political action committe,Organization
234371,michelle frederick for state board o,Organization
234374,committee to elect diana mohyi,Organization
234377,sherry gay dagnogo strong women lead,Organization
234379,associated food and petroleum dealer,Organization
244288,wayne 12th congressional district re,Organization
244289,michigan forest products council,Organization
244292,humane world action fund of michigan,Organization
244299,leaders engaged actively in democrac,Organization
244301,democratic club of taylor womens aux,Organization
246334,united food and commercial workers a,Organization
254960,friends of mclaren political action,Organization
257163,brighter michigan pac (superpac),Organization
257165,huck pac inc,Organization
260344,michigan impact,Organization
260345,national assoc of social workers pac,Organization
260348,voters for transparency and term lim,Organization
260349,unity in action,Organization
260362,edupac1,Organization
261544,friends of dayne hoffman,Organization
261549,advance michigan (superpac),Organization
261552,take back michigan superpac,Organization
261554,committee to elect dan vanden heede,Organization
261557,bank on wayne county,Organization
261558,melanie foster for msu trustee,Organization
261559,committee to elect george d. lyons,Organization
261560,baraga co rep comm,Organization
261563,michigan organization on adolescent,Organization
261564,forest hills democratic club,Organization
261565,us taxpayers party of michigan state,Organization
263245,muskegon county republican executive,Organization
263246,friends of george ranville,Organization
263248,committee to elect michael brooks,Organization
263251,committee to elect barbara conley,Organization
263252,committee to elect kenneth kish,Organization
263253,committee to elect cathy albro,Organization
263254,committee to elect reggie reg davis,Organization
263256,cte khalil othman,Organization
263260,committee to elect kevin counts,Organization
263261,citizens to elect kathy schmaltz,Organization
263262,james shepler for state representati,Organization
263263,ryan gallogly for michigan,Organization
263264,friends of brian hosticka,Organization
263265,the committee to elect robin mcgrego,Organization
263266,klint kesto for senate,Organization
263267,friends of holli vallade,Organization
265412,committee to elect marshall averill,Organization
265413,committee to elect athena lynn thorn,Organization
265414,friends of reggie miller,Organization
265416,committee to elect dave staudt,Organization
265417,committee to elect matthew sabaugh f,Organization
265421,committee to elect kayle keith hinkl,Organization
265424,committee to elect jenn hill state r,Organization
265426,joel sheltrown for senate,Organization
265428,cte greg alexander for state represe,Organization
265429,committee to elect rebecca jurva-bri,Organization
265431,cte mary berlingieri for state repre,Organization
265434,committee to elect aaron delikta,Organization
266561,karl barr for judge,Organization
266562,joseph fox for state representative,Organization
266563,david soltis for state house,Organization
266564,committee to elect david lacasse dis,Organization
266569,friends of randy bishop,Organization
266572,john braamse for state senate,Organization
268172,rodney wakeman for state senator,Organization
268174,diana lynn mcclain,Organization
268175,friends of james desana,Organization
268179,committee to elect nancy deboer,Organization
268183,committee to elect gregory c. pittma,Organization
268184,committee to elect kathy clark,Organization
268193,family business owners of michigan p,Organization
268195,committee to elect melody wagner,Organization
269576,committee to elect kimberly sheppard,Organization
270867,committee to elect brian warzocha,Organization
270872,cass county democratic party,Organization
270873,keep judge kirsten hartig,Organization
270876,emily busch for state representative,Organization
270878,friends for mark bignell,Organization
270879,committee to elect becket j jones 8,Organization
270882,friends of theresa fougnie,Organization
270883,committee to elect justin mendoza,Organization
272977,people for dylan wegela,Organization
272978,elect tonya goetz for judge,Organization
272984,committee to elect christopher flemi,Organization
272985,friends of mike mcfall,Organization
272986,committee to elect natalie price,Organization
272987,friends of kim jorgensen gane,Organization
272989,julie moore for state representative,Organization
272990,michael markey governor race candida,Organization
272996,committee to retain judge miriam a.,Organization
275165,mark gunn for state representative,Organization
275166,western washtenaw democrats comm,Organization
275169,amgen inc political action committee,Organization
275170,committee to elect debra s. kauten s,Organization
275175,charles ritchard for state senate,Organization
275177,wsp usa pac,Organization
275180,great lakes gun rights pac,Organization
276230,ashley hanson grimes for judge,Organization
276236,government administrators associatio,Organization
278146,committee to elect bert van dyke,Organization
278158,rebecca dangelo judge for kalamazoo,Organization
278159,michigan cable telecommunications as,Organization
278161,morse force leadership fund,Organization
281993,committee to elect steele p hughes,Organization
281994,right to life of michigan victory fu,Organization
284827,committee to elect matthew r kacel,Organization
286836,committee to elect rachel vinales fo,Organization
286839,miller canfield pac,Organization
286840,committee to elect jeremy whittum,Organization
286843,committee to elect frank j lafata,Organization
286844,cte gus tarraf,Organization
286849,kristy pagan leadership fund,Organization
286853,dickinson wright pllc political acti,Organization
286854,the committee to elect troy b daniel,Organization
286856,thomas j. allen cte thomas allen,Organization
288118,landscape architects of michigan pac,Organization
288119,committee to elect martha ptashnik,Organization
288129,mark bernstein for university of mic,Organization
288136,michigan used beverage container pol,Organization
288137,mi association of theatre owners pol,Organization
288142,singh pac,Organization
288144,committee to elect joshua s. eldenbr,Organization
288150,official 9th dist democratic party,Organization
288168,joe hune for state senate,Organization
288175,registers for good government,Organization
288176,altria group inc political action co,Organization
288181,martin blank for state senate,Organization
288191,michigan realtors (superpac),Organization
288209,citizens for honest government,Organization
288216,american federation of state county,Organization
288221,committee to elect mary hood circuit,Organization
288224,exelon corporation political action,Organization
288228,friends of nmu,Organization
288232,michigan psychologist political acti,Organization
288235,prosperity michigan action fund (sup,Organization
288244,committee to elect jim martin,Organization
288247,committee to elect john bizon for st,Organization
288248,friends of barb anness,Organization
288274,committee to elect tommy brann for s,Organization
288296,michigan planned parenthood votes su,Organization
288299,great lakes community investment pac,Organization
288308,james benison for court of appeals,Organization
288320,for our future michigan (superpac),Organization
288321,lansing association for human rights,Organization
288324,comm to ban fracking in michigan,Organization
288343,brian calley for governor,Organization
288373,utica public affairs-michigan educat,Organization
288381,singh for michigan,Organization
288382,singh majority fund,Organization
288389,united parcel service inc pac (upspa,Organization
288390,bristol myers squibb company politic,Organization
288392,howrylak victory fund,Organization
288411,liberty freedom fund,Organization
288419,liberty and justice for all coalitio,Organization
288421,stan grot for michigan republicans,Organization
288422,greater metropolitan association of,Organization
288426,committee to elect john michael malo,Organization
289671,brian williams for state senate,Organization
289717,friends of mark ludwig,Organization
289718,committee to elect larry hull,Organization
289719,elect jose flores for mi house of re,Organization
289720,frank liberati for state senate,Organization
289722,ron kokinda for state rep,Organization
289724,friends of ken ferguson,Organization
289726,committee to elect tamara mitchell f,Organization
289729,committee to elect mark zacharda,Organization
289730,friends of ksenia milstein,Organization
289731,our water our democracy,Organization
289732,committee to elect brennen gorman,Organization
289736,paul robert francis 2022,Organization
289740,committee to elect ryan rank,Organization
289743,committee to elect betsy coffia,Organization
289746,committee to elect marvin cotton jr,Organization
289747,supporters of john cherry,Organization
289750,vote kim nagy committee,Organization
289755,darrin camilleri for state senate,Organization
289757,committee to elect madhu anderson,Organization
289759,brian begole for state rep,Organization
289760,elect seth getz,Organization
289761,alswanson for judge,Organization
289763,committee to elect alex manwell,Organization
289766,elect sharon macdonell,Organization
289768,jason rhines for senate,Organization
289769,committee to elect neil friske,Organization
289771,committee to elect gary mitchell,Organization
289773,friends of hilary dubay,Organization
289774,daylen howard for senate,Organization
289775,friends of matt nilson,Organization
289776,jeffrey noel for michigan state hous,Organization
289777,terry j. sabo for state senate,Organization
289780,committee to elect michelle smith,Organization
289781,kevin hertel for state senate,Organization
289782,committee to elect katybeth davis,Organization
289784,committee to elect jonathan scheel,Organization
289788,committee to elect joseph hohler iii,Organization
289789,service corp international pac,Organization
289790,committee to elect jay deboyer for s,Organization
289791,committee to elect jordan genso,Organization
289792,christine e. barnes for state rep co,Organization
289794,megan cottington heath for circuit c,Organization
289798,michael brodsky for michigan,Organization
289800,thomas albert for state senate,Organization
289801,committee to elect frank j wasung,Organization
289803,committee to elect andrew concannon,Organization
289804,committee to elect dave prestin,Organization
289806,friends of john fitzgerald,Organization
289808,friends to elect kim coonan state re,Organization
289809,friends of doug wozniak,Organization
289810,committee to elect dr patricia berna,Organization
289812,bill g schuette for state representa,Organization
289813,john damoose for state senate,Organization
289814,committee to elect michael frazier,Organization
289817,committee to elect james e johnson j,Organization
289820,committee to elect jenny l. mcneill,Organization
289823,kevin s whiteford,Organization
289824,gabriel rees for state representativ,Organization
289825,committee to elect regina williams,Organization
289827,friends of brian elder,Organization
289828,citizens to elect kenyetta dotson fo,Organization
289829,shadia martini for state representat,Organization
289830,committee to elect john wetzel,Organization
289832,ken barnard for judge,Organization
289833,friends of robyn mccoy,Organization
289834,committee to elect larry jackson,Organization
289835,committee to elect debra warren,Organization
289837,friends of rob kull,Organization
289839,committee to elect danielle c. hall,Organization
289840,friends of joey andrews iv,Organization
289841,tim kelly for state senate,Organization
289843,friends of jon horford,Organization
289848,cte alicia st germaine,Organization
289850,friends of penelope tsernoglou,Organization
289851,iron workers local 25,Organization
289853,veronica klinefelt for state senate,Organization
289854,committee to elect dawn weier circui,Organization
289856,christian velasquez for state senate,Organization
289857,committee to elect austin kreutz,Organization
289859,committee to elect brandon davis,Organization
289860,committee to elect  dale biniecki,Organization
289861,committee to elect gary gerson,Organization
289862,committe to elect diane schindlbeck,Organization
289866,committee to elect paul pirrone,Organization
289868,tricia dare for oakland county circu,Organization
289870,denise mentzer for state representat,Organization
289871,sandy kiesel for state rep,Organization
289876,torchio feaster for judge,Organization
289877,michael bosnic for judge,Organization
289878,elect padma kuppa,Organization
289880,committee to elect kristen mcdonald,Organization
289881,friends of kelsey heck wood,Organization
289883,friends of emily dievendorf,Organization
289885,cte brenda richard district court,Organization
289886,citizens for joe marino,Organization
289887,friends of troy rolling,Organization
289889,renewal republican pac,Organization
289893,emily bauman for michigan,Organization
289894,aisha m farooqi for state representa,Organization
289895,committee to elect allen wilson for,Organization
289897,committee to elect janey lamar for c,Organization
289898,committee to elect katie kniss,Organization
289899,jason hoskins for state representati,Organization
289900,vote sue shink,Organization
289905,committee to elect jack richert,Organization
289909,committee to elect maurice imhoff,Organization
289910,friends of lisa werner,Organization
289911,friends of neil oza,Organization
289912,aaron r gardner for state senate,Organization
289913,friends of jamie thompson,Organization
289915,norm shinkle for state representativ,Organization
289916,friends of matthew bierlein,Organization
289917,cte samraa luqman,Organization
289922,cte joseph aragona,Organization
289923,friends of eddie jenkins,Organization
289927,steven chisholm for state representa,Organization
289929,friends of joe bellino,Organization
289930,jason negri for state representative,Organization
289931,committee to elect will bruck,Organization
289933,committee to elect brittany dicken f,Organization
289939,solidarity for jimmie wilson jr,Organization
289941,friends of jenifer almassy,Organization
289943,committee to elect lynn afendoulis,Organization
289945,friends of nicole breadon,Organization
289948,committee to elect cynthia muszynski,Organization
291305,leadingage michigan pac,Organization
291315,masa pac,Organization
291335,perry johnson for governor,Organization
291337,turn around wayne county (superpac),Organization
291338,get michigan working again (superpac,Organization
291339,angelique camfield for circuit court,Organization
291342,committee to elect maura battersby m,Organization
291368,committee to elect dewaun e robinson,Organization
291374,pat miles for attorney general,Organization
291376,william hindle for senate,Organization
291381,michael warren for justice,Organization
291382,committee to elect jamie murray,Organization
291384,friends of david lagrand,Organization
291387,friends of cheri hardmon,Organization
291389,committee to keep renee knake jeffer,Organization
291390,richard bernstein for justice,Organization
291391,keep kyra harris bolden for justice,Organization
291395,brian zahra for justice,Organization
291400,elect amanda siggins,Organization
291425,friends of glen miller,Organization
291462,committee to elect dale w zorn for,Organization
291463,committee to elect ricardo white,Organization
291475,committee to elect curt vanderwall,Organization
291483,committee to elect jasper martus,Organization
291487,committee to elect wendy jo watters,Organization
291488,friends of michelle friedman appel,Organization
291496,the team and toinu reeves,Organization
291505,cam cavitt for state representative,Organization
291521,friends of bob howey,Organization
291530,richard lopez for hd108,Organization
291532,committee to elect kaleb hudson,Organization
291546,paul hudson for justice,Organization
291550,committee to elect charise anderson,Organization
291581,kelly ann ramsey for judge 2022,Organization
291583,candicepac,Organization
291590,western wayne business owners pac,Organization
291591,chang future fund,Organization
291592,michigan mises pac,Organization
291604,constellation energy corporation emp,Organization
291611,comm for local empowerment superpac,Organization
291614,keith jones for mi house,Organization
291616,committee to re-elect victoria i sha,Organization
291632,avery d rose for probate judge,Organization
291634,committee to elect andy griffin,Organization
291635,morgan cole for 30th circuit court j,Organization
291637,committee to protect voters rights,Organization
291638,committee to elect todd m morgan to,Organization
291643,committee to elect penny crider,Organization
291646,committee to elect ken crider,Organization
291651,dennis denno for trustee,Organization
291656,penelope tsernoglou leadership fund,Organization
291658,ingham county democratic executive c,Organization
291659,amanda j shelton for oakland county,Organization
292953,jason woolford for state representat,Organization
292954,voters action committee (superpac),Organization
292956,michigan families united (superpac),Organization
292957,take back the michigan senate fund,Organization
292987,michigan majority,Organization
292988,make liberty win superpac,Organization
292992,committee to elect greg black,Organization
292994,branch county democratic executive c,Organization
293001,committee to elect harry sawicki,Organization
293006,true boards,Organization
293008,committee to elect julie jensen for,Organization
293010,the committee to elect mary a beebe,Organization
293011,friends of sarah may seward,Organization
293015,families who care,Organization
293017,committee to elect gregory stempfle,Organization
293019,committee to retain judge namita sha,Organization
293021,the committee to elect lakena crespo,Organization
293029,committee to elect mark t foster,Organization
293030,committee to retain judge mark slave,Organization
293035,committee to reelect suzanne faunce,Organization
293042,republican party of macomb county,Organization
293045,committee to elect regina triplett,Organization
293047,committee to elect robert borer,Organization
293048,john dahlgren for state representati,Organization
293057,citizens to elect mike aiello for st,Organization
293072,committee to elect craig pappin,Organization
293074,greater than,Organization
293083,committee to retain judge sima patel,Organization
293088,committee to reelect cynthia lane ju,Organization
293089,committee to elect tenisha renee yan,Organization
293091,committee to retain judge teri lynn,Organization
293108,chris wickman for judge,Organization
293112,friends of albert mansour,Organization
293115,committee to elect anne marie mccart,Organization
293124,friends to elect steven m. hyder fir,Organization
293129,friends of jerry neyer,Organization
293136,community to elect houston james,Organization
293140,linda clor for state rep,Organization
293145,paul kraus for circuit court judge,Organization
293146,no more time for career politicians,Organization
293147,cte julie oneill for judge,Organization
293160,cte adam sabree,Organization
293167,protect life committee supporting wo,Organization
293175,cte lisa dekryger,Organization
293180,committee to elect robert d crosby j,Organization
293181,committee to retain judge robert gae,Organization
293183,friends of donni steele,Organization
294311,kent county democratic party,Organization
294317,tim golding for state senate,Organization
294326,judge michael warren for court of ap,Organization
294337,committee to elect ryan john tetloff,Organization
294338,committee to elect steven r fox jud,Organization
294342,magellan health pac,Organization
294348,tamara d carlone for state board of,Organization
294350,supportersformoniqueowensforsenate,Organization
294354,elect toni mua,Organization
294373,citizens to elect patricia susan fre,Organization
294377,mi speech language hearing msha pac,Organization
294385,we the parents,Organization
294395,the people action fund mi,Organization
294428,committee to elect nicholas christen,Organization
294436,michael j mcclory for probate judge,Organization
294482,friends of brian jackson,Organization
294499,matthew dawson for michigan,Organization
294502,progressive democratic womens caucus,Organization
294503,carrie a rheingans for state represe,Organization
294512,guard our children (superpac),Organization
294516,michigan democratic party senior cau,Organization
294521,somos pac - mi (super pac),Organization
294547,committee to elect velma jean overma,Organization
294548,cte lana maria escamilla,Organization
294550,committee to elect myles w miller fo,Organization
294552,genesee county republican party,Organization
294554,committee to elect aliyah sabree,Organization
294555,committee to elect kelly l. noland 2,Organization
294556,friends of annie brown,Organization
294557,mellissa carone for state senate,Organization
294558,the committee to elect jeffrey lockw,Organization
294559,committee to elect veronica paiz,Organization
294560,committee to elect chastity youngblo,Organization
296778,friends of heather cerone,Organization
296797,friends to elect steve meckley,Organization
298555,committee to elect vicki barnett to,Organization
301958,committee to elect virgie ammerman,Organization
301964,committee to reelect marilyn kelly,Organization
303970,stuart collis for judge,Organization
303977,friends of mitchell robinson,Organization
303979,committee to elect michael behm rege,Organization
323853,michigan manufacturers association i,Organization
323861,michael balow for msu trustee,Organization
323863,committee to elect mary cavanagh,Organization
323864,rick wendorf will win msu in 22,Organization
323873,lena epstein for michigan regent,Organization
325874,committee to elect rafael wolf,Organization
325878,committee to elect mary buzuma,Organization
325880,citizens to elect monica s. galloway,Organization
325881,cte pamela pugh,Organization
325894,committee to elect earl lackie for m,Organization
326901,committee to elect robert womack,Organization
326903,committee to elect kurt damrow,Organization
326906,friends of todd avery,Organization
326910,michigan fraternal order of police,Organization
331015,employees of dupont pac dupont de,Organization
331016,policy over party (superpac),Organization
331017,senior living advisory group,Organization
331024,international association of fire fi,Organization
331025,concerned citizens committee (super,Organization
331032,michigan society of hematology and o,Organization
331957,birmingham-bloomfield area democrati,Organization
331961,farbman group pac,Organization
331969,michigan good guys,Organization
342560,michigan for freedom (superpac),Organization
345432,emgage michigan pac (superpac),Organization
346495,3m company pac,Organization
348247,michigan oil and gas association pac,Organization
348250,genesee future fund,Organization
348263,michigan chamber pac iii (superpac),Organization
359074,capa21,Organization
359075,rebekah warren envision michigan pac,Organization
359077,the six pac,Organization
360159,wfp national pac non contribution ac,Organization
360164,walled lake citizens for parental ri,Organization
360170,planned parenthood action fund inc p,Organization
360171,planned parenthood votes (superpac),Organization
360175,eastside republican club pac,Organization
361422,committee to elect naomi ludman,Organization
363504,the ashley capital pac,Organization
363515,coalition opposing proposal 3,Organization
364742,michigan sierra club independent act,Organization
364747,honigman pac,Organization
366543,school administrators political acti,Organization
367746,united deer farmers of michigan deer,Organization
367747,committee to elect shirley stancato,Organization
371420,the presidential coalition - michiga,Organization
371421,old national bank pac,Organization
371423,human rights campaign pac,Organization
372431,committee to elect wendy webster jac,Organization
372433,fight back fund,Organization
381629,microsoft corporation stakeholders v,Organization
381630,motorola solutions inc political act,Organization
381636,wells fargo and company employee pac,Organization
381637,michigan auto law auto accident at,Organization
381646,fund for democratic women,Organization
381648,committee to elect ron hawkins 2022,Organization
381653,libertarian party of mi exec comm in,Organization
381659,michiganworks (superpac),Organization
381660,miooh fund,Organization
381665,chris martin for east lansing judge,Organization
381671,citizens for positive progress,Organization
381672,public wise pac,Organization
381676,jason morgan majority fund,Organization
381679,working america mi (superpac),Organization
381680,3rd congressional democratic comm,Organization
383453,mi education defense,Organization
383461,macomb businesses united,Organization
383467,koch inc political action committee,Organization
383479,lindsey impact fund,Organization
383487,hntb holdings ltd political action c,Organization
383489,fund for michigans future,Organization
383496,wm good government superpac,Organization
385169,aecom pac,Organization
385180,borton leadership,Organization
385208,wont back down pac (superpac),Organization
385210,asphalt pavement association of mi p,Organization
386386,harris leadership fund,Organization
387847,national association of chain drug s,Organization
387850,bank of america corporation state an,Organization
387851,small business for a better michigan,Organization
387853,gina majority fund,Organization
387855,michigan pray,Organization
391389,safe accessible fair elections michi,Organization
391396,committee to elect ron l. haywood,Organization
402526,capitol affairs pac,Organization
402528,namic pac,Organization
402536,daga michigan people's lawyer projec,Organization
402537,tech for campaigns (super pac),Organization
403200,pac 9 gop,Organization
403201,dga victory fund,Organization
405230,philpac,Organization
405231,mcdonald hopkins llc pac,Organization
405232,traverseconnect pac,Organization
406818,vision for victory,Organization
406821,sap america inc pac,Organization
406822,lakeshore leaders fund,Organization
416371,templar baker group pac,Organization
416372,hate wont win pac,Organization
416376,american fed of state county and mun,Organization
416377,protect the people pac (superpac),Organization
417477,amos oneal leadership pac,Organization
417478,will snyder majority fund,Organization
417484,citizens for energy sovereignty,Organization
418510,movement voter pac mi,Organization
419787,mi dental hygienists pac mdh pac,Organization
419788,friends of matt hall pac,Organization
424010,central michigan conservative leader,Organization
424012,clean wave (superpac),Organization
424965,womens political committee,Organization
426056,mi leaders of tomorrow,Organization
426058,12th congressional district democrat,Organization
426060,jane fonda climate pac,Organization
426061,the lincoln project (super pac),Organization
426063,moveon.org political action,Organization
427982,mission first people always pac,Organization
427984,citizens advancing student education,Organization
427986,sister district project,Organization
427991,integrity first macomb (superpac),Organization
427995,warner norcross and judd pac wnj pac,Organization
427998,deldin law pac,Organization
428001,star pac,Organization
429536,colorofchange pac (superpac),Organization
433473,state democracy defenders pac,Organization
433475,michigan peoples campaign independen,Organization
442484,save michigan pac (superpac),Organization
456515,blackpac michigan (superpac),Organization
470830,nextgen climate action committee (su,Organization
509265,run for something michigan,Organization
509266,humane society legislative fund (sup,Organization
510767,lgbtq victory fund federal pac,Organization
510771,michigan leadership committee pac (s,Organization
514402,gun rights america (superpac),Organization
514403,los angeles womens giving collective,Organization
514404,impact fund,Organization
514406,women vote michigan (superpac),Organization
516385,michael lynn haueisen,Organization
521884,michiganders for freedom,Organization
521885,american principles project pac (sup,Organization
521896,michigan agri business association,Organization
548988,committee to elect jessie scott wood,Organization
550893,committee to elect craig wilsher for,Organization
550894,scott barlow for michigan,Organization
550899,team paul taros,Organization
550909,erin byrnes for state representative,Organization
550911,newaygo county democratic comm,Organization
550917,committee to elect nate bailey,Organization
550919,nuestro pac - mi (superpac),Organization
552851,isabella county democratic party,Organization
552852,josh hilgart for judge,Organization
552853,make democracy work,Organization
552875,committee to elect kiefer joseph cox,Organization
557070,hillsdale county republican party,Organization
560794,friends of lisa babcock,Organization
562766,clare county democratic committee,Organization
562783,jackson county democratic executive,Organization
562788,defend your vote,Organization
566512,committee for robert noble dist 8,Organization
568586,friends of christine gerace,Organization
572737,committee to elect george lucas,Organization
574557,parker fairbairn for state represent,Organization
578315,friends to elect danielle atkinson,Organization
608375,kelly sackett for state rep,Organization
608377,protect mi voter id,Organization
617732,mason county democratic party,Organization
636999,committee to elect judge kristen sim,Organization
637000,somos votantes - michigan,Organization
638859,defend freedom,Organization
638863,cte donavan mckinney for state rep,Organization
698448,tina bednarski-lynch for state repre,Organization
711610,friends of stephanie fakih,Organization
828904,committee to elect kimberly kennedy,Organization
828920,hands off our kids,Organization
830655,unborn equity and voting integrity,Organization
833901,ivote ie mi pac (super pac),Organization
833904,committee to elect paul whitney,Organization
835619,national rifle association political,Organization
835631,lapeer proposals,Organization
835645,residents for a better wayne county,Organization
835649,committee to retain alan curtis as p,Organization
835653,committee to elect cyndi s peltonen,Organization
835656,philip cavanagh for 3rd circuit judg,Organization
837889,the committee to retain tony flores,Organization
841741,christa murphy for wsu,Organization
951634,cozen oconnor pac,Organization
951641,stronger fairer forward mi pac,Organization
956004,democratic messaging project,Organization
956014,triston cole for state senate,Organization
956016,rob gjonaj donovic for rep,Organization
956021,republican accountability pac (super,Organization
956033,ultraviolet pac - mi (super pac),Organization
977380,beau lafave for state representative,Organization
977387,committee to protect health care - m,Organization
977389,ionia county republican party,Organization
977392,citizens for a better government,Organization
977393,commitee to elect jacob skarbek for,Organization
979782,friends of salim al shatel,Organization
979789,susan b. anthony candidate fund,Organization
979803,jordan acker for regent,Organization
979809,com reelct judge sheila ann gibson,Organization
979812,crh americas inc pac,Organization
983990,committee to elect charles shelton,Organization
983994,committee to elect jessie couch,Organization
984000,rffw ballot question committee,Organization
987767,westland police lts and sgts associa,Organization
987768,laborers local 1191 construction wor,Organization
987777,grosse pointe education 1st (superpa,Organization
987779,conlin for michigan,Organization
989006,committee to elect kristian grant,Organization
990219,otsego county democratic party,Organization
990231,sharifa kerene moore for court of ap,Organization
992074,cascade leadership fund,Organization
993172,get smit done leadership fund,Organization
994585,antrim county republican party,Organization
995583,roger victory for state house,Organization
995588,committee to elect adrienne g. scrug,Organization
995590,young for michigan pac,Organization
996424,5th district republican committee,Organization
997556,take it back superpac,Organization
997557,chippewa county republican committee,Organization
997559,oakland educators pac,Organization
1002303,committee to elect jared polonowski,Organization
1002304,jolene clearwater for allegan county,Organization
1002307,karl bohnak 4 state rep,Organization
1003998,6th congressional district republica,Organization
1004002,flagstar bank federal pac,Organization
1004003,friends of andrea rutkowski,Organization
1004013,friends of mai xiong,Organization
1005895,friends of layla taha,Organization
1005896,peter herzberg for state rep,Organization
1005897,alpena county republican party,Organization
1005901,josh powell for michigan,Organization
1005920,the peoples pac,Organization
1007736,ogemaw county republican committee,Organization
1007740,michigan smart td pac,Organization
1007742,citizens for the michigan animal abu,Organization
1007744,denise ilitch for u of m regent,Organization
1009443,apartment association of michigan po,Organization
1009455,stacey truesdell for probate judge,Organization
1009456,great lakes physicians organization,Organization
1010895,michigan 9th congressional district,Organization
1012334,purpose financial inc. pac,Organization
1012340,always moving forward pac,Organization
1012345,tricia dare for circuit judge,Organization
1013750,republican caucus of saginaw county,Organization
1013758,nancy deboer leadership fund,Organization
1015996,6th congressional district democrats,Organization
1020746,freedom to learn pac,Organization
1020754,citizens to save our public safety a,Organization
1020758,dana nessel leadership fund,Organization
1025441,david e rutledge election committee,Organization
1025443,farhat for michigan pac,Organization
1025444,go far pac,Organization
1025446,kunse majority fund,Organization
1030257,reggie miller for michigan,Organization
1030266,seiu local 1 michigan political educ,Organization
1059422,michigan health access alliance,Organization
1059433,friends of judge andrew kowalkowski,Organization
1059441,greene majority motivated fund,Organization
1059443,dillon leadership fund,Organization
1059451,south lyon area republicans,Organization
1059454,ivan diaz for michigan,Organization
1062104,mcfall leadership fund,Organization
1062105,michigan common sense party,Organization
1062115,the travelers companies inc. politic,Organization
1062117,michigans electric cooperatives pac,Organization
1062119,tom matthew for state rep,Organization
1062121,doug corwin jr. for probate judge,Organization
1062126,begole leadership fund,Organization
1062140,jean zott for michigan,Organization
1062143,migop 3rd congressional district,Organization
1063100,barry county democratic committee,Organization
1063105,van buren county democratic committe,Organization
1063113,committee to elect anthony r. servit,Organization
1064497,lisa neilson for court of appeals,Organization
1064503,libertarian party of genesee county,Organization
1065805,mi creditors bar association pac,Organization
1065812,citizens for michigan,Organization
1069326,lansing future pac (superpac),Organization
1069327,committee to elect jeffrey clothier,Organization
1069330,10th congressional district of the m,Organization
1084165,mackinac couty republican committee,Organization
1084168,american clean power association cle,Organization
1086577,washtenaw citizens for accountabilit,Organization
1086579,cte adam stathakis,Organization
1086582,kevin coleman future leaders fund,Organization
1088375,newaygo county grassroots pac,Organization
1088380,mi forward fund,Organization
1088388,michigan republican assembly,Organization
1088389,keep judge matt antkoviak circuit ju,Organization
1088401,nationwide mutual insurance company,Organization
1088402,axmitax,Organization
1088403,save our guns,Organization
1088408,second district republican committee,Organization
1088414,bierlein majority fund,Organization
1088416,america first hillsdale republicans,Organization
1088418,rigas leadership fund,Organization
1088419,michigan conservative,Organization
1088421,friends of jamie callahan,Organization
1089384,anthony pac,Organization
1089392,alexander for majority,Organization
1089396,adam stockford for michigan,Organization
1090606,bay area majority fund,Organization
1090610,todd smalenberg for state rep,Organization
1091746,securing michigans future,Organization
1093238,grant leadership fund,Organization
1093243,bouchard victory fund,Organization
1099727,committee to elect angela cole proba,Organization
1099728,trevis harrold for michigan,Organization
1106201,tyson foods inc political action com,Organization
1107963,michigan legacy pac,Organization
1107968,friske leadership fund,Organization
1107977,andrew fink for michigan supreme cou,Organization
1107978,trust the truth (superpac),Organization
1107979,committee to elect steve frisbie for,Organization
1109554,webber majority fund,Organization
1109556,thompson leadership fund,Organization
1109567,stand tall pac,Organization
1114219,allegan families first,Organization
1114220,friends of sunny reddy,Organization
1114230,joe aragona for majority,Organization
1114231,enduring majority fund,Organization
1117354,friends of don keskey,Organization
1117359,dayna for michigan,Organization
1117363,schuette majority fund,Organization
1117367,committee to elect kimberly edwards,Organization
1117368,committee to elect adam abusalah,Organization
1117379,nesbitt for michigan,Organization
1117387,moving canton forward together,Organization
1120313,committee to elect lisa trombley,Organization
1120320,michigan cooperative unity partnersh,Organization
1120325,8th congressional district republica,Organization
1130069,friends of shannon rochon,Organization
1130073,red pilled,Organization
1131494,committee to elect melandie hines fo,Organization
1131497,michigan justice advocacy bqc,Organization
1131500,land of opportunity pac,Organization
1131501,13th congressional gop,Organization
1133053,citizens for local choice,Organization
1133059,michigan crna pac,Organization
1135933,macomb community college faculty org,Organization
1137034,fitzgerald for michigan pac,Organization
1138971,jeremy garza leadership pac,Organization
1140383,we the people power pac,Organization
1140392,michigan action political fund,Organization
1140395,michigan cemetery association pac,Organization
1140403,holcim us employees michigan pac,Organization
1141510,american hotel and lodging associati,Organization
1146653,concerned citizens 24,Organization
1148464,justice for allegan county,Organization
1153536,citizens for a better west michigan,Organization
1155064,mi soy pac,Organization
1155070,andrews majority political action co,Organization
1156489,friends for democracy,Organization
1163868,river raisin conservatives,Organization
1163871,northern lights leadership fund,Organization
1163876,the big local pac,Organization
1165874,republic svcs inc employees for bett,Organization
1193555,republican ladies leading lansing,Organization
1196068,carrie rheingans cares about michiga,Organization
1201155,northern michigan leadership pac,Organization
1204031,lenawee county conservatives,Organization
1220477,smalltown values pac,Organization
1224061,basf corporation employees political,Organization
1234868,every job is essential pac (superpac,Organization
1234871,central michigan community fund,Organization
1234880,mi corn growers assocation pac,Organization
1239193,sustainable michigan leadership,Organization
1239199,michigan majority leadership fund pa,Organization
1245343,western wayne county pac,Organization
1248420,mcbroom for michigan,Organization
1248424,developing michigan,Organization
1268174,the first ask,Organization
1268178,michael baker international holdco c,Organization
1276064,red white and blue pac,Organization
1278723,livonia democratic club state local,Organization
1278729,glbr for effective government,Organization
1278730,faith family and freedom fund,Organization
1279552,snyder for michigan,Organization
1281110,northville leadership fund,Organization
1281111,midwest independent retailers associ,Organization
1289968,concerned parents coalition of michi,Organization
1289969,maga michigan pac,Organization
1289970,noahs arc majority fund,Organization
1291884,black leadership action fund,Organization
1293560,vote novi,Organization
1293564,committee to elect brandon sinclair,Organization
1293567,common power,Organization
1296911,road sprinkler fitters local union n,Organization
1296912,action changes things political acti,Organization
1296921,white lake area futures,Organization
1298229,cowley for michigan,Organization
1298235,chris jackson for michigan,Organization
1299407,committee to elect matthew castillo,Organization
1299422,lipson neilson pac,Organization
1300375,committee to elect kevin m kane for,Organization
1300380,committee to elect ryan maxon,Organization
1300381,committee to elect russell cleary,Organization
1304723,committee to elect randy girard,Organization
1304732,committee to elect william paul slou,Organization
1306985,john larkin for 3rd circuit judge,Organization
1306995,committee to elect tim meyer,Organization
1312219,sharifa kerene moore for judge,Organization
1313745,jinan hamood for judge,Organization
1315466,committee to elect marcia mansaray,Organization
1315474,committee to elect jeb allen for cir,Organization
1315475,jennifer parmalee for probate judge,Organization
1316859,committee to elect dianne marie long,Organization
1318243,committee to elect eric r. fox,Organization
1318245,cte frank perez,Organization
1320206,tom mcmillin for state board of educ,Organization
1321292,rslc pac (superpac),Organization
1321296,friends of danene shumaker,Organization
1321301,committee to elect ken heuvelman,Organization
1321302,vote crystal bailey,Organization
1324845,jeff gorman 4 no regrets,Organization
1326328,committee to elect charles john ante,Organization
1326329,aaron pac,Organization
1329296,committee to elect kevin hammer,Organization
1329303,jonathan j. paasch for 63rd district,Organization
1329305,alex hawkins for michigan,Organization
1329308,committee to elect austin breuer,Organization
1331415,cte richard m. steenland,Organization
1333175,committee to elect daniel ohara,Organization
1335901,committee to elect amanda odette,Organization
1335907,friends of kathy g. pelleran-mahoney,Organization
1335915,committee to elect robert p. coutts,Organization
1335916,graphic communications council distr,Organization
1337826,liberati for michigan,Organization
1343832,committee to elect john grossenbache,Organization
1346701,our land our rights,Organization
1346702,committee to retain judge catherine,Organization
1346705,friends to elect tracy ruell,Organization
1346708,creek pac,Organization
1346714,shelly fraley for mi60,Organization
1346715,commitee to elect rich cutshaw,Organization
1348455,restore michigan,Organization
1348457,committee to elect k.c. baran,Organization
1348458,genentech inc. political action comm,Organization
1348460,klinefelt for michigan,Organization
1348462,amante for michigan,Organization
1348468,committee to elect charissa huang fo,Organization
1348472,midwives delivering for mi,Organization
1351299,friends of kevin ziegler for state r,Organization
1354333,committee to elect anna r. rapa,Organization
1354337,cte tawn beliger,Organization
1354342,friends of stephanie chang,Organization
1354352,committee to elect lois maassen,Organization
1354356,solidarity for michigan,Organization
1354359,rslc - great lakes pac,Organization
1355055,conservative voices,Organization
1355057,cte benjamin a. schock for probate c,Organization
1356114,prestin majority fund,Organization
1356119,maxim healthcare services inc michig,Organization
1357473,horsepower pac,Organization
1357490,friends of the west michigan gop pac,Organization
1359445,committee to elect kevin hesselink o,Organization
1359454,west michigan strong superpac,Organization
1359455,better michigan superpac,Organization
1359467,committee to elect julie derose,Organization
1359469,committee to elect jim fouts,Organization
1359471,don hicks for state representative,Organization
1359475,matthew mckone for district judge,Organization
1402328,red pilled michigan pac,Organization
1402329,woolford victory fund,Organization
1404249,michigan college democrats pac,Organization
1404250,tamara lopez for kent county probate,Organization
1404251,erin schultes for state rep,Organization
1404252,alice bernal for circuit court judge,Organization
1404261,mary for michigan,Organization
1409133,jane fonda climate pac michigan,Organization
1410117,friends of abby wheeler,Organization
1411005,greater michigan pac,Organization
1412574,donald t eason for state rep,Organization
1412578,progressive courts pac,Organization
1415186,tim kelly for state representative,Organization
1415191,committee to elect matthew j. wojda,Organization
1415195,environmental defense action fund pa,Organization
1417055,michigan association of collection a,Organization
1417056,friends of morgan foreman,Organization
1417057,committee to elect emily jipp for ci,Organization
1417058,jason dillingham for state represent,Organization
1417060,committe to reelect james p lambros,Organization
1438582,committee to elect christian marcus,Organization
1443363,maria ruggirello for 35th district j,Organization
1449814,alexandria taylor for michigan,Organization
1452313,commitee to elect todd l. barron,Organization
1452317,friends of sabrina lopez,Organization
1457212,committee to elect kerry tapper,Organization
1493573,duggan leadership fund,Organization
1495169,lucido for a brighter tomorrow pac,Organization
1495172,committee to elect kimberly gildner,Organization
1495182,climate cabinet pac - michigan,Organization
1497053,committee to elect mariko willis,Organization
1497062,pointers for academic excellence (su,Organization
1498885,marcus t. chmiel for 63rd district c,Organization
1498886,vote save america,Organization
1498890,committee to elect abby klomparens,Organization
1498892,resolute republic superpac,Organization
1503070,make liberty win (superpac),Organization
1507554,abbvie political action committee,Organization
1549782,friends to elect tom konesky,Organization
1549786,committee to elect rudy m howard jr,Organization
1551369,committee to elect andy wood,Organization
1551370,josh rockey for state rep,Organization
1551374,committee to elect tyler fox,Organization
1551375,committee to elect elias j fanous,Organization
1551376,committee to elect kelly ward for pr,Organization
1551377,nicholas gumina for judge,Organization
1551378,nancy chinonis for circuit judge,Organization
1551385,committee to elect griffin wojtowicz,Organization
1553490,committee to elect julia kelly for j,Organization
1553491,committee to elect kim s. corcoran,Organization
1553492,committee to elect jennifer johnsen,Organization
1553493,vote mama,Organization
1553497,ryan leo good,Organization
1553504,michelle ambrozaitis for judge,Organization
1553506,friends of nancy jenkins-arno,Organization
1553508,committee to elect david m. glancy,Organization
1553510,friends of kyle wright,Organization
1555398,christine morse for 9th circuit cour,Organization
1555402,david m. delaney,Organization
1555403,committee to elect timothy odykirk,Organization
1557310,rima mohammad for state representati,Organization
1557312,committee to elect aaron j. hall,Organization
1559234,the committee to elect jon leroux,Organization
1559235,daniel mercier for judge,Organization
1559237,cody dill for state representative,Organization
1559239,committee to elect peter kulas-domin,Organization
1559240,elizabeth peterson for circuit court,Organization
1559241,families for jason rubin,Organization
1562588,committee to elect doug murch,Organization
1562590,christopher crain for state represen,Organization
1564329,friends of hermon barbe for michigan,Organization
1564334,friends of tommy brann,Organization
1564336,citizens for chip chipman,Organization
1566113,committee to elect joe pavlov,Organization
1566119,committee to elect janise oneil robi,Organization
1567478,brian ignatowski for state represent,Organization
1567481,committee to elect teresa patton,Organization
1567483,randy j. wallace for court of appeal,Organization
1567484,i like clean water,Organization
1569272,committee to elect alexander w. harr,Organization
1569273,committee to elect matt longjohn,Organization
1569279,jennifer wortz committee to elect fo,Organization
1573084,matthew delange for judge,Organization
1573087,friends of randy levasseur,Organization
1573089,committee to elect jevona fudge,Organization
1573090,committee to elect chaz fowler,Organization
1573100,the committee to elect kendrah robin,Organization
1573102,friends of stephen wooden,Organization
1573103,committee to elect daniel mahoney,Organization
1575219,saima rehman khalil for judge,Organization
1575220,friends of rylee linting,Organization
1575223,nicole s. huddleston for oakland cou,Organization
1577163,austin marsman for michigan,Organization
1577164,andy shaver for michigan,Organization
1577165,committee to elect nicole castka,Organization
1577169,michelle woodman,Organization
1577171,friends of tonya myers phillips,Organization
1577174,committee to elect ron robinson,Organization
1577175,committee to elect michael malmborg,Organization
1577177,friends of kristina lyke,Organization
1577182,the committee to elect james l. gilb,Organization
1579010,maria mendoza-boc for michigan,Organization
1579019,committee to elect moneka sanford fo,Organization
1579025,cte dom restuccia,Organization
1579029,friends of chris gilmer-hill,Organization
1581394,progressive caucus of mid michigan,Organization
1581397,adrienne nicole young for judge,Organization
1581399,evergreen action,Organization
1581403,youngquist for michigan,Organization
1581409,committee to elect herman griffin,Organization
1581410,cte jorja baldwin,Organization
1583164,rasha demashkieh for wsu,Organization
1583165,committee to elect dan kelly,Organization
1583166,comm to elect nicolette m snyder,Organization
1583169,matthew deperno for judge,Organization
1583170,rebecca bahar-cook for msu trustee,Organization
1586886,judge mark boonstra for michigan sup,Organization
1586887,judge patrick william ogrady for mic,Organization
1589014,shauna ryder diggs for university of,Organization
1589017,julue maday for msu,Organization
1589029,cte ziad abdulmalik,Organization
1591120,anissa buffin state house rep. d67,Organization
1591138,grand new party pac,Organization
1599454,citizens to elect cady ness-smith,Organization
1601127,kalamazoo county democratic party,Organization
1601136,friends of matt schlinker,Organization
1606420,committee to elect christiana reynol,Organization
1613439,angela jones committee to elect,Organization
1613442,committee to elect bill sage for sta,Organization
1615468,mark gaffney for wayne state univers,Organization
1615471,friends of theodore jones,Organization
1617425,adam f zemke for michigan,Organization
1618816,ne mi league of conservative educati,Organization
1618819,sami makhoul for wayne state univers,Organization
1622060,carl meyers for university of michig,Organization
1626062,committee to elect catherine sala,Organization
1626064,american energy action fund,Organization
1626068,american arab and muslim political a,Organization
1626070,committee to elect eric shepherd jud,Organization
1627555,dearborn police officers political a,Organization
1627569,cte william burton,Organization
1630834,glaxosmithkline llc pac (gsk pac),Organization
1634203,tuebor pac,Organization
1635001,latoya m. willis for court of appeal,Organization
1637877,democratic election fund,Organization
1637882,citizens for a better mid-michigan p,Organization
1643854,end gun violence michigan action ind,Organization
1643855,osceola county democratic party,Organization
1648322,keep livingston great superpac,Organization
1648324,keep livingston great,Organization
1648327,quest diagnostics incorporated pac o,Organization
1661585,partnership for responsible governme,Organization
1661587,sunrise alliance for equity,Organization
1661595,citizens against lawsuit abuse actio,Organization
1665489,automotive recyclers of michigan pol,Organization
1665504,educated we stand,Organization
1665509,committee to elect michael j. zitta,Organization
1665510,zurich holding company of america in,Organization
1665512,committee to re-elect probate judge,Organization
1667289,roth leadership fund,Organization
1667296,the committee to elect david c. egel,Organization
1667297,shink resilient michigan fund,Organization
1667307,blue water leadership fund,Organization
1671764,committee to reelect judge debra nan,Organization
1671767,jpmorgan chase & co. pac,Organization
1674245,michigan democratic party black cauc,Organization
1674247,matthew ackerman for court of appeal,Organization
1674249,committee to re-elect hon. kathleen,Organization
1674255,committee to elect amy grace gierhar,Organization
1674886,real safety pac,Organization
1676112,karyn tomczyk for 55th judge,Organization
1680023,friends of michael woodyard,Organization
1681245,community solar action fund (fed pac,Organization
1681251,michigan orthotics and prosthetics a,Organization
1683240,corning incorporated employees polit,Organization
1687922,southwest michigan education advocat,Organization
1689144,democracy defenders pac,Organization
1692902,for michigan action fund,Organization
1692903,one michigan alliance fund,Organization
1694740,tamara garwood for judge,Organization
1694744,jeffrey worosz for circuit court jud,Organization
1694754,committee to retain judge laura e. p,Organization
1696934,boss up pac,Organization
1696942,votevets,Organization
1696945,dr michael busuito for wayne state,Organization
1696946,committee to elect thomas stallworth,Organization
1698388,michigan greenhouse growers politica,Organization
1700086,committee to elect derek dalman,Organization
1700098,caresource mission political action,Organization
1700112,demand justice pac,Organization
1703629,odp mi (superpac),Organization
1707211,pushing forward fund,Organization
1707213,westside forward pac,Organization
1707217,committee to elect mike tinney,Organization
1707224,wayne 6th congressional district rep,Organization
1710717,committee to elect patrick sierawski,Organization
1712273,price majority fund,Organization
1712278,robin persiconi for judge,Organization
1714823,the next 50 pac - michigan,Organization
1714828,sanofi-aventis u s inc employees pol,Organization
1717640,rising voices action fund superpac,Organization
1717652,michiganders for the future (superpa,Organization
1723477,macdonell action committee pac,Organization
1723479,ryan deel for 52-3 district court ju,Organization
1734667,shes the future,Organization
1736356,the presidential coalition - mi,Organization
1745555,neyer leadership fund,Organization
1745573,albert mais for 5th district court j,Organization
1749480,robin dillard-russaw for 46th distri,Organization
1749487,join the union,Organization
1749490,private property rights michigan pac,Organization
1749491,committee to keep judge jennifer dee,Organization
1781226,cte steven a heisler,Organization
1781233,cte james jolly for judge,Organization
1794720,committee to elect denis mccarthy,Organization
1802988,vote for equality (superpac),Organization
1802989,friends of jeremy bowie,Organization
1802991,abolish the electoral college,Organization
1805530,the justice project ie pac superpac,Organization
1808726,the justice project,Organization
1808728,conservative battleground fund,Organization
1846415,committee to elect todd e. briggs fo,Organization
1853349,astellas us llc pac,Organization
1855216,mi poder pac (superpac),Organization
1862191,dan obrien for probate judge,Organization
1863941,committee to elect andrea bradley-ba,Organization
1867447,joe barone for judge,Organization
1867449,restore michigans future,Organization
1899508,gopac election fund,Organization
1899522,rslc victory fund,Organization
1922957,a pleasant peninsula pac,Organization
1922959,huwaida arraf for umich regent,Organization
1924847,save our schools pac,Organization
1924859,the juno fund,Organization
1924862,cte traci richards for judge,Organization
1924864,mental health pac,Organization
1924868,committee to elect macie gaines,Organization
1924879,committee to elect vanessa moss to 3,Organization
1944019,democratic voters pac,Organization
1944022,stop maga pac,Organization
1949228,committee to re-elect judge gregory,Organization
1949236,21st century club,Organization
1949247,the committee to elect malaika ramse,Organization
1949253,rebekah warren leadership fund,Organization
1949268,committee to elect ronald singer,Organization
1949880,somos pac (superpac),Organization
1951606,cavanagh leadership fund,Organization
1951640,citizens supporting tory rocca,Organization
1952894,fund for a republican majority,Organization
1952925,referendums of michigan,Organization
1952979,harvest the sun,Organization
1952989,nrg energy inc political action comm,Organization
1952993,citizens for accountable government,Organization
1953044,jonathan blair for circuit court jud,Organization
1953046,friends of emu,Organization
1953052,dana thompson for wayne state,Organization
1953055,frank lambert committee,Organization
1953086,susan longsworth for judge,Organization
1953107,committee to elect charles longstree,Organization
1954387,comm to elect kahlilia yvette davis,Organization
1954465,friends of lisa brayton,Organization
1954494,committee to elect craig r. cooper p,Organization
1954544,committee to elect jeremiah buffalo,Organization
1955959,miller for michigan,Organization
1956014,southwest michigan building trades p,Organization
1956999,douglas  waggener campaign committee,Organization
