,merged_full_name,transactor_type
1667,butzel long pac butzel long political action committee,Organization
1668,retired detroit police/fire assn pac retired detroit police and fire assn pac,Organization
1669,committee to elect gene haymaker committee to elect gene haymaker,Organization
1670,jack coleman for state representativ jack coleman for state representative,Organization
1671,tuscola county republican party tuscola county republican party,Organization
1672,menominee county democratic party menominee county democratic party,Organization
1673,the martin l cousineau committee the martin l cousineau committee,Organization
1674,terence mekoski for senate terence mekoski for senate,Organization
1675,iosco co rep comm iosco county republican committee,Organization
1676,michigan list michigan list,Organization
1677,cte jeff yaroch for state rep cte jeff yaroch for state rep,Organization
1678,allor majority fund allor majority fund,Organization
1679,committee to elect sue allor committee to elect sue allor,Organization
1680,barrett brigade leadership fund pac barrett brigade leadership fund pac,Organization
1681,mecosta county republican party mecosta county republican party,Organization
1682,bill sowerby for state rep bill sowerby for state representative,Organization
1683,frankenmuth pac frankenmuth pac,Organization
1684,mi rural pac mi rural pac,Organization
1685,friends of marie fielder friends of marie fielder,Organization
1686,greater oakland republicans greater oakland republicans,Organization
1687,washtenaw county democratic committe washtenaw county democratic committee,Organization
1688,michigan petroleum association polit michigan petroleum association political action committee,Organization
1689,local union no 58 international brot local union no 58 international brotherhood of electrical workers,Organization
3411,mi chiropractic society pac michigan chiropractic society pac,Organization
3412,committee to retain judge joseph lon committee to retain judge joseph longo,Organization
3413,calhoun county republican committee calhoun county republican committee,Organization
3414,eaton county democratic executive co eaton county democratic executive committee,Organization
3415,kalamazoo county republican committe kalamazoo county republican committee,Organization
3416,michigan democratic party rural cauc michigan democratic party rural caucus,Organization
3417,centene corporation political action centene corporation political action committee,Organization
3418,phil morse phil morse,Organization
3419,presque isle county republican commi presque isle county republican committee,Organization
3420,friends of farmers insurance pac friends of farmers insurance pac,Organization
3421,simon group holdings pac simon group holdings pac,Organization
3422,leelanau county republican committee leelanau county republican committee,Organization
4641,property management assn pmam pac property management assn pmam pac,Organization
4642,antrim county democratic party antrim county democratic party,Organization
4643,michigan propane pac michigan propane political action committee,Organization
4644,moes pac michigan orthodontic education society pac,Organization
4645,grand rapids police officers assoc p grand rapids police officers assoc pac,Organization
4646,plymouth democratic club plymouth democratic club,Organization
4647,garza working for michigan fund garza working for michigan fund,Organization
4648,alex garza for state representative alex garza for state representative,Organization
4649,south lyon area democrats south lyon area democrats,Organization
4650,friends of anthony paesano friends of anthony paesano,Organization
4651,committee to elect mark tisdel committee to elect mark tisdel,Organization
4652,cheboygan county republican committe cheboygan county republican committee,Organization
4653,barnett leadership fund barnett leadership fund,Organization
4654,1st congressional dist rep comm 1st congressional dist rep comm,Organization
4655,dickinson county democratic executiv dickinson county democratic executive committee,Organization
4656,rochester area democratic club pac rochester area democratic club pac,Organization
4657,leelanau county democratic committee leelanau county democratic committee,Organization
4658,detroit police lieutenants and serge detroit police lieutenants and sergeants association comm on political,Organization
5182,ben frederick for state representati ben frederick for state representative,Organization
5183,cheboygan county democratic committe cheboygan county democratic committee,Organization
5184,committee to elect nicholas john hat committee to elect nicholas john hathaway,Organization
5185,committee to elect john c gillis committee to elect john c gillis,Organization
5186,novi democratic club novi democratic club,Organization
5187,michigan family medicine pac board ( michigan family medicine pac board (sponsored by mafp),Organization
5188,huron county democratic committee huron county democratic committee,Organization
5189,lincoln park firefighters pac lincoln park firefighters pac,Organization
5190,michigan association of insurance ag michigan association of insurance agents  agent pac,Organization
5191,mi podiatric medical association mi podiatric medical association political action society,Organization
5192,emmet county democratic committee emmet county democratic committee,Organization
6501,burglar and fire alarm assn bfaampac burglar and fire alarm association of michigan pac,Organization
6502,dearborn heights professional fire f dearborn heights professional fire fighters union pac,Organization
6503,capitol city labor program advocacy capitol city labor program advocacy fund,Organization
6504,clark hill pac clark hill political action comm,Organization
6505,6th district republican committee 6th district republican committee,Organization
6506,marquette county democratic party marquette county democratic party,Organization
6507,friends of incompass michigan friends of incompass michigan,Organization
6508,michigan manufacturers association p michigan manufacturers association political action committee,Organization
6509,wisconsin electric michigan politica wisconsin electric michigan political action committee,Organization
6510,national association of insurance an national association of insurance and financial advisors- michigan pac,Organization
6511,beeler majority fund pac beeler majority fund pac,Organization
6512,committee to elect andrew beeler committee to elect andrew beeler,Organization
6513,local 1602 pac local 1602 pac,Organization
6514,the party politic the party politic,Organization
6515,roscommon county official democratic roscommon county official democratic party,Organization
6517,bay city educators pac bay city educators public affairs council-mi education association,Organization
6518,cte mike harris cte mike harris,Organization
6519,muchmore harrington smalley associat muchmore harrington smalley associates pac,Organization
6520,midland county democratic party midland county democratic party,Organization
6521,dearborn democratic club pac dearborn democratic club pac,Organization
6522,markkanen leadership fund markkanen leadership fund,Organization
6523,ralph rebandt for governor ralph rebandt for governor,Organization
6524,mason county republican committee mason county republican committee,Organization
6525,wexford county republican committee wexford county republican committee,Organization
6526,13th cdrc 13th cdrc,Organization
6527,mi osteopathic pac mopac michigan osteopathic political action committee,Organization
6528,mi milk producers pac michigan milk producers political action committee,Organization
6529,wmg pac wmg pac,Organization
6530,friends of mta friends of mta,Organization
6531,oakland county democratic party oakland county democratic party,Organization
6532,iosco county democratic party iosco county democratic party,Organization
6533,committee to elect laurie pohutsky committee to elect laurie pohutsky,Organization
6534,fems for dems pac fems for dems pac,Organization
6535,gratiot county republican party gratiot county republican party,Organization
6536,fifth third bancorp political action fifth third bancorp political action committee,Organization
7219,dearborn federation of teachers poli dearborn federation of teachers political action fund,Organization
7220,judge ray voet for court of appeals judge ray voet for court of appeals,Organization
7221,cte richard m steenland cte richard m steenland,Organization
7223,eli lilly and company pac eli lilly and company pac,Organization
7224,plumbers & pipefitters local 190 pol plumbers & pipefitters local 190 political action committee,Organization
8743,friends of tom kuhn friends of tom kuhn,Organization
8744,eaton county republican committee eaton county republican committee,Organization
8745,committee to elect diana farrington committee to elect diana farrington,Organization
8746,farrington leadership fund farrington leadership fund,Organization
8747,great lakes timber professionals ass great lakes timber professionals association pac,Organization
8748,michigan automobile dealers politica michigan automobile dealers political action committee,Organization
8749,committee to elect lori stone committee to elect lori stone,Organization
8750,west michigan plumbers fitters and s west michigan plumbers fitters and service trades local union 174 pac,Organization
8751,allegan county democratic party allegan county democratic party,Organization
8752,mi elmntry and mdle schl assc memspa michigan elementary and middle school principals association,Organization
8753,detroit auto dealers pac detroit auto dealers pac,Organization
8754,capitol services pac capitol services pac,Organization
8755,dearborn firefighters political acti dearborn firefighters political action committee,Organization
8756,bricklayers and allied craftworkers bricklayers and allied craftworkers local 2 pac,Organization
8757,michigan physical therapy pac michigan physical therapy pac,Organization
8758,pharmacy pac pharmacy political action council,Organization
8759,committee to elect tullio liberati committee to elect tullio liberati,Organization
8760,washtenaw county republican committe washtenaw county republican committee,Organization
8761,mi community college assn mcca pac michigan community college association political action comm,Organization
8762,equity pac equity pac,Organization
8763,clinton township democratic club sta clinton township democratic club state and local election committee,Organization
8764,michigan association of timberman ti michigan association of timberman timber pac,Organization
8765,phillip joseph for state representat phillip joseph for state representative,Organization
8766,michigan sierra pac michigan sierra pac,Organization
8767,john roth for state rep committee john roth for state rep committee,Organization
8768,the committee to elect tom kunse the committee to elect tom kunse,Organization
8769,shri thanedar for michigan shri thanedar for michigan,Organization
8770,friends of grand valley friends of grand valley,Organization
8771,cms energy corp employees for better cms energy corp employees for better government,Organization
10736,united wholesale mortgage pac united wholesale mortgage pac,Organization
10737,missaukee county republican committe missaukee county republican committee,Organization
10738,damoose leadership fund damoose leadership fund,Organization
10739,genesee democratic party state accou genesee democratic party state account,Organization
10740,detroit fire fighters association po detroit fire fighters association political action fund,Organization
10741,friends of occupational therapy in m friends of occupational therapy in mi mi occupational therapy assoc,Organization
10742,lenawee county republican committee lenawee county republican committee,Organization
10743,international brotherhood of electri international brotherhood of electrical workers local 252 pac fund,Organization
10744,michigan boating industries associat michigan boating industries association pac,Organization
10745,police officers assn of mi poam police officers association of michigan legislative fund,Organization
10746,coam capital campaign fund command officers assoc of mi capital campaign fund,Organization
10747,charlevoix county democratic party charlevoix county democratic party,Organization
10748,pioneer state mutual pac pioneer state mutual pac,Organization
11558,rosemary bayer for senate rosemary bayer for senate,Organization
11559,mi professional firefighters union michigan professional firefighters union political action committee,Organization
11560,bayer for michigan bayer for michigan,Organization
11561,total community options michigan pac total community options michigan pac,Organization
11562,kevin coleman for michigan kevin coleman for michigan,Organization
11563,st clair county democratic committee st clair county democratic committee,Organization
11564,oceana county republican committee oceana county republican committee,Organization
11565,berrien county democratic party berrien county democratic party,Organization
11566,sanilac county republican committee sanilac county republican committee,Organization
11567,waste management employees better go waste management employees better government fund of michigan,Organization
12729,cte rachelle smit for state represen committee to elect rachelle smit for state representative,Organization
12730,sheet metal workers local 80 pac sheet metal workers local 80 political action committee,Organization
12731,grosse pointe democratic club grosse pointe democratic club,Organization
12732,alpena county democratic party alpena county democratic party,Organization
12733,macomb county republican committee macomb county republican committee,Organization
12734,michigan ground water assn pac michigan ground water assn pac,Organization
12735,mi assoc of community bankers of mic mi assoc of community bankers of michigan political action committee,Organization
12736,michigan association of county clerk michigan association of county clerks political action committee,Organization
12737,the mannik and smith group inc michi the mannik and smith group inc michigan pac,Organization
12738,mi business aviation assn mbaa pac michigan business aviation association pac,Organization
12739,michigan infrastructure and transpor michigan infrastructure and transportation assoc pac,Organization
12740,michigan society of anesthesiologist michigan society of anesthesiologists political action committee,Organization
12741,shiawassee county repulican executiv shiawassee county repulican executive committee,Organization
12742,committee to elect roslyn ogburn for committee to elect roslyn ogburn for state representative 3hd,Organization
12743,united association of plumbers and p united association of plumbers and pipefitters local 370 pac,Organization
14852,michigan optometric association pac michigan optometric association political action committee (ssf),Organization
14853,greimel for michigan greimel for michigan,Organization
14854,benzie county republican party benzie county republican party,Organization
14855,friends of timothy h beson friends of timothy h beson,Organization
14856,friends of kathy white friends of kathy white,Organization
14857,cte wendy mazer cte wendy mazer,Organization
14858,wendzel will wendzel will,Organization
14859,lapeer county republican party lapeer county republican party,Organization
14860,michigan corrections organization po michigan corrections organization political action committee,Organization
14861,troopers pac troopers political action committee,Organization
16445,committee to elect samantha stecklof committee to elect samantha steckloff,Organization
16446,michigan society of eye physicians a michigan society of eye physicians and surgeons pac,Organization
16447,upper peninsula plumbers and pipefit upper peninsula plumbers and pipefitters local 111 pac fund,Organization
16448,michigan legislative consultants pac michigan legislative consultants pac,Organization
16449,committee to elect ed mcbroom committee to elect ed mcbroom,Organization
16450,friends of cmu friends of central michigan university,Organization
16451,ford motor company civic action fund ford motor company civic action fund,Organization
16453,mi state afl cio cope contributions michigan state afl cio cope contributions fund,Organization
16454,committee to elect jeremiah keeler committee to elect jeremiah keeler,Organization
16455,teamsters 247 political action commi teamsters 247 political action committee,Organization
16456,yes on national popular vote of mich yes on national popular vote of michigan,Organization
16457,teamsters 332 political action commi teamsters 332 political action committee,Organization
16458,gladwin county democratic party gladwin county democratic party,Organization
16459,united we can michigan (superpac) united we can michigan (superpac),Organization
16460,green and white pac green and white pac,Organization
16461,leadership for democracy fund leadership for democracy fund,Organization
16462,friends of john reilly friends of john reilly,Organization
16463,manistee county democratic committee manistee county democratic committee,Organization
16464,waterford democratic club waterford democratic club,Organization
16465,committee to elect michael webber committee to elect michael webber,Organization
16466,kheder davis associates pac kheder davis associates pac,Organization
16467,jackson county republican committee jackson county republican committee,Organization
16468,michigan health choice alliance michigan health choice alliance,Organization
16469,cte doug wozniak cte doug wozniak,Organization
16470,julie alexander for state rep julie alexander for state representative,Organization
16471,kahle majority fund kahle majority fund,Organization
16472,black slate inc black slate inc,Organization
16473,hauck majority fund hauck majority fund,Organization
16474,annette glenn for michigan annette glenn for michigan,Organization
16475,annette glenn for state senate annette glenn for state senate,Organization
16476,alexander majority fund pac alexander majority fund pac,Organization
16477,emmet county republican committee emmet county republican committee,Organization
16478,michigan credit union league action michigan credit union league action fund,Organization
18185,mi assn cert pub accntns macpa pac michigan association of certified public accountants political action co,Organization
19733,pfizer michigan pac pfizer michigan pac,Organization
19734,chippewa co dem party chippewa county democratic party,Organization
19735,shiawassee county democratic party shiawassee county democratic party,Organization
19736,farm pac (superpac) farm pac (superpac),Organization
19737,michigan chamber political action co michigan chamber political action committee,Organization
19738,benzie county democratic committee benzie county democratic committee,Organization
19739,msuwc pac michigan state utility workers council afl cio pac,Organization
19740,committee to elect yousef rabhi committee to elect yousef rabhi,Organization
19741,liberty and justice for all liberty and justice for all,Organization
19742,american electric power company mi c american electric power company mi comm for responsible government,Organization
19743,clare county republican party clare county republican party,Organization
19744,michigan association of school socia michigan association of school social workers,Organization
19745,ottawa county republican committee ottawa county republican committee,Organization
19746,mortgage bankers association of mich mortgage bankers association of michigan pac,Organization
19747,bradley slagh for michigan bradley slagh for michigan,Organization
19748,sean mccann for state senate sean mccann for state senate,Organization
19749,mccann for michigan mccann for michigan,Organization
19750,logan byrne for state representative logan byrne for state representative,Organization
19751,carter for michigan pac carter for michigan pac,Organization
19752,committee to elect brenda carter committee to elect brenda carter,Organization
19753,michigan manufactured housing rv and michigan manufactured housing rv and campground assn pac,Organization
19754,albert majority fund albert majority fund,Organization
19755,detroit forward together (superpac) detroit forward together (superpac),Organization
19756,isabella county republican committee isabella county republican committee,Organization
19757,comerica inc political action commi comerica inc political action committee,Organization
21573,detroit police officers association detroit police officers association political action committee,Organization
22909,detroit regional chamber political a detroit regional chamber political action committee,Organization
22910,dykema gossett state pac dykema gossett state pac,Organization
22911,j b moss voice of the electorate j b moss voice of the electorate (vote),Organization
24745,m-acre pac michigan action committee for rural electrification,Organization
24746,priority health political action com priority health political action committee,Organization
24747,fair and equal michigan fair and equal michigan,Organization
24748,pipefitters local 636 pac pipefitters local 636 pac,Organization
25902,michigan fire chiefs pac michigan fire chiefs pac,Organization
25903,nabipmi pac nabipmi pac,Organization
25904,michigan farm bureau political actio michigan farm bureau political action committee,Organization
29736,entergy corporation pac entergy corporation political action committee,Organization
29737,uaw michigan voluntary political act uaw michigan voluntary political action committee,Organization
31018,giarmarco mullins and horton pac giarmarco mullins and horton pac,Organization
31019,sheet metal workers local 7 pac sheet metal workers local 7 pac,Organization
31020,family law pac (flspac) family law political action committee,Organization
31021,county road association roads plus county road association roads plus,Organization
31022,friends of wayne state pac friends of wayne state pac,Organization
31023,michigan beer and wine wholesalers s michigan beer and wine wholesalers state pac,Organization
33103,higgins lake property owner associat higgins lake property owner association pac,Organization
33104,teamsters 214 political action commi teamsters 214 political action committee,Organization
33105,mi academy pac michigan academy of nutrition and dietetics pac,Organization
33106,teamsters 243 political action commi teamsters 243 political action committee,Organization
33107,teamsters 283 political action commi teamsters 283 political action committee,Organization
33108,kyra harris bolden for state rep kyra harris bolden for state rep,Organization
33109,committee to elect scott mcgraw committee to elect scott mcgraw,Organization
33110,sevag vartanian for u of m regent sevag vartanian for u of m regent,Organization
33111,friends of heidi warrington friends of heidi warrington,Organization
33112,michigan action state superpac michigan action state superpac,Organization
33113,realtors pac of mi realtors political action committee of michigan,Organization
37130,manistee county republican committee manistee county republican committee,Organization
38941,genesee landlords assn pac genesee landlords association political action committee,Organization
38942,michele hoitenga for state senate michele hoitenga for state senate,Organization
38943,realtors pac of mi ii realtors political action committee of michigan ii,Organization
38944,st clair county republican committee st clair county republican committee,Organization
38945,support fhps support fhps,Organization
38946,michigan association of ambulance se michigan association of ambulance services ems pac,Organization
38947,kellanova political action committee kellanova political action committee - michigan,Organization
38948,business leaders for michigan pac business leaders for michigan pac,Organization
38949,support las support las,Organization
38950,business leaders for michigan pac ii business leaders for michigan pac ii (superpac),Organization
38951,michigan league of conservation vote michigan league of conservation voters inc political action committee,Organization
38952,rodney wakeman for state representat rodney wakeman for state representative,Organization
38953,judge kathleen feeney for court of a judge kathleen feeney for court of appeals,Organization
38954,michigan freedom network michigan freedom network,Organization
38955,teamsters 337 political action commi teamsters 337 political action committee,Organization
38956,teamsters 614 political action commi teamsters 614 political action committee,Organization
38957,teamsters democratic republican inde teamsters democratic republican independent voter education pac,Organization
38958,republican state leadership committe republican state leadership committee michigan pac,Organization
40632,teamsters 299 political action commi teamsters 299 political action committee,Organization
40633,michigan public employees seiu local michigan public employees seiu local 517m political action committee,Organization
40634,livonia republican club livonia republican club,Organization
40635,berrien county republican committee berrien county republican committee,Organization
40636,molina healthcare inc michigan polit molina healthcare inc michigan political committee,Organization
41773,associated builders and contractors associated builders and contractors pac,Organization
41774,associated builders and contractors associated builders and contractors of michigan merit fund (superpac),Organization
41775,rock holdings inc state pac rock holdings inc state pac,Organization
41776,teamsters 406 political action commi teamsters 406 political action committee,Organization
43266,teamsters 1038 political action comm teamsters 1038 political action committee,Organization
43267,st joseph county republican comm st joseph county republican committee,Organization
43269,bay county democratic party bay county democratic party,Organization
43270,committee to elect pauline wendzel committee to elect pauline wendzel,Organization
43271,macomb county democratic committee macomb county democratic committee,Organization
43272,mi boilermakers state and local pac michigan boilermakers state and local pac,Organization
43273,tuscola county democratic party tuscola county democratic party,Organization
43274,roscommon county republican party roscommon county republican party,Organization
43275,working class party committee working class party committee,Organization
43276,north oakland democratic club victor north oakland democratic club victory fund,Organization
43277,vertex pharmaceuticals inc pac vertex pharmaceuticals incorporated political action committee,Organization
43278,dow inc pac (dowpac) dow inc pac (dowpac),Organization
43279,operating engineers local 324 pac operating engineers local 324 st of mi pac,Organization
43280,corteva inc employees pac corteva ag corteva inc employees pac corteva agriscience pac,Organization
43281,international brotherhood of electri international brotherhood of electrical workers political action cmte,Organization
44491,young democrats of michigan young democrats of michigan,Organization
44492,dte energy company political action dte energy company political action committee,Organization
46834,ottawa county democratic party ottawa county democratic party,Organization
47677,amerisure pac ameripac amerisure political action committee,Organization
47678,chaldean chamber political action co chaldean chamber political action committee,Organization
47679,huntington national bank-michigan po huntington national bank-michigan political action committee,Organization
47680,marquette county republican party marquette county republican party,Organization
47681,hamtramck federation of teachers pac hamtramck federation of teachers pac,Organization
47682,fighting for michigan fund fighting for michigan fund,Organization
47683,friends of west michigan business gr friends of west michigan business grand rapids area chamber of commerce,Organization
47684,aric nesbitt for state senate aric nesbitt for state senate,Organization
47685,flagstar bank pac flagstar bank pac,Organization
48529,plumbers union local 98 plumbers union local 98,Organization
49962,local 1557 intl assoc of firefighter international association of firefighters local 1557 pac,Organization
49963,mi roofers local 149 pac michigan roofers local 149 political action committee,Organization
49964,citizens for traditional values poli citizens for traditional values political action committee,Organization
49965,ken horn for senate ken horn for senate,Organization
49966,swing left michigan state fund swing left michigan state fund,Organization
49967,committee to elect christine morse f committee to elect christine morse for state house,Organization
49968,westland fire fighters separate segr westland fire fighters separate segregated funds pac,Organization
49969,mi pipe trades assoc independent exp mi pipe trades assoc independent expenditure political comm (superpac),Organization
49970,merck and co inc employees pac merck and co inc employees pac,Organization
49971,ind mi political action council of t ind mi political action council of teachers,Organization
49972,national federation of ind business national federation of ind business michigan political action committee,Organization
49973,michigan harness horsemens associati michigan harness horsemens association pac,Organization
49974,michele for michigan michele for michigan,Organization
49975,friends of saginaw valley state univ friends of saginaw valley state university,Organization
49976,beth griffin for state rep beth griffin for state rep,Organization
49977,committee to elect steve carra committee to elect steve carra,Organization
49978,progressive womens alliance of west progressive womens alliance of west michigan,Organization
49979,committee to elect ann manary state committee to elect ann manary state rep,Organization
49980,deloitte political action committee deloitte political action committee,Organization
49981,michigan orthopaedic society pac michigan orthopaedic society pac,Organization
49982,midwest strategy group pac midwest strategy group pac,Organization
49983,michigan licensed beverage assoc pac michigan licensed beverage association political action committee,Organization
49984,friends of southwestern mi college friends of southwestern michigan college,Organization
49985,lapeer co dem party lapeer county democratic party,Organization
49986,jack omalley for state representativ jack omalley for state representative,Organization
49987,michael brown for governor michael brown for governor,Organization
49988,wayne county democratic black caucus wayne county democratic black caucus,Organization
49989,michigan nurses association politica michigan nurses association political action committee,Organization
49990,midland county republican committee midland county republican committee,Organization
49991,progress plymouth pac progress plymouth pac,Organization
49992,meijer political action committee meijer political action committee,Organization
51616,mi restaurant  and lodging assoc pac michigan restaurant and lodging association political action committee,Organization
51618,michigan doctors political action co michigan doctors political action committee,Organization
51619,friends to elect michele hoitenga friends to elect michele hoitenga for state rep,Organization
51620,michigan assisted living association michigan assisted living association political action committee,Organization
51621,daga pac michigan daga pac michigan,Organization
51622,committee to elect gary howell committee to elect gary howell,Organization
51623,michigan commercial real estate pac michigan commercial real estate pac,Organization
51624,victory values fund victory values fund,Organization
51625,ivote mi pac ivote mi pac,Organization
51626,we the people mi pac (superpac) we the people mi pac (superpac),Organization
51627,karoub associates political action c karoub associates political action committee,Organization
51628,manley justice fund (superpac) manley justice fund (superpac),Organization
51629,plumbers and pipefitters local 333 p plumbers and pipefitters local 333 pac,Organization
52681,a t and t michigan pac a t and t michigan pac,Organization
54181,kara hope for state representative kara hope for state representative,Organization
54182,grand traverse county republican par grand traverse county republican party,Organization
54183,mda dental pac mda dental pac,Organization
54184,united food and commercial workers m united food and commercial workers michigan pac,Organization
54185,henry ford health system government henry ford health system government affairs services pac,Organization
54186,second congressional dist democratic second congressional district democratic party,Organization
54187,monroe county democratic executive p monroe county democratic executive party,Organization
55516,southwest michigan first pac southwest michigan first political action committee,Organization
55517,lewis and munday pac lewis and munday pac,Organization
55518,committee to elect erin zimmer committee to elect erin zimmer,Organization
55519,insurance alliance of michigan polit insurance alliance of michigan political action committee,Organization
55520,schostak family pac sf properties llc political action committee,Organization
55521,tri city leadership pac tri city leadership pac,Organization
55522,coalition for common sense coalition for common sense,Organization
55523,oakland leadership fund oakland leadership fund,Organization
55524,west oakland republican committee pa west oakland republican committee pac,Organization
55525,ronnie peterson committee ronnie peterson committee,Organization
55526,get kids back to school pac get kids back to school pac,Organization
55527,houghton county democratic committee houghton county democratic committee,Organization
55528,allstate insurance company pac allstate insurance company pac,Organization
55529,nextera energy inc political action nextera energy inc political action committee,Organization
55530,state farm mutual automobile insuran state farm mutual automobile insurancre company federal political action,Organization
55531,michigan strong (superpac) michigan strong (superpac),Organization
55532,democratic association of secretarie democratic association of secretaries of state,Organization
55533,wayne 11th congressional district re wayne 11th congressional district republican committee,Organization
55534,northville democratic club pac northville democratic club pac,Organization
55535,friends of bronwyn haltom friends of bronwyn haltom,Organization
55536,committee to elect marla linderman r committee to elect marla linderman richelew,Organization
55537,committee to elect todd schorle ii committee to elect todd schorle ii,Organization
55538,committee to elect steven thomas committee to elect steven thomas,Organization
55539,committe to elect diane saber committe to elect diane saber,Organization
57568,mi academy of physician assistants michigan academy of physician assistants,Organization
57569,michigan veterinary medical associat michigan veterinary medical association pac,Organization
57570,mi assn of health plans pac mahp pac michigan association of health plans political action committee,Organization
57571,voters not politicians voters not politicians,Organization
57572,independence blue cross llc pac (spo independence blue cross llc pac (sponsored by amerihealth inc.),Organization
57573,engineering michigans future engineering michigans future,Organization
57574,committee to elect ryan roberts committee to elect ryan roberts,Organization
57575,muskegon county conservative womens muskegon county conservative womens caucus,Organization
57576,paul steven jancha for district cour paul steven jancha for district court judge committee,Organization
57577,fred green political action committe fred green political action committee,Organization
57578,paul wojno for state senate paul wojno for state senate,Organization
57579,st joseph county democratic committe st joseph county democratic committee,Organization
57580,meerman majority fund meerman majority fund,Organization
57581,kim lasata for state senate kim lasata for state senate,Organization
57582,monroe county republican party execu monroe county republican party executive committee,Organization
57583,mi assoc of health plans (superpac) michigan association of health plans advocacy pac (superpac),Organization
57584,otsego county republican committee otsego county republican committee,Organization
57585,lake county democratic party lake county democratic party,Organization
57586,keep improving michigan pac keep improving michigan political action committee,Organization
57587,canton democratic club canton democratic club,Organization
57588,fink majority fund fink majority fund,Organization
57589,whiteford leadership fund whiteford leadership fund,Organization
57590,committee to elect mary whiteford committee to elect mary whiteford,Organization
57591,arianne slay for judge arianne slay for judge,Organization
57592,friends of ruth johnson friends of ruth johnson,Organization
57593,cte chad moore cte chad moore,Organization
57594,citizens to elect luke meerman for s citizens to elect luke meerman for state house,Organization
57595,osceola county republican committee osceola county republican committee,Organization
57596,friends of michigans community healt friends of michigans community health centers,Organization
57597,314 action victory fund 314 action victory fund,Organization
57598,henry ford comm college fed hfcc pac henry ford community college federation of teachers pac,Organization
57599,committee to elect daire rendon committee to elect daire rendon,Organization
57600,4th congressional dist rep comm 4th congressional district republican committee,Organization
57601,m power pac m power pac,Organization
57602,lagrandpac lagrandpac,Organization
57603,samuel bagenstos for justice samuel bagenstos for justice,Organization
57604,sarah hubbard for michigan sarah hubbard for michigan,Organization
57605,travis menge for msu trustee travis menge for msu trustee,Organization
57606,lauren hantz for michigan lauren hantz for michigan,Organization
57607,committee to elect mike shirkey stat committee to elect mike shirkey state senate,Organization
57608,vanwoerkom solutions pac vanwoerkom solutions pac,Organization
57609,michigan craft distillers associatio michigan craft distillers association political action committee,Organization
57610,michigan strong future pac michigan strong future pac,Organization
57611,compete michigan political action co compete michigan political action committee 2,Organization
57612,cte karen whitsett for state rep committee to elect karen whitsett for state representative,Organization
57613,friends of daylen howard friends of daylen howard,Organization
57614,pat outman for state representative pat outman for state representative,Organization
57615,dale zorn for senate dale zorn for senate,Organization
59221,pursuit of justice pursuit of justice,Organization
59222,friends of linda glisman friends of linda glisman,Organization
59223,grow michigan pac grow michigan pac,Organization
59224,grand rapids firefighters union pac grand rapids firefighters union political action committee,Organization
59225,committee to elect sarah lightner committee to elect sarah lightner,Organization
59226,mary cavanagh mary cavanagh,Organization
59227,mi assn nurse anesthetists mana pac michigan association of nurse anesthetists pac,Organization
59228,cte lily cheng schulting cte lily cheng schulting,Organization
59229,for our futures fund for our futures fund,Organization
59230,jonathan lindsey for state senate jonathan lindsey for state senate,Organization
59231,committee to elect david lagrand committee to elect david lagrand,Organization
59232,josh schriver for state representati josh schriver for state representative,Organization
59233,witwer for michigan witwer for michigan,Organization
59234,cte jaime greene cte jaime greene,Organization
59235,safe lending michigan safe lending michigan,Organization
59236,oakland county republican party oakland county republican party,Organization
59237,friends of west michigan schools friends of west michigan schools,Organization
59238,jason morgan for state representativ jason morgan for state representative,Organization
59239,north macomb pac north macomb pac,Organization
59240,michigan in home care pac michigan in home care pac,Organization
59241,delta county democratic party delta county democratic party,Organization
59242,friends of hope network friends of hope network,Organization
59243,committee to elect amos oneal committee to elect amos oneal,Organization
59244,maddock leadership fund maddock leadership fund,Organization
59245,the people for ryder rodriguez the people for ryder rodriguez,Organization
60976,charlevoix county republican committ charlevoix county republican committee,Organization
60977,growing michigan growing michigan,Organization
60978,friends of phil green friends of phil green,Organization
60979,health alliance plan pac health alliance plan pac,Organization
60980,clinton county democratic party clinton county democratic party,Organization
60981,green thumb leadership green thumb leadership,Organization
60983,advancing michigan advancing michigan,Organization
60984,committee to elect roger hauck (stat committee to elect roger hauck (state senate),Organization
60985,committee to elect chris tuski committee to elect chris tuski,Organization
60986,friends of erika geiss friends of erika geiss,Organization
60987,cte dan lauwers for senate cte dan lauwers for senate,Organization
60988,friends of matt maddock  for st rep friends of matt maddock for state rep,Organization
60989,justice for michigan justice for michigan,Organization
60990,hornberger majority fund pac hornberger majority fund pac,Organization
60991,sarah anthony leadership fund pac sarah anthony leadership fund pac,Organization
60992,sarah anthony for state representati sarah anthony for state representative,Organization
60993,friends of greg vanwoerkom friends of greg vanwoerkom,Organization
60994,arab american political action commi arab american political action committee,Organization
60995,warren professional firefighters ss warren professional firefighters ss fund,Organization
60996,roger victory for state senate roger victory for state senate,Organization
60997,friends of tim sneller friends of tim sneller,Organization
60998,jmr all star pac jmr all star pac,Organization
60999,julie rogers for state rep julie rogers for state rep,Organization
61000,committee to elect cynthia r neeley committee to elect cynthia r neeley,Organization
61001,green party of michigan committee green party of michigan committee,Organization
61002,padma for the people pac padma for the people pac,Organization
61003,stephanie a young for state represen stephanie a young for state representative,Organization
61004,committee to elect scott vansingel committee to elect scott vansingel,Organization
61005,sam singh for state senate sam singh for state senate,Organization
61006,committee to elect betty alexander committee to elect betty alexander,Organization
61007,jeremy moss for state senate jeremy moss for state senate,Organization
61008,a more perfect michigan pac a more perfect michigan pac,Organization
61009,mallory mcmorrow for michigan mallory mcmorrow for michigan,Organization
61010,calhoun county democratic party calhoun county democratic party,Organization
61011,promote the vote action promote the vote action,Organization
61012,friends of phil skaggs friends of phil skaggs,Organization
61014,committee to elect kevin hertel committee to elect kevin hertel,Organization
61015,lasinski for michigan pac lasinski for michigan pac,Organization
61016,hertel for michigan hertel for michigan,Organization
61017,van buren county republican executiv van buren county republican executive committee,Organization
61018,committee to elect shawn petri state committee to elect shawn petri state representative,Organization
61019,stephanies changemaker fund stephanies changemaker fund,Organization
61020,friends of gabriel lossing friends of gabriel lossing,Organization
61021,michigan reynolds american inc. poli michigan reynolds american inc. political action committee,Organization
61022,livingston county dem exec comm livingston county democratic executive committee,Organization
61023,committee to elect kelly smith committee to elect kelly smith,Organization
61024,linda lee tarver for better educatio linda lee tarver for better education,Organization
61025,aft michigan aftmipac aft michigan,Organization
62148,macomb county republican assembly (s macomb county republican assembly (superpac),Organization
62149,barry county republican committee barry county republican committee,Organization
62150,bollin for michigan bollin for michigan,Organization
62151,posthumus majority fund posthumus majority fund,Organization
62152,vega fund vega fund,Organization
62153,friends for cathryn neracher friends for cathryn neracher,Organization
62154,ann bollin for state rep ann bollin for state rep,Organization
62155,gov consultant svcs inc 21st century governmental consultant services inc 21st century pac,Organization
62156,committee to elect gina johnsen committee to elect gina johnsen,Organization
62157,spartannash company state political spartannash company state political action committee,Organization
62158,livingston county republican committ livingston county republican committee,Organization
62159,committee to elect sharifa kerene mo committee to elect sharifa kerene moore to court of appeals,Organization
62160,12th congressional district republic 12th congressional district republican committee of michigan,Organization
62161,committee to elect padma kuppa committee to elect padma kuppa,Organization
63560,michigan democratic party youth cauc michigan democratic party youth caucus,Organization
63561,delta political action committee delta political action committee,Organization
63562,ellison for michigan ellison for michigan,Organization
63563,the committee to elect mike hoadley the committee to elect mike hoadley,Organization
63564,the committee to elect gary r eisen the committee to elect gary r eisen,Organization
63565,kristina karamo for sos kristina karamo for sos,Organization
63566,maximus inc political action committ maximus inc political action committee,Organization
63567,wayne county republican committee wayne county republican committee,Organization
63568,stephanie chang for senate stephanie chang for senate,Organization
63569,cte rick outman for state senate committee to elect rick outman for state senate,Organization
65178,cte john damoose for state represent committee to elect john damoose for state representative,Organization
65179,joe tate leadership pac joe tate leadership pac,Organization
65180,curtis hertel jr for michigan curtis hertel jr for michigan,Organization
65181,steve johnson for state rep steve johnson for state rep,Organization
65182,cte pamela hornberger cte pamela hornberger,Organization
65183,enterprise holdings inc enterprise m enterprise holdings inc enterprise mobility political action committee,Organization
65184,wexford county democratic party wexford county democratic party,Organization
65185,mi coin machine op assn mcmoa ampac mi coin machine operators association,Organization
65186,plumbers and steamfitters 85 pac plumbers and steamfitters 85 pac,Organization
65187,tgif victory fund tgif victory fund,Organization
65188,cynthia a johnson stands up detroit cynthia a johnson stands up for all of detroit,Organization
65189,michiganders for the commonwealth michiganders for the commonwealth,Organization
65190,embolden pac embolden pac,Organization
65191,noah arbit for michigan noah arbit for michigan,Organization
65192,up united up united,Organization
65193,vanderwall majority fund vanderwall majority fund,Organization
65194,cte winnie brinks for senate cte winnie brinks for senate,Organization
65195,sabo for michigan sabo for michigan,Organization
65196,brinks victory fund brinks victory fund,Organization
65197,jeff irwin for state senate jeff irwin for state senate,Organization
65198,zorn leadership fund zorn leadership fund,Organization
65199,michigan for ryan d kelley michigan for ryan d kelley,Organization
65200,brinks for michigan brinks for michigan,Organization
65201,compete michigan pac 3 compete michigan pac 3,Organization
65202,friends of jim ananich senate friends of jim ananich senate,Organization
65203,compete michigan political action co compete michigan political action committee,Organization
65204,brinks majority fund brinks majority fund,Organization
65205,friends of will snyder friends of will snyder,Organization
65206,committee to elect tommy brann committee to elect tommy brann,Organization
65207,mi funeral directors assn pac mfda michigan funeral directors association political action committee,Organization
65208,moving genesee county forward pac moving genesee county forward pac,Organization
65209,the committee to elect lana theis the committee to elect lana theis,Organization
65210,raise the wage mi raise the wage mi,Organization
65211,mi working families party pac mi working families party pac,Organization
65212,committee to elect joseph tate committee to elect joseph tate,Organization
66985,saginaw county republican committee saginaw county republican committee,Organization
66986,cass county republican committee cass county republican committee,Organization
66987,14th district republican committee 14th district republican committee,Organization
66988,committee to elect thomas a albert committee to elect thomas a albert,Organization
66989,friends of ranjeev puri friends of ranjeev puri,Organization
66990,cte pamela hornberger for state sena cte pamela hornberger for state senate,Organization
66991,jeff johnson for mi jeff johnson for mi,Organization
66992,casey hoffman for state representati casey hoffman for state representative,Organization
66993,delta county republican party delta county republican party,Organization
66994,michigan association of counties pac michigan association of counties political action committee,Organization
66995,cte kevin rathbun cte kevin rathbun,Organization
66996,small business association of michig small business association of michigan pac ii (superpac),Organization
66997,friends of jon bumstead friends of jon bumstead,Organization
66998,committee to elect ken borton committee to elect ken borton,Organization
66999,stamas leadership pac stamas leadership pac,Organization
67000,ben pac building experience now pac (ben pac),Organization
67001,curt vanderwall for state senate curt vanderwall for state senate,Organization
67002,filler majority pac filler majority pac,Organization
67003,friends of henry ford college pac friends of henry ford college pac,Organization
67004,friends of housing pac friends of housing pac,Organization
67005,michigan aggregates association michigan aggregates association,Organization
67006,west michigan anesthesia pac west michigan anesthesia pac,Organization
67007,mike mueller for state representativ mike mueller for state representative,Organization
67008,health care association of michigan health care association of michigan political action committee,Organization
67009,broadband association of michigan pa broadband association of michigan pac,Organization
67010,acec michigan consulting engineers c acec michigan consulting engineers council pac,Organization
67011,jocelyn benson for secretary of stat jocelyn benson for secretary of state,Organization
68673,bob bezotte for state rep bob bezotte for state rep,Organization
68674,itc holdings corp pac itc holdings corp pac,Organization
68676,dayna polehanki for state senate dayna polehanki for state senate,Organization
68677,small business association of michig small business association of michigan,Organization
68678,dylan pescarolo for state representa dylan pescarolo for state representative,Organization
68679,graham filler for state representati graham filler for state representative,Organization
68680,cindy berry for secretary of state cindy berry for secretary of state,Organization
68681,planned parenthood advocates of mi planned parenthood advocates of mi,Organization
68682,committee to retain judge cori barkm committee to retain judge cori barkman,Organization
68683,bay county republican party committe bay county republican party committee,Organization
68684,friends of darrin camilleri friends of darrin camilleri,Organization
68685,international union of painters and international union of painters and allied trades political action,Organization
68686,committee to elect rachel hood committee to elect rachel hood,Organization
68687,wayne schmidt for state senate wayne schmidt for state senate,Organization
68688,building accountability behind exper building accountability behind experience pac,Organization
68689,community to elect tc clements community to elect tc clements (senate),Organization
68690,helena scott for michigan pac helena scott for michigan pac,Organization
68691,jim stamas for state senate jim stamas for state senate,Organization
68692,committee to elect tc clements committee to elect tc clements (st rep),Organization
68693,committee to elect matt koleszar committee to elect matt koleszar,Organization
70230,rescare inc dba brightspring health rescare inc dba brightspring health services legacy fund,Organization
70231,committee to elect geyer balog committee to elect geyer balog,Organization
70232,mike macdonald for senate mike macdonald for senate,Organization
70233,weiss for michigan weiss for michigan,Organization
70234,friends of dan oneil friends of dan oneil,Organization
70235,angela witwer for state representati angela witwer for state representative,Organization
70236,committee to elect jim haadsma committee to elect jim haadsma,Organization
70237,kevin daley for state senate kevin daley for state senate,Organization
70238,mi assoc of cmh board macmhb michigan assoc of cmh board,Organization
70239,berman leadership fund berman leadership fund,Organization
70240,friends of mark huizenga friends of mark huizenga,Organization
70241,committee to elect mark huizenga committee to elect mark huizenga,Organization
70242,cte marcus a cummings committee to elect marcus a cummings,Organization
70243,southwestern wayne democratic club southwestern wayne democratic club,Organization
70244,committee to elect marc cummings mi committee to elect marc cummings mi state house,Organization
70245,committee to elect jacky eubanks committee to elect jacky eubanks,Organization
70246,committee to elect joe boogren committee to elect joe boogren,Organization
70247,mi7th cdrc mi7th cdrc,Organization
70248,felicia brabec for state representat felicia brabec for state representative,Organization
70249,progress michigan political action f progress michigan political action fund (superpac),Organization
70250,allegan county republican committee allegan county republican committee,Organization
70251,unity fund unity fund,Organization
70252,committee to elect donna lasinski committee to elect donna lasinski,Organization
70253,us ecology inc pac michigan us ecology inc pac michigan,Organization
70254,matt for michigan pac matt for michigan pac,Organization
70255,wave michigan wave michigan,Organization
70256,empower mi vote empower mi vote,Organization
70257,bronna kahle for state senate bronna kahle for state senate,Organization
70258,bronna kahle for state rep bronna kahle for state representative,Organization
70259,committee to elect melanie macey committee to elect melanie macey,Organization
70260,defense pac defense pac,Organization
70261,comcast corporation and nbcuniversal comcast corporation and nbcuniversal political action committee usa,Organization
70262,chief james craig for governor chief james craig for governor,Organization
74267,citizens to elect helena scott citizens to elect helena scott,Organization
74268,committee to elect andrew sebolt for committee to elect andrew sebolt for state rep,Organization
74269,kelly tebay for msu kelly tebay for msu,Organization
74270,friends of john cherry friends of john cherry,Organization
74271,friends of meghan reckling friends of meghan reckling,Organization
74272,one majority goal fund one majority goal fund,Organization
74273,higher ground pac higher ground pac,Organization
74274,secure mi vote secure mi vote,Organization
74275,seiu michigan seiu michigan,Organization
77545,committee  for the advancement of mi committee  for the advancement of michigan psychiatry pac,Organization
77546,abraham aiyash for michigan abraham aiyash for michigan,Organization
77547,michiganders for fair lending michiganders for fair lending,Organization
77548,unlock michigan unlock michigan,Organization
77549,potato growers of michigan inc pac potato growers of michigan inc pac,Organization
77550,red and blue pac red and blue pac,Organization
77551,cte lindsay kronemeyer cte lindsay kronemeyer,Organization
77552,farmington farmington hills democrat farmington farmington hills democratic club,Organization
77553,mecosta county democratic party mecosta county democratic party,Organization
77554,friends of dana nessel friends of dana nessel,Organization
78800,11th congressional dist rep comm 11th congressional dist rep comm,Organization
78801,michigan league of responsible voter michigan league of responsible voters,Organization
78802,cte kim morley cte kim morley,Organization
78803,cng holdings inc pac cng holdings inc political action committee,Organization
78804,michigan crypto pac michigan crypto political action committee,Organization
78805,curtis hertel jr for senate curtis hertel jr for senate,Organization
78806,grand traverse county democratic com grand traverse county democratic committee,Organization
78807,committee to elect sara cambensy for committee to elect sara cambensy for 109th district state representativ,Organization
78808,value for michigan value for michigan,Organization
78809,heat and frost insulators local 25 p heat and frost insulators local 25 pac,Organization
78810,friends of justin faber friends of justin faber,Organization
78811,cte mick bricker cte mick bricker,Organization
78812,mi blue cross blue shield bcbsm pac blue cross blue shield of michigan political action committee,Organization
83886,geiss leadership fund geiss leadership fund,Organization
83887,committee to elect terry j sabo committee to elect terry j sabo,Organization
83888,democratic legislative campaign comm democratic legislative campaign committee,Organization
85797,committee to elect jason wentworth committee to elect jason wentworth,Organization
85798,red cedar conservatives pac red cedar conservatives pac,Organization
85799,michigan association for justice jus michigan association for justice justice pac,Organization
85800,kent county republican committee kent county republican committee,Organization
85801,friends of cara clemente friends of cara clemente,Organization
85802,michigan sugar company growers polit michigan sugar company growers political action committee,Organization
85803,emily bauman emily bauman,Organization
85804,michael detmer for state senate michael detmer for state senate,Organization
85805,julie brixie for state representativ julie brixie for state representative,Organization
85806,clements leadership fund clements leadership fund,Organization
85807,michigan liberation action fund (sup michigan liberation action fund (superpac),Organization
85808,alabas a farhat alabas a farhat,Organization
85809,huizenga for michigan leadership fun huizenga for michigan leadership fund,Organization
85810,committee to elect regina weiss committee to elect regina weiss,Organization
85811,bizon majority fund bizon majority fund,Organization
85812,committee to elect dr john bizon committee to elect dr john bizon,Organization
85813,cte gregory j. markkanen committee to elect gregory j. markkanen,Organization
85814,brad paquette for state representati brad paquette for state representative,Organization
85815,friends of mari manoogian friends of mari manoogian,Organization
85816,plunkett and cooney pc pac plunkett and cooney p c political action committee,Organization
85817,friends of jaime churches friends of jaime churches,Organization
86715,paquette leadership fund paquette leadership fund,Organization
86716,brotherhood of locomotive engineers brotherhood of locomotive engineers and trainmen pac fund,Organization
86717,sylvia santana for senate sylvia santana for senate,Organization
86718,friends of tom barrett friends of tom barrett,Organization
86719,pepsico inc concerned citizens fund pepsico inc concerned citizens fund,Organization
86720,elect ryan berman elect ryan berman,Organization
86721,elect ryan berman ag elect ryan berman ag,Organization
86722,mi regional carpenters mrcc pac michigan regional council of carpenters political action committee,Organization
95114,kevin rinke for governor kevin rinke for governor,Organization
95115,friends of jim lilly friends of jim lilly,Organization
95116,michigan council of nurse practition michigan council of nurse practitioners political action committee,Organization
95117,michigan strategic leadership fund michigan strategic leadership fund,Organization
95118,nesbitt majority fund nesbitt majority fund,Organization
95119,committee to elect david martin stat committee to elect david martin state rep,Organization
95120,elect jim runestad for state senate elect jim runestad for state senate,Organization
95121,building bridges pac building bridges pac,Organization
95122,garrett soldano for michigan garrett soldano for michigan,Organization
99893,mainstreet political action committe mainstreet political action committee,Organization
99894,friends of nate shannon friends of nate shannon,Organization
99895,kevin green for senate kevin green for senate,Organization
99896,the pac for americas future mi the pac for americas future mi,Organization
99897,andrew fink for state representative andrew fink for state representative,Organization
99898,keep michigan safe keep michigan safe,Organization
99899,public health over politicians public health over politicians,Organization
99900,west michigan progress pac west michigan progress pac,Organization
99901,the home depot inc political action the home depot inc political action committee,Organization
99902,moss pac moss pac,Organization
99903,fannie lou hamer political action co fannie lou hamer political action committee,Organization
99904,the julie brixie blue wave fund 2 the julie brixie blue wave fund 2,Organization
99905,the julie brixie blue wave fund the julie brixie blue wave fund,Organization
101065,matt hall for state representative matt hall for state representative,Organization
101066,mi laborers political league michigan laborers political league,Organization
101067,montcalm county republican executive montcalm county republican executive committee,Organization
101068,lansing regional chamber lrc pac lansing regional chamber political action committee,Organization
101069,michigan senate democratic fund michigan senate democratic fund,Organization
102980,friends of bryan posthumus friends of bryan posthumus,Organization
102981,construction workers local 1076 ed c construction workers local 1076 ed comm (superpac),Organization
102982,bob scott for michigan governor camp bob scott for michigan governor campaign committee,Organization
102983,michigan iniative for community heal michigan iniativie for community healing,Organization
102984,monroe plumbers and pipe fit l671 monroe plumbers and pipe fitters local 671 pac fund,Organization
102985,david nathan david nathan,Organization
102986,protect mi vote protect mi vote,Organization
102987,michigan 10th congressional district michigan 10th congressional district democratic committee,Organization
102988,tom leonard for michigan tom leonard for michigan,Organization
102989,advocates of change for tomorrow pol advocates of change for tomorrow political action committee,Organization
102990,gretchen whitmer for governor gretchen whitmer for governor,Organization
121637,sarah anthony for state senate sarah anthony for state senate,Organization
121638,unitedhealth group incorporated pac unitedhealth group incorporated pac,Organization
123267,michigan retailers association polit michigan retailers association political action committee,Organization
123268,friends of chris stewart friends of chris stewart,Organization
123269,wentworth majority fund 2 wentworth majority fund 2,Organization
123270,house republican campaign committee house republican campaign committee,Organization
123271,mi values leadership fund ii mi values leadership fund ii,Organization
123272,committee to elect roger hauck committee to elect roger hauck,Organization
123273,committee to elect anthony feig committee to elect anthony feig,Organization
123274,donna brandenburg for governor donna brandenburg for governor,Organization
123275,wentworth majority fund pac wentworth majority fund pac,Organization
123276,democratic state central committee democratic state central committee,Organization
123277,matt hall majority fund matt hall majority fund,Organization
123278,adam j hollier committee adam j hollier committee,Organization
123279,senate republican campaign committee senate republican campaign committee,Organization
123280,michigan house democratic fund michigan house democratic fund,Organization
123281,committee to elect joe bellino committee to elect joe bellino,Organization
123282,ingham county republican committee ingham county republican committee,Organization
123283,tudor dixon for governor inc tudor dixon for governor inc,Organization
123284,beau lafave sos beau lafave sos,Organization
123285,muskegon county democratic party muskegon county democratic party,Organization
124488,advancing for detroit and mi pac advancing for detroit and mi pac,Organization
124489,second district cong committee of mi second district cong committee of michigan,Organization
124490,vote kelly breen vote kelly breen,Organization
124491,santana for michigan santana for michigan,Organization
124492,clinton county republican committee clinton county republican committee,Organization
124493,friends to elect marshall bullock friends to elect marshall bullock,Organization
124494,emilys list michigan emilys list michigan,Organization
124495,jackson holdings llc and jackson nat jackson holdings llc and jackson national life insurance company ssf,Organization
124496,cleveland cliffs inc pac cleveland cliffs inc pac,Organization
124497,michigan bankers association mibankp michigan bankers association mibankpac state,Organization
124498,michigan education association pac michigan education association pac,Organization
131260,forward together pac forward together pac,Organization
131261,local 357 plumbers and pipefitters p local 357 plumbers and pipefitters political action committee,Organization
132974,friends of linda ybarra-bozzone friends of linda ybarra-bozzone,Organization
132976,michigan motorcycle riders pac michigan motorcycle riders pac,Organization
132977,branch county republican party branch county republican party,Organization
132978,northwest michigan united for racial northwest michigan united for racial equity (superpac),Organization
132979,retired troopers pac retired troopers political action committee,Organization
132980,jim ellison for state rep jim ellison for state rep,Organization
132981,matthew deperno for michigan matthew deperno for michigan,Organization
132982,save america save america,Organization
132983,committee to elect angela rigas committee to elect angela rigas,Organization
132984,committee to elect julie calley committee to elect julie calley,Organization
132985,calley majority fund calley majority fund,Organization
132987,open democracy pac open democracy pac,Organization
132988,committee to elect latisha johnson committee to elect latisha johnson,Organization
132989,republican oakland county commission republican oakland county commissioners pac,Organization
132990,newaygo county republican committee newaygo county republican committee,Organization
132992,cte jon rocha cte jon rocha,Organization
132994,cte jason kolkema for district court committee to elect jason kolkema for district court judge,Organization
132995,carol glanville for state representa carol glanville for state representative,Organization
132997,eleventh congressional district of m eleventh congressional district of michigan democratic party,Organization
132998,taylor fed of teachers pac tft pac taylor federation of teachers political action committee,Organization
133001,michigan democratic jewish caucus michigan democratic jewish caucus,Organization
133002,citizens to elect justin noordhoek citizens to elect justin noordhoek,Organization
134890,committee to elect ginger l shearer committee to elect ginger l shearer for state representative,Organization
134893,jerry solis for state representative jerry solis for state representative,Organization
134894,cte terence mekoski cte terence mekoski,Organization
134895,kent douglas for state representativ kent douglas for state representative,Organization
134896,gratiot county democratic party gratiot county democratic party,Organization
134898,gladwin county gop gladwin county gop,Organization
134900,sylvia grot for state representative sylvia grot for state representative,Organization
134901,cte william thompson cte william thompson,Organization
134902,cte jim diez cte jim diez,Organization
134903,take michigan back (superpac) take michigan back (superpac),Organization
134906,mi right to vote mi right to vote,Organization
134907,cte robert regan cte robert regan,Organization
134908,steven gilbert for state representat steven gilbert for state representative,Organization
134911,saginaw county democratic executive saginaw county democratic executive committee,Organization
134912,ottawa integrity pac ottawa integrity pac,Organization
134913,huron county republican party huron county republican party,Organization
134915,automobile club of michigan politica automobile club of michigan political action committee,Organization
134916,graham diedrich for state representa graham diedrich for state representative,Organization
134917,jeffrey d pepper jeffrey d pepper,Organization
134920,peoples choice diane randall cte peoples choice diane randall cte,Organization
136061,committee to elect tyrone carter committee to elect tyrone carter,Organization
136062,concerned citizen concerned citizen,Organization
136063,jaffe snider raitt heuer and weiss jaffe snider raitt heuer and weiss political committee,Organization
136065,reproductive freedom for all reproductive freedom for all,Organization
136879,state police command officers associ state police command officers association pac,Organization
136885,friends of conservative values friends of conservative values,Organization
137560,aft michigan independent expenditure aft michigan independent expenditure committee superpac,Organization
137564,cte mellissa carone cte mellissa carone,Organization
137565,michigan emergency doctors political michigan emergency doctors political action committee,Organization
137566,cte tenisha yancey for state rep committee to elect tenisha yancey for state rep district 1,Organization
139105,michigan beverage association pac michigan beverage association pac,Organization
139107,mi assoc county drain commissioners michigan association of county drain commissioners pac,Organization
139108,michigan land title association poli michigan land title association political action committee,Organization
139117,mike mueller leadership fund mike mueller leadership fund,Organization
139124,ready to equip industrious leaders ready to equip industrious leaders for liberty pac,Organization
139125,huron valley democratic club pac huron valley democratic club pac,Organization
139129,friends of corn pac friends of corn pac,Organization
139131,mcalvey merchant pac mcalvey merchant pac,Organization
139133,rental property owners assoc of kent rental property owners assoc of kent,Organization
139134,jewish agency political action commi jewish agency political action committee,Organization
139137,grand rapids chamber comeback pac grand rapids chamber comeback political action committee (superpac),Organization
143112,mi building and construction trades mi building and construction trades council pac,Organization
144556,health political action committee mi health political action committee mi health and hospital association,Organization
151156,great lakes education project great lakes education project,Organization
151162,right to life of michigan state poli right to life of michigan state political action committee,Organization
151166,michigan concrete association politi michigan concrete association political action committee,Organization
151167,howell for michigan fund howell for michigan fund,Organization
151173,make michigan great (superpac) make michigan great (superpac),Organization
152300,friends of wmu friends of wmu,Organization
153869,mi politics (superpac) mi politics (superpac),Organization
156682,education gets results education gets results,Organization
158127,school psychologists for kids michig school psychologists for kids michigan association of school psychologis,Organization
158129,foster pac foster pac,Organization
158134,end citizens united non-federal mi end citizens united non-federal mi,Organization
158136,parents not politicians parents not politicians,Organization
158137,michigan chamber of commerce pac ii michigan chamber of commerce pac ii,Organization
158138,true michigan pac  superpac true michigan pac  superpac,Organization
158140,fawn armstrong for judge fawn armstrong for judge,Organization
158143,hope rising action fund hope rising action fund,Organization
164626,committee to elect mike milanowski j committee to elect mike milanowski jr,Organization
165930,occidental petroleum corporation pol occidental petroleum corporation political action committee,Organization
165934,progressive turnout project progressive turnout project,Organization
166902,michigan septic tank association pac michigan septic tank association pac,Organization
168245,zeneca inc. political action committ zeneca inc. political action committee,Organization
168252,conservation voters of michigan pac conservation voters of michigan pac (superpac),Organization
168253,norfolk southern good government fun norfolk southern good government fund of michigan,Organization
168254,michigan radiology political action michigan radiology political action committee,Organization
181898,home builders association political home builders association political action committee,Organization
181900,mamc clerk pac michigan association of municipal clerks clerk pac,Organization
181901,michigan pork producers association michigan pork producers association pac,Organization
181904,michigan distributors and vendors as michigan distributors and vendors association pac,Organization
186332,inspire michigan inspire michigan,Organization
186337,retail wholesale department store un retail wholesale department store union comm on political education,Organization
186343,women of michigan action network pac women of michigan action network pac,Organization
186351,michigan patriots pac (superpac) michigan patriots pac (superpac),Organization
186354,community change voters (superpac) community change voters (superpac),Organization
187600,michigan pest management association michigan pest management association,Organization
187602,auto dealers of michigan political a auto dealers of michigan political action committee,Organization
187603,cornerstone pac cornerstone pac,Organization
187606,detroit caucus pac detroit caucus pac,Organization
200202,t cole leadership fund t cole leadership fund,Organization
200203,bumstead leadership fund bumstead leadership fund,Organization
200209,vansingel majority fund vansingel majority fund,Organization
200210,west michigan cannabis guild west michigan cannabis guild,Organization
200214,michigan needs an adjustment michigan needs an adjustment,Organization
200216,comm pac comm pac,Organization
200221,comm workers of america mi cwa-mac communications workers of america mi action comm,Organization
200223,future northern michigan future northern michigan,Organization
200226,northwest wayne county state local p northwest wayne county state local pac,Organization
200230,daley majority fund daley majority fund,Organization
201684,pohutsky for michigan fund pohutsky for michigan fund,Organization
201689,the sinas dramis law firm pac the sinas dramis law firm pac,Organization
201690,michigan opportunity michigan opportunity,Organization
201691,mi greenstone pac mi greenstone pac,Organization
201697,protect michigan craft beer protect michigan craft beer,Organization
203783,defending michigan values defending michigan values,Organization
203785,nesbitt majority fund 2 nesbitt majority fund 2,Organization
203791,growing michigan majority fund growing michigan majority fund,Organization
205311,glm political action committee glm political action committee,Organization
205313,mac pac mac pac,Organization
205316,csx corporation good govt fund csx corporation good government fund,Organization
212519,convention of states political fund convention of states political fund (superpac),Organization
212521,leadership for educational equity - leadership for educational equity - texas,Organization
216535,mastronardi produce west pac mastronardi produce west pac,Organization
216539,giffords pac giffords pac,Organization
216540,american property casualty insurance american property casualty insurance association pac,Organization
216541,for mi kids for our schools for mi kids for our schools,Organization
217478,citizens to support mi women and chi citizens to support mi women and children,Organization
217488,afendoulis for michigan pac afendoulis for michigan pac,Organization
218735,friends of michigan community action friends of michigan community action pac,Organization
218736,grosse ile taxpayers association (su grosse ile taxpayers association (superpac),Organization
218744,michigan education partners politica michigan education partners political action committee,Organization
218748,rooted in community leadership pac rooted in community leadership pac,Organization
218749,forward majority action michigan (su forward majority action michigan (superpac),Organization
218752,michigan society of professional eng michigan society of professional engineers pac,Organization
218753,the michigan leadership fund the michigan leadership fund,Organization
218756,let mi kids learn let mi kids learn,Organization
218759,associated general contractors polit associated general contractors political action committe of michigan,Organization
218761,camilleri for michigan camilleri for michigan,Organization
219863,rank mi vote ballot question committ rank mi vote ballot question committee,Organization
219868,justice for all (superpac) justice for all (superpac),Organization
219871,puri pac puri pac,Organization
219874,the scotts miracle gro co stewardshi the scotts miracle gro co stewardship pac,Organization
219877,a better michigan a better michigan,Organization
220772,brixie for michigan fund brixie for michigan fund,Organization
220774,wozpac wozpac,Organization
220779,surveyors pac mi society of professi surveyors pac mi society of professional surveyors,Organization
221944,powering the economy (superpac) powering the economy (superpac),Organization
223489,michigan home health association pac michigan home health association pac,Organization
223490,committee to revive michigan electio committee to revive michigan elections,Organization
233177,brabec equity fund brabec equity fund,Organization
233179,cambensy for michigan leadership fun cambensy for michigan leadership fund,Organization
233182,run michigan right fund run michigan right fund,Organization
233184,jacobs solutions inc. political acti jacobs solutions inc. political action committee,Organization
233186,promote the vote 2022 promote the vote 2022,Organization
234369,architects political action committe architects political action committee,Organization
234371,michelle frederick for state board o michelle frederick for state board of education,Organization
234374,committee to elect diana mohyi committee to elect diana mohyi,Organization
234377,sherry gay dagnogo strong women lead sherry gay dagnogo strong women lead pac,Organization
234379,associated food and petroleum dealer associated food and petroleum dealers political action committee,Organization
244288,wayne 12th congressional district re wayne 12th congressional district republican committee,Organization
244289,michigan forest products council michigan forest products council,Organization
244292,humane world action fund of michigan humane world action fund of michigan political action committee,Organization
244299,leaders engaged actively in democrac leaders engaged actively in democracy,Organization
244301,democratic club of taylor womens aux democratic club of taylor womens auxiliary,Organization
246334,united food and commercial workers a united food and commercial workers active ballot club,Organization
254960,friends of mclaren political action friends of mclaren political action committee,Organization
257163,brighter michigan pac (superpac) brighter michigan pac (superpac),Organization
257165,huck pac inc huck pac inc,Organization
260343,michigan association of broadcasters michigan association of broadcasters political action committee,Organization
260344,michigan impact michigan impact,Organization
260345,national assoc of social workers pac national association of social workers michigan political action for can,Organization
260348,voters for transparency and term lim voters for transparency and term limits,Organization
260349,unity in action unity in action,Organization
260362,edupac1 edupac1,Organization
261544,friends of dayne hoffman friends of dayne hoffman,Organization
261549,advance michigan (superpac) advance michigan (superpac),Organization
261552,take back michigan superpac take back michigan superpac,Organization
261554,committee to elect dan vanden heede committee to elect dan vanden heede,Organization
261557,bank on wayne county bank on wayne county,Organization
261558,melanie foster for msu trustee melanie foster for msu trustee,Organization
261559,committee to elect george d. lyons committee to elect george d. lyons,Organization
261560,baraga co rep comm baraga county republican committee,Organization
261563,michigan organization on adolescent michigan organization on adolescent sexual health,Organization
261564,forest hills democratic club forest hills democratic club,Organization
261565,us taxpayers party of michigan state us taxpayers party of michigan state central committee,Organization
263245,muskegon county republican executive muskegon county republican executive committee (muskegon gop),Organization
263246,friends of george ranville friends of george ranville,Organization
263248,committee to elect michael brooks committee to elect michael brooks,Organization
263251,committee to elect barbara conley committee to elect barbara conley,Organization
263252,committee to elect kenneth kish committee to elect kenneth kish,Organization
263253,committee to elect cathy albro committee to elect cathy albro,Organization
263254,committee to elect reggie reg davis committee to elect reggie reg davis,Organization
263256,cte khalil othman cte khalil othman,Organization
263258,christine baker christine baker,Organization
263260,committee to elect kevin counts committee to elect kevin counts,Organization
263261,citizens to elect kathy schmaltz citizens to elect kathy schmaltz,Organization
263262,james shepler for state representati james shepler for state representative,Organization
263263,ryan gallogly for michigan ryan gallogly for michigan,Organization
263264,friends of brian hosticka friends of brian hosticka,Organization
263265,the committee to elect robin mcgrego the committee to elect robin mcgregor,Organization
263266,klint kesto for senate klint kesto for senate,Organization
263267,friends of holli vallade friends of holli vallade,Organization
265412,committee to elect marshall averill committee to elect marshall averill,Organization
265413,committee to elect athena lynn thorn committee to elect athena lynn thornton,Organization
265414,friends of reggie miller friends of reggie miller,Organization
265416,committee to elect dave staudt committee to elect dave staudt,Organization
265417,committee to elect matthew sabaugh f committee to elect matthew sabaugh for circuit court,Organization
265419,jodi decker jodi decker,Organization
265421,committee to elect kayle keith hinkl committee to elect kayle keith hinkle jr,Organization
265424,committee to elect jenn hill state r committee to elect jenn hill state representative,Organization
265426,joel sheltrown for senate joel sheltrown for senate,Organization
265428,cte greg alexander for state represe cte greg alexander for state representative,Organization
265429,committee to elect rebecca jurva-bri committee to elect rebecca jurva-brinn,Organization
265431,cte mary berlingieri for state repre cte mary berlingieri for state representative,Organization
265434,committee to elect aaron delikta committee to elect aaron delikta,Organization
266560,ernest little ernest little,Organization
266561,karl barr for judge karl barr for judge,Organization
266562,joseph fox for state representative joseph fox for state representative,Organization
266563,david soltis for state house david soltis for state house,Organization
266564,committee to elect david lacasse dis committee to elect david lacasse district judge,Organization
266569,friends of randy bishop friends of randy bishop,Organization
266572,john braamse for state senate john braamse for state senate,Organization
268172,rodney wakeman for state senator rodney wakeman for state senator,Organization
268174,diana lynn mcclain diana lynn mcclain,Organization
268175,friends of james desana friends of james desana,Organization
268179,committee to elect nancy deboer committee to elect nancy deboer,Organization
268183,committee to elect gregory c. pittma committee to elect gregory c. pittman,Organization
268184,committee to elect kathy clark committee to elect kathy clark,Organization
268193,family business owners of michigan p family business owners of michigan pac,Organization
268195,committee to elect melody wagner committee to elect melody wagner,Organization
269576,committee to elect kimberly sheppard committee to elect kimberly sheppard hugle for representative,Organization
270867,committee to elect brian warzocha committee to elect brian warzocha,Organization
270868,carlee knott carlee knott,Organization
270872,cass county democratic party cass county democratic party,Organization
270873,keep judge kirsten hartig keep judge kirsten hartig,Organization
270876,emily busch for state representative emily busch for state representative,Organization
270878,friends for mark bignell friends for mark bignell,Organization
270879,committee to elect becket j jones 8 committee to elect becket j jones 8th district court judge,Organization
270882,friends of theresa fougnie friends of theresa fougnie,Organization
270883,committee to elect justin mendoza committee to elect justin mendoza,Organization
272977,people for dylan wegela people for dylan wegela,Organization
272978,elect tonya goetz for judge elect tonya goetz for judge,Organization
272984,committee to elect christopher flemi committee to elect christopher fleming,Organization
272985,friends of mike mcfall friends of mike mcfall,Organization
272986,committee to elect natalie price committee to elect natalie price,Organization
272987,friends of kim jorgensen gane friends of kim jorgensen gane,Organization
272989,julie moore for state representative julie moore for state representative,Organization
272990,michael markey governor race candida michael markey governor race candidate,Organization
272995,grand rapids area chamber of commerc grand rapids area chamber of commerce ballot committee,Organization
272996,committee to retain judge miriam a. committee to retain judge miriam a. perry,Organization
275165,mark gunn for state representative mark gunn for state representative,Organization
275166,western washtenaw democrats comm western washtenaw democrats committee,Organization
275169,amgen inc political action committee amgen inc political action committee,Organization
275170,committee to elect debra s. kauten s committee to elect debra s. kauten saginaw county circuit court judge,Organization
275175,charles ritchard for state senate charles ritchard for state senate,Organization
275177,wsp usa pac wsp usa pac,Organization
275180,great lakes gun rights pac great lakes gun rights pac,Organization
276230,ashley hanson grimes for judge ashley hanson grimes for judge,Organization
276236,government administrators associatio government administrators association political education committee,Organization
278146,committee to elect bert van dyke committee to elect bert van dyke,Organization
278158,rebecca dangelo judge for kalamazoo rebecca dangelo judge for kalamazoo,Organization
278159,michigan cable telecommunications as michigan cable telecommunications association pac,Organization
278161,morse force leadership fund morse force leadership fund,Organization
281993,committee to elect steele p hughes committee to elect steele p hughes,Organization
281994,right to life of michigan victory fu right to life of michigan victory fund (superpac),Organization
284827,committee to elect matthew r kacel committee to elect matthew r kacel,Organization
286836,committee to elect rachel vinales fo committee to elect rachel vinales for 9th circuit court judge,Organization
286839,miller canfield pac miller canfield pac,Organization
286840,committee to elect jeremy whittum committee to elect jeremy whittum,Organization
286843,committee to elect frank j lafata committee to elect frank j lafata,Organization
286844,cte gus tarraf cte gus tarraf,Organization
286845,friends of emily stivers friends of emily stivers,Organization
286849,kristy pagan leadership fund kristy pagan leadership fund,Organization
286853,dickinson wright pllc political acti dickinson wright pllc political action committee,Organization
286854,the committee to elect troy b daniel the committee to elect troy b daniel 82nd district court judge,Organization
286856,thomas j. allen cte thomas allen thomas j. allen cte thomas allen,Organization
288118,landscape architects of michigan pac landscape architects of michigan pac,Organization
288119,committee to elect martha ptashnik committee to elect martha ptashnik,Organization
288129,mark bernstein for university of mic mark bernstein for university of michigan board of regents,Organization
288136,michigan used beverage container pol michigan used beverage container political action committee,Organization
288137,mi association of theatre owners pol mi association of theatre owners political action committee,Organization
288142,singh pac singh pac,Organization
288144,committee to elect joshua s. eldenbr committee to elect joshua s. eldenbrady-amrhein,Organization
288150,official 9th dist democratic party official 9th district democratic party,Organization
288168,joe hune for state senate joe hune for state senate,Organization
288175,registers for good government registers for good government,Organization
288176,altria group inc political action co altria group inc political action committee,Organization
288181,martin blank for state senate martin blank for state senate,Organization
288191,michigan realtors (superpac) michigan realtors (superpac),Organization
288209,citizens for honest government citizens for honest government,Organization
288216,american federation of state county american federation of state county and municipal employees people,Organization
288221,committee to elect mary hood circuit committee to elect mary hood circuit court judge,Organization
288224,exelon corporation political action exelon corporation political action committee (exelon pac),Organization
288228,friends of nmu friends of northern michigan university,Organization
288232,michigan psychologist political acti michigan psychologist political action comm,Organization
288235,prosperity michigan action fund (sup prosperity michigan action fund (superpac),Organization
288244,committee to elect jim martin committee to elect jim martin,Organization
288247,committee to elect john bizon for st committee to elect john bizon for state representative,Organization
288248,friends of barb anness friends of barb anness,Organization
288274,committee to elect tommy brann for s committee to elect tommy brann for state senate,Organization
288296,michigan planned parenthood votes su michigan planned parenthood votes superpac,Organization
288299,great lakes community investment pac great lakes community investment pac,Organization
288308,james benison for court of appeals james benison for court of appeals,Organization
288320,for our future michigan (superpac) for our future michigan (superpac),Organization
288321,lansing association for human rights lansing association for human rights political action committee,Organization
288324,comm to ban fracking in michigan committee to ban fracking in michigan,Organization
288343,brian calley for governor brian calley for governor,Organization
288373,utica public affairs-michigan educat utica public affairs-michigan education association,Organization
288381,singh for michigan singh for michigan,Organization
288382,singh majority fund singh majority fund,Organization
288389,united parcel service inc pac (upspa united parcel service inc pac (upspac),Organization
288390,bristol myers squibb company politic bristol myers squibb company political action committee,Organization
288392,howrylak victory fund howrylak victory fund,Organization
288411,liberty freedom fund liberty freedom fund,Organization
288419,liberty and justice for all coalitio liberty and justice for all coalition,Organization
288421,stan grot for michigan republicans stan grot for michigan republicans,Organization
288422,greater metropolitan association of greater metropolitan association of realtors (superpac),Organization
288426,committee to elect john michael malo committee to elect john michael malone,Organization
289671,brian williams for state senate brian williams for state senate,Organization
289717,friends of mark ludwig friends of mark ludwig,Organization
289718,committee to elect larry hull committee to elect larry hull,Organization
289719,elect jose flores for mi house of re elect jose flores for mi house of representatives 83rd district,Organization
289720,frank liberati for state senate frank liberati for state senate,Organization
289722,ron kokinda for state rep ron kokinda for state rep,Organization
289724,friends of ken ferguson friends of ken ferguson,Organization
289726,committee to elect tamara mitchell f committee to elect tamara mitchell for state senate,Organization
289729,committee to elect mark zacharda committee to elect mark zacharda,Organization
289730,friends of ksenia milstein friends of ksenia milstein,Organization
289731,our water our democracy our water our democracy,Organization
289732,committee to elect brennen gorman committee to elect brennen gorman,Organization
289735,friends of james sklar friends of james sklar,Organization
289736,paul robert francis 2022 paul robert francis 2022,Organization
289740,committee to elect ryan rank committee to elect ryan rank,Organization
289743,committee to elect betsy coffia committee to elect betsy coffia,Organization
289746,committee to elect marvin cotton jr committee to elect marvin cotton jr,Organization
289747,supporters of john cherry supporters of john cherry,Organization
289750,vote kim nagy committee vote kim nagy committee,Organization
289755,darrin camilleri for state senate darrin camilleri for state senate,Organization
289757,committee to elect madhu anderson committee to elect madhu anderson,Organization
289759,brian begole for state rep brian begole for state rep,Organization
289760,elect seth getz elect seth getz,Organization
289761,alswanson for judge alswanson for judge,Organization
289763,committee to elect alex manwell committee to elect alex manwell,Organization
289766,elect sharon macdonell elect sharon macdonell,Organization
289768,jason rhines for senate jason rhines for senate,Organization
289769,committee to elect neil friske committee to elect neil friske,Organization
289771,committee to elect gary mitchell committee to elect gary mitchell,Organization
289773,friends of hilary dubay friends of hilary dubay,Organization
289774,daylen howard for senate daylen howard for senate,Organization
289775,friends of matt nilson friends of matt nilson,Organization
289776,jeffrey noel for michigan state hous jeffrey noel for michigan state house,Organization
289777,terry j. sabo for state senate terry j. sabo for state senate,Organization
289780,committee to elect michelle smith committee to elect michelle smith,Organization
289781,kevin hertel for state senate kevin hertel for state senate,Organization
289782,committee to elect katybeth davis committee to elect katybeth davis,Organization
289784,committee to elect jonathan scheel committee to elect jonathan scheel,Organization
289788,committee to elect joseph hohler iii committee to elect joseph hohler iii,Organization
289789,service corp international pac service corporation international pac,Organization
289790,committee to elect jay deboyer for s committee to elect jay deboyer for state rep,Organization
289791,committee to elect jordan genso committee to elect jordan genso,Organization
289792,christine e. barnes for state rep co christine e. barnes for state rep committee,Organization
289794,megan cottington heath for circuit c megan cottington heath for circuit court judge,Organization
289798,michael brodsky for michigan michael brodsky for michigan,Organization
289800,thomas albert for state senate thomas albert for state senate,Organization
289801,committee to elect frank j wasung committee to elect frank j wasung,Organization
289803,committee to elect andrew concannon committee to elect andrew concannon circuit court judge,Organization
289804,committee to elect dave prestin committee to elect dave prestin,Organization
289806,friends of john fitzgerald friends of john fitzgerald,Organization
289808,friends to elect kim coonan state re friends to elect kim coonan state representative,Organization
289809,friends of doug wozniak friends of doug wozniak,Organization
289810,committee to elect dr patricia berna committee to elect dr patricia bernard,Organization
289812,bill g schuette for state representa bill g schuette for state representative,Organization
289813,john damoose for state senate john damoose for state senate,Organization
289814,committee to elect michael frazier committee to elect michael frazier,Organization
289817,committee to elect james e johnson j committee to elect james e johnson jr,Organization
289820,committee to elect jenny l. mcneill committee to elect jenny l. mcneill,Organization
289823,kevin s whiteford kevin s whiteford,Organization
289824,gabriel rees for state representativ gabriel rees for state representative,Organization
289825,committee to elect regina williams committee to elect regina williams,Organization
289826,jason kolkema jason kolkema,Organization
289827,friends of brian elder friends of brian elder,Organization
289828,citizens to elect kenyetta dotson fo citizens to elect kenyetta dotson for 69th district state representative,Organization
289829,shadia martini for state representat shadia martini for state representative,Organization
289830,committee to elect john wetzel committee to elect john wetzel,Organization
289832,ken barnard for judge ken barnard for judge,Organization
289833,friends of robyn mccoy friends of robyn mccoy,Organization
289834,committee to elect larry jackson committee to elect larry jackson,Organization
289835,committee to elect debra warren committee to elect debra warren,Organization
289837,friends of rob kull friends of rob kull,Organization
289839,committee to elect danielle c. hall committee to elect danielle c. hall,Organization
289840,friends of joey andrews iv friends of joey andrews iv,Organization
289841,tim kelly for state senate tim kelly for state senate,Organization
289843,friends of jon horford friends of jon horford,Organization
289848,cte alicia st germaine cte alicia st germaine,Organization
289849,rola zarife rola zarife,Organization
289850,friends of penelope tsernoglou friends of penelope tsernoglou,Organization
289851,iron workers local 25 iron workers local 25 state campaign committee,Organization
289853,veronica klinefelt for state senate veronica klinefelt for state senate,Organization
289854,committee to elect dawn weier circui committee to elect dawn weier circuit judge,Organization
289856,christian velasquez for state senate christian velasquez for state senate,Organization
289857,committee to elect austin kreutz committee to elect austin kreutz,Organization
289859,committee to elect brandon davis committee to elect brandon davis,Organization
289860,committee to elect  dale biniecki committee to elect  dale biniecki,Organization
289861,committee to elect gary gerson committee to elect gary gerson,Organization
289862,committe to elect diane schindlbeck committe to elect diane schindlbeck,Organization
289866,committee to elect paul pirrone committee to elect paul pirrone,Organization
289868,tricia dare for oakland county circu tricia dare for oakland county circuit court judge,Organization
289870,denise mentzer for state representat denise mentzer for state representative,Organization
289871,sandy kiesel for state rep sandy kiesel for state rep,Organization
289876,torchio feaster for judge torchio feaster for judge,Organization
289877,michael bosnic for judge michael bosnic for judge,Organization
289878,elect padma kuppa elect padma kuppa,Organization
289880,committee to elect kristen mcdonald committee to elect kristen mcdonald rivet,Organization
289881,friends of kelsey heck wood friends of kelsey heck wood,Organization
289883,friends of emily dievendorf friends of emily dievendorf,Organization
289884,kristina lodovisi kristina lodovisi,Organization
289885,cte brenda richard district court committee to elect brenda richard district court judge,Organization
289886,citizens for joe marino citizens for joe marino,Organization
289887,friends of troy rolling friends of troy rolling,Organization
289889,renewal republican pac renewal republican pac,Organization
289892,david morgan david morgan,Organization
289893,emily bauman for michigan emily bauman for michigan,Organization
289894,aisha m farooqi for state representa aisha m farooqi for state representative,Organization
289895,committee to elect allen wilson for committee to elect allen wilson for state representative,Organization
289897,committee to elect janey lamar for c committee to elect janey lamar for circuit court judge,Organization
289898,committee to elect katie kniss committee to elect katie kniss,Organization
289899,jason hoskins for state representati jason hoskins for state representative,Organization
289900,vote sue shink vote sue shink,Organization
289902,michigan republican party michigan republican party,Organization
289905,committee to elect jack richert committee to elect jack richert,Organization
289909,committee to elect maurice imhoff committee to elect maurice imhoff,Organization
289910,friends of lisa werner friends of lisa werner,Organization
289911,friends of neil oza friends of neil oza,Organization
289912,aaron r gardner for state senate aaron r gardner for state senate,Organization
289913,friends of jamie thompson friends of jamie thompson,Organization
289915,norm shinkle for state representativ norm shinkle for state representative,Organization
289916,friends of matthew bierlein friends of matthew bierlein,Organization
289917,cte samraa luqman cte samraa luqman,Organization
289922,cte joseph aragona cte joseph aragona,Organization
289923,friends of eddie jenkins friends of eddie jenkins,Organization
289927,steven chisholm for state representa steven chisholm for state representative,Organization
289929,friends of joe bellino friends of joe bellino,Organization
289930,jason negri for state representative jason negri for state representative,Organization
289931,committee to elect will bruck committee to elect will bruck,Organization
289932,friends of nicone dragone friends of nicone dragone,Organization
289933,committee to elect brittany dicken f committee to elect brittany dicken for circuit court judge,Organization
289939,solidarity for jimmie wilson jr solidarity for jimmie wilson jr,Organization
289941,friends of jenifer almassy friends of jenifer almassy,Organization
289943,committee to elect lynn afendoulis committee to elect lynn afendoulis,Organization
289945,friends of nicole breadon friends of nicole breadon,Organization
289948,committee to elect cynthia muszynski committee to elect cynthia muszynski for alpena county probate judge,Organization
291305,leadingage michigan pac leadingage michigan pac,Organization
291315,masa pac michigan ambulatory surgery association,Organization
291331,michigan cannabis industry associati michigan cannabis industry association state pac,Organization
291335,perry johnson for governor perry johnson for governor,Organization
291337,turn around wayne county (superpac) turn around wayne county (superpac),Organization
291338,get michigan working again (superpac get michigan working again (superpac),Organization
291339,angelique camfield for circuit court angelique camfield for circuit court judge,Organization
291342,committee to elect maura battersby m committee to elect maura battersby murphy,Organization
291368,committee to elect dewaun e robinson committee to elect dewaun e robinson,Organization
291374,pat miles for attorney general pat miles for attorney general,Organization
291376,william hindle for senate william hindle for senate,Organization
291381,michael warren for justice michael warren for justice,Organization
291382,committee to elect jamie murray committee to elect jamie murray,Organization
291384,friends of david lagrand friends of david lagrand,Organization
291387,friends of cheri hardmon friends of cheri hardmon,Organization
291389,committee to keep renee knake jeffer committee to keep renee knake jefferson msu trustee,Organization
291390,richard bernstein for justice richard bernstein for justice,Organization
291391,keep kyra harris bolden for justice keep kyra harris bolden for justice,Organization
291395,brian zahra for justice brian zahra for justice,Organization
291400,elect amanda siggins elect amanda siggins,Organization
291425,friends of glen miller friends of glen miller,Organization
291449,christina kafkakis christina kafkakis,Organization
291462,committee to elect dale w zorn for committee to elect dale w zorn for representative,Organization
291463,committee to elect ricardo white committee to elect ricardo white,Organization
291475,committee to elect curt vanderwall committee to elect curt vanderwall,Organization
291483,committee to elect jasper martus committee to elect jasper martus,Organization
291487,committee to elect wendy jo watters committee to elect wendy jo watters,Organization
291488,friends of michelle friedman appel friends of michelle friedman appel,Organization
291496,the team and toinu reeves the team and toinu reeves,Organization
291505,cam cavitt for state representative cam cavitt for state representative,Organization
291511,jennifer conlin for state representa jennifer conlin for state representative,Organization
291521,friends of bob howey friends of bob howey,Organization
291530,richard lopez for hd108 richard lopez for hd108,Organization
291532,committee to elect kaleb hudson committee to elect kaleb hudson,Organization
291546,paul hudson for justice paul hudson for justice,Organization
291550,committee to elect charise anderson committee to elect charise anderson,Organization
291553,michigan association of convention a michigan association of convention and visitors bureaus pac,Organization
291581,kelly ann ramsey for judge 2022 kelly ann ramsey for judge 2022,Organization
291583,candicepac candicepac,Organization
291590,western wayne business owners pac western wayne business owners pac,Organization
291591,chang future fund chang future fund,Organization
291592,michigan mises pac michigan mises pac,Organization
291604,constellation energy corporation emp constellation energy corporation employee political action committee,Organization
291611,comm for local empowerment superpac committee for local empowerment (superpac),Organization
291614,keith jones for mi house keith jones for mi house,Organization
291616,committee to re-elect victoria i sha committee to re-elect victoria i shackelford,Organization
291624,general motors company political act general motors company political action committee,Organization
291632,avery d rose for probate judge avery d rose for probate judge,Organization
291634,committee to elect andy griffin committee to elect andy griffin,Organization
291635,morgan cole for 30th circuit court j morgan cole for 30th circuit court judge,Organization
291637,committee to protect voters rights committee to protect voters rights,Organization
291638,committee to elect todd m morgan to committee to elect todd m morgan to 2a district court,Organization
291643,committee to elect penny crider committee to elect penny crider,Organization
291646,committee to elect ken crider committee to elect ken crider,Organization
291651,dennis denno for trustee dennis denno for trustee,Organization
291656,penelope tsernoglou leadership fund penelope tsernoglou leadership fund,Organization
291658,ingham county democratic executive c ingham county democratic executive committee,Organization
291659,amanda j shelton for oakland county amanda j shelton for oakland county circuit court judge,Organization
292947,michigan public transportation actio michigan public transportation action political action committee,Organization
292953,jason woolford for state representat jason woolford for state representative,Organization
292954,voters action committee (superpac) voters action committee (superpac),Organization
292956,michigan families united (superpac) michigan families united (superpac),Organization
292957,take back the michigan senate fund take back the michigan senate fund,Organization
292959,christian horkey christian horkey,Organization
292987,michigan majority michigan majority,Organization
292988,make liberty win superpac make liberty win superpac,Organization
292992,committee to elect greg black committee to elect greg black,Organization
292994,branch county democratic executive c branch county democratic executive committee,Organization
293001,committee to elect harry sawicki committee to elect harry sawicki,Organization
293006,true boards true boards,Organization
293008,committee to elect julie jensen for committee to elect julie jensen for 9th circuit court,Organization
293010,the committee to elect mary a beebe the committee to elect mary a beebe for 82nd district court judge,Organization
293011,friends of sarah may seward friends of sarah may seward,Organization
293015,families who care families who care,Organization
293017,committee to elect gregory stempfle committee to elect gregory stempfle,Organization
293019,committee to retain judge namita sha committee to retain judge namita sharma,Organization
293021,the committee to elect lakena crespo the committee to elect lakena crespo,Organization
293029,committee to elect mark t foster committee to elect mark t foster,Organization
293030,committee to retain judge mark slave committee to retain judge mark slavens,Organization
293035,committee to reelect suzanne faunce committee to reelect suzanne faunce,Organization
293042,republican party of macomb county republican party of macomb county,Organization
293045,committee to elect regina triplett committee to elect regina triplett,Organization
293047,committee to elect robert borer committee to elect robert borer,Organization
293048,john dahlgren for state representati john dahlgren for state representative,Organization
293057,citizens to elect mike aiello for st citizens to elect mike aiello for state representative,Organization
293072,committee to elect craig pappin committee to elect craig pappin,Organization
293074,greater than greater than,Organization
293083,committee to retain judge sima patel committee to retain judge sima patel,Organization
293088,committee to reelect cynthia lane ju committee to reelect cynthia lane judge,Organization
293089,committee to elect tenisha renee yan committee to elect tenisha renee yancey for district court judge,Organization
293091,committee to retain judge teri lynn committee to retain judge teri lynn dennings,Organization
293108,chris wickman for judge chris wickman for judge,Organization
293112,friends of albert mansour friends of albert mansour,Organization
293115,committee to elect anne marie mccart committee to elect anne marie mccarthy for judge,Organization
293124,friends to elect steven m. hyder fir friends to elect steven m. hyder first district court judge,Organization
293129,friends of jerry neyer friends of jerry neyer,Organization
293136,community to elect houston james community to elect houston james,Organization
293140,linda clor for state rep linda clor for state rep,Organization
293145,paul kraus for circuit court judge paul kraus for circuit court judge,Organization
293146,no more time for career politicians no more time for career politicians,Organization
293147,cte julie oneill for judge cte julie oneill for judge,Organization
293160,cte adam sabree cte adam sabree,Organization
293167,protect life committee supporting wo protect life committee supporting women & children,Organization
293175,cte lisa dekryger cte lisa dekryger,Organization
293180,committee to elect robert d crosby j committee to elect robert d crosby judge,Organization
293181,committee to retain judge robert gae committee to retain judge robert gaecke jr,Organization
293183,friends of donni steele friends of donni steele,Organization
294311,kent county democratic party kent county democratic party,Organization
294317,tim golding for state senate tim golding for state senate,Organization
294326,judge michael warren for court of ap judge michael warren for court of appeals,Organization
294337,committee to elect ryan john tetloff committee to elect ryan john tetloff,Organization
294338,committee to elect steven r fox jud committee to elect steven r fox judge,Organization
294342,magellan health pac magellan health pac,Organization
294348,tamara d carlone for state board of tamara d carlone for state board of education,Organization
294350,supportersformoniqueowensforsenate supportersformoniqueowensforsenate,Organization
294354,elect toni mua elect toni mua,Organization
294373,citizens to elect patricia susan fre citizens to elect patricia susan fresard,Organization
294377,mi speech language hearing msha pac michigan speech language hearing association political action committee,Organization
294385,we the parents we the parents,Organization
294386,committee for una hepburn for michig committee for una hepburn for michigan senate,Organization
294395,the people action fund mi the people action fund mi,Organization
294428,committee to elect nicholas christen committee to elect nicholas christensen judge,Organization
294436,michael j mcclory for probate judge michael j mcclory for probate judge,Organization
294482,friends of brian jackson friends of brian jackson,Organization
294499,matthew dawson for michigan matthew dawson for michigan,Organization
294502,progressive democratic womens caucus progressive democratic womens caucus pac,Organization
294503,carrie a rheingans for state represe carrie a rheingans for state representative,Organization
294512,guard our children (superpac) guard our children (superpac),Organization
294516,michigan democratic party senior cau michigan democratic party senior caucus,Organization
294521,somos pac - mi (super pac) somos pac - mi (super pac),Organization
294547,committee to elect velma jean overma committee to elect velma jean overman,Organization
294548,cte lana maria escamilla cte lana maria escamilla,Organization
294550,committee to elect myles w miller fo committee to elect myles w miller for state representative,Organization
294552,genesee county republican party genesee county republican party,Organization
294554,committee to elect aliyah sabree committee to elect aliyah sabree,Organization
294555,committee to elect kelly l. noland 2 committee to elect kelly l. noland 2022,Organization
294556,friends of annie brown friends of annie brown,Organization
294557,mellissa carone for state senate mellissa carone for state senate,Organization
294558,the committee to elect jeffrey lockw the committee to elect jeffrey lockwood,Organization
294559,committee to elect veronica paiz committee to elect veronica paiz,Organization
294560,committee to elect chastity youngblo committee to elect chastity youngblood,Organization
296778,friends of heather cerone friends of heather cerone,Organization
296797,friends to elect steve meckley friends to elect steve meckley,Organization
298555,committee to elect vicki barnett to committee to elect vicki barnett to state senate,Organization
301958,committee to elect virgie ammerman committee to elect virgie ammerman,Organization
301964,committee to reelect marilyn kelly committee to reelect marilyn kelly,Organization
303970,stuart collis for judge stuart collis for judge,Organization
303977,friends of mitchell robinson friends of mitchell robinson,Organization
303979,committee to elect michael behm rege committee to elect michael behm regent,Organization
323853,michigan manufacturers association i michigan manufacturers association impact fund (superpac),Organization
323861,michael balow for msu trustee michael balow for msu trustee,Organization
323863,committee to elect mary cavanagh committee to elect mary cavanagh,Organization
323864,rick wendorf will win msu in 22 rick wendorf will win msu in 22,Organization
323873,lena epstein for michigan regent lena epstein for michigan regent,Organization
325874,committee to elect rafael wolf committee to elect rafael wolf,Organization
325878,committee to elect mary buzuma committee to elect mary buzuma,Organization
325880,citizens to elect monica s. galloway citizens to elect monica s. galloway,Organization
325881,cte pamela pugh cte pamela pugh,Organization
325894,committee to elect earl lackie for m committee to elect earl lackie for mi representative,Organization
326901,committee to elect robert womack committee to elect robert womack,Organization
326903,committee to elect kurt damrow committee to elect kurt damrow,Organization
326906,friends of todd avery friends of todd avery,Organization
326910,michigan fraternal order of police michigan fraternal order of police,Organization
331015,employees of dupont pac dupont de employees of dupont pac dupont de nemours inc.,Organization
331016,policy over party (superpac) policy over party (superpac),Organization
331017,senior living advisory group senior living advisory group,Organization
331024,international association of fire fi international association of fire fighter l1561 pac,Organization
331025,concerned citizens committee (super concerned citizens committee (super pac),Organization
331032,michigan society of hematology and o michigan society of hematology and oncology,Organization
331957,birmingham-bloomfield area democrati birmingham-bloomfield area democratic club,Organization
331961,farbman group pac farbman group pac,Organization
331969,michigan good guys michigan good guys,Organization
342560,michigan for freedom (superpac) michigan for freedom (superpac),Organization
345432,emgage michigan pac (superpac) emgage michigan pac (superpac),Organization
346495,3m company pac 3m company pac,Organization
348247,michigan oil and gas association pac michigan oil and gas association pac,Organization
348250,genesee future fund genesee future fund,Organization
348263,michigan chamber pac iii (superpac) michigan chamber pac iii (superpac),Organization
359074,capa21 capa21,Organization
359075,rebekah warren envision michigan pac rebekah warren envision michigan pac,Organization
359077,the six pac the six pac,Organization
360159,wfp national pac non contribution ac wfp national pac non contribution account,Organization
360164,walled lake citizens for parental ri walled lake citizens for parental rights,Organization
360170,planned parenthood action fund inc p planned parenthood action fund inc pac dba planned parenthood fed pac,Organization
360171,planned parenthood votes (superpac) planned parenthood votes (superpac),Organization
360175,eastside republican club pac eastside republican club political action committee,Organization
361422,committee to elect naomi ludman committee to elect naomi ludman,Organization
363504,the ashley capital pac the ashley capital political action committee,Organization
363515,coalition opposing proposal 3 coalition opposing proposal 3,Organization
364741,michigan association of public emplo michigan association of public employee retirement systems pac,Organization
364742,michigan sierra club independent act michigan sierra club independent action (superpac),Organization
364747,honigman pac honigman pac,Organization
366543,school administrators political acti school administrators political action committee,Organization
367746,united deer farmers of michigan deer united deer farmers of michigan deer pac,Organization
367747,committee to elect shirley stancato committee to elect shirley stancato to wsu board of governors,Organization
371420,the presidential coalition - michiga the presidential coalition - michigan,Organization
371421,old national bank pac old national bank pac,Organization
371423,human rights campaign pac human rights campaign pac,Organization
372431,committee to elect wendy webster jac committee to elect wendy webster jackson state rep,Organization
372433,fight back fund fight back fund,Organization
381629,microsoft corporation stakeholders v microsoft corporation stakeholders voluntary pac,Organization
381630,motorola solutions inc political act motorola solutions inc political action committee,Organization
381636,wells fargo and company employee pac wells fargo and company employee pac,Organization
381637,michigan auto law auto accident at michigan auto law auto accident attorneys,Organization
381646,fund for democratic women fund for democratic women,Organization
381648,committee to elect ron hawkins 2022 committee to elect ron hawkins 2022,Organization
381653,libertarian party of mi exec comm in libertarian party of mi exec comm inc,Organization
381659,michiganworks (superpac) michiganworks (superpac),Organization
381660,miooh fund michigan out of home advocacy fund,Organization
381665,chris martin for east lansing judge chris martin for east lansing judge,Organization
381671,citizens for positive progress citizens for positive progress,Organization
381672,public wise pac public wise pac,Organization
381676,jason morgan majority fund jason morgan majority fund,Organization
381679,working america mi (superpac) working america mi (superpac),Organization
381680,3rd congressional democratic comm 3rd congressional democratic committee,Organization
383453,mi education defense mi education defense,Organization
383461,macomb businesses united macomb businesses united,Organization
383467,koch inc political action committee koch inc political action committee,Organization
383479,lindsey impact fund lindsey impact fund,Organization
383487,hntb holdings ltd political action c hntb holdings ltd political action committee michigan,Organization
383489,fund for michigans future fund for michigans future,Organization
383496,wm good government superpac wm good government superpac,Organization
385169,aecom pac aecom pac,Organization
385180,borton leadership borton leadership,Organization
385208,wont back down pac (superpac) wont back down pac (superpac),Organization
385210,asphalt pavement association of mi p asphalt pavement association of mi pac,Organization
386386,harris leadership fund harris leadership fund,Organization
387847,national association of chain drug s national association of chain drug stores political action committee,Organization
387850,bank of america corporation state an bank of america corporation state and federal pac michigan,Organization
387851,small business for a better michigan small business for a better michigan,Organization
387853,gina majority fund gina majority fund,Organization
387855,michigan pray michigan pray,Organization
391389,safe accessible fair elections michi safe accessible fair elections michigan (superpac),Organization
391396,committee to elect ron l. haywood committee to elect ron l. haywood,Organization
397087,international association of fire fi international association of fire fighters,Organization
402526,capitol affairs pac capitol affairs pac,Organization
402528,namic pac namic pac,Organization
402536,daga michigan people's lawyer projec daga michigan people's lawyer project (superpac),Organization
402537,tech for campaigns (super pac) tech for campaigns (super pac),Organization
403200,pac 9 gop pac 9 gop,Organization
403201,dga victory fund dga victory fund,Organization
405230,philpac philpac,Organization
405231,mcdonald hopkins llc pac mcdonald hopkins llc pac,Organization
405232,traverseconnect pac traverseconnect pac,Organization
406818,vision for victory vision for victory,Organization
406821,sap america inc pac sap america inc pac,Organization
406822,lakeshore leaders fund lakeshore leaders fund,Organization
416371,templar baker group pac templar baker group pac,Organization
416372,hate wont win pac hate wont win pac,Organization
416376,american fed of state county and mun american fed of state county and municipal employees for mi (superpac),Organization
416377,protect the people pac (superpac) protect the people pac (superpac),Organization
417477,amos oneal leadership pac amos oneal leadership pac,Organization
417478,will snyder majority fund will snyder majority fund,Organization
417484,citizens for energy sovereignty citizens for energy sovereignty,Organization
418510,movement voter pac mi movement voter pac mi,Organization
419787,mi dental hygienists pac mdh pac michigan dental hygienists political action committee,Organization
419788,friends of matt hall pac friends of matt hall pac,Organization
424010,central michigan conservative leader central michigan conservative leadership,Organization
424012,clean wave (superpac) clean wave (superpac),Organization
424965,womens political committee womens political committee,Organization
426056,mi leaders of tomorrow mi leaders of tomorrow,Organization
426058,12th congressional district democrat 12th congressional district democrats,Organization
426060,jane fonda climate pac jane fonda climate pac,Organization
426061,the lincoln project (super pac) the lincoln project (super pac),Organization
426063,moveon.org political action moveon.org political action,Organization
427982,mission first people always pac mission first people always pac,Organization
427984,citizens advancing student education citizens advancing student education,Organization
427986,sister district project sister district project,Organization
427991,integrity first macomb (superpac) integrity first macomb (superpac),Organization
427995,warner norcross and judd pac wnj pac warner norcross and judd political action committee,Organization
427998,deldin law pac deldin law pac,Organization
428001,star pac star pac,Organization
429536,colorofchange pac (superpac) colorofchange pac (superpac),Organization
433473,state democracy defenders pac state democracy defenders pac,Organization
433475,michigan peoples campaign independen michigan peoples campaign independent expenditure committee (superpac),Organization
442484,save michigan pac (superpac) save michigan pac (superpac),Organization
456515,blackpac michigan (superpac) blackpac michigan (superpac),Organization
470830,nextgen climate action committee (su nextgen climate action committee (super pac),Organization
509265,run for something michigan run for something michigan,Organization
509266,humane society legislative fund (sup humane society legislative fund (super pac),Organization
510766,everytown for gun safety action fund everytown for gun safety action fund inc pac,Organization
510767,lgbtq victory fund federal pac lgbtq victory fund federal pac,Organization
510771,michigan leadership committee pac (s michigan leadership committee pac (superpac),Organization
512718,national democratic redistricting pa national democratic redistricting pac,Organization
514402,gun rights america (superpac) gun rights america (superpac),Organization
514403,los angeles womens giving collective los angeles womens giving collective pac,Organization
514404,impact fund impact fund,Organization
514406,women vote michigan (superpac) women vote michigan (superpac),Organization
516385,michael lynn haueisen michael lynn haueisen,Organization
521884,michiganders for freedom michiganders for freedom,Organization
521885,american principles project pac (sup american principles project pac (super pac),Organization
521896,michigan agri business association michigan agri business association,Organization
548988,committee to elect jessie scott wood committee to elect jessie scott wood,Organization
550892,mercedes watts mercedes watts,Organization
550893,committee to elect craig wilsher for committee to elect craig wilsher for wsu,Organization
550894,scott barlow for michigan scott barlow for michigan,Organization
550899,team paul taros team paul taros,Organization
550909,erin byrnes for state representative erin byrnes for state representative,Organization
550911,newaygo county democratic comm newaygo county democratic comm,Organization
550917,committee to elect nate bailey committee to elect nate bailey,Organization
550919,nuestro pac - mi (superpac) nuestro pac - mi (superpac),Organization
552851,isabella county democratic party isabella county democratic party,Organization
552852,josh hilgart for judge josh hilgart for judge,Organization
552853,make democracy work make democracy work,Organization
552875,committee to elect kiefer joseph cox committee to elect kiefer joseph cox for judge,Organization
557070,hillsdale county republican party hillsdale county republican party,Organization
560794,friends of lisa babcock friends of lisa babcock,Organization
562766,clare county democratic committee clare county democratic committee,Organization
562783,jackson county democratic executive jackson county democratic executive committee,Organization
562788,defend your vote defend your vote,Organization
566512,committee for robert noble dist 8 committee for robert noble dist 8,Organization
568586,friends of christine gerace friends of christine gerace,Organization
572737,committee to elect george lucas committee to elect george lucas,Organization
574557,parker fairbairn for state represent parker fairbairn for state representative,Organization
578315,friends to elect danielle atkinson friends to elect danielle atkinson,Organization
608375,kelly sackett for state rep kelly sackett for state rep,Organization
608377,protect mi voter id protect mi voter id,Organization
617732,mason county democratic party mason county democratic party,Organization
636999,committee to elect judge kristen sim committee to elect judge kristen simmons incumbent,Organization
637000,somos votantes - michigan somos votantes - michigan,Organization
638859,defend freedom defend freedom,Organization
638863,cte donavan mckinney for state rep the committee to elect donavan mckinney for state representative,Organization
698448,tina bednarski-lynch for state repre tina bednarski-lynch for state representative,Organization
711610,friends of stephanie fakih friends of stephanie fakih,Organization
828904,committee to elect kimberly kennedy committee to elect kimberly kennedy barrington,Organization
828920,hands off our kids hands off our kids,Organization
830655,unborn equity and voting integrity unborn equity and voting integrity,Organization
832218,dickinson county republican committe dickinson county republican committee,Organization
833901,ivote ie mi pac (super pac) ivote ie mi pac (super pac),Organization
833904,committee to elect paul whitney committee to elect paul whitney,Organization
835619,national rifle association political national rifle association political victory fund michigan branch,Organization
835631,lapeer proposals lapeer proposals,Organization
835645,residents for a better wayne county residents for a better wayne county pac,Organization
835649,committee to retain alan curtis as p committee to retain alan curtis as probate judge,Organization
835653,committee to elect cyndi s peltonen committee to elect cyndi s peltonen,Organization
835656,philip cavanagh for 3rd circuit judg philip cavanagh for 3rd circuit judge,Organization
837889,the committee to retain tony flores the committee to retain tony flores for 54a district court judge,Organization
841741,christa murphy for wsu christa murphy for wsu,Organization
951634,cozen oconnor pac cozen oconnor political action committee,Organization
951641,stronger fairer forward mi pac stronger fairer forward mi pac,Organization
956004,democratic messaging project democratic messaging project,Organization
956014,triston cole for state senate triston cole for state senate,Organization
956016,rob gjonaj donovic for rep rob gjonaj donovic for rep,Organization
956021,republican accountability pac (super republican accountability pac (super pac),Organization
956033,ultraviolet pac - mi (super pac) ultraviolet pac - mi (super pac),Organization
977380,beau lafave for state representative beau lafave for state representative,Organization
977387,committee to protect health care - m committee to protect health care - michigan (superpac),Organization
977389,ionia county republican party ionia county republican party,Organization
977392,citizens for a better government citizens for a better government,Organization
977393,commitee to elect jacob skarbek for commitee to elect jacob skarbek for state representative,Organization
979782,friends of salim al shatel friends of salim al shatel,Organization
979789,susan b. anthony candidate fund susan b. anthony candidate fund,Organization
979803,jordan acker for regent jordan acker for regent,Organization
979809,com reelct judge sheila ann gibson committee to reelect judge sheila ann gibson,Organization
979812,crh americas inc pac crh americas inc pac,Organization
983990,committee to elect charles shelton committee to elect charles shelton,Organization
983994,committee to elect jessie couch committee to elect jessie couch,Organization
984000,rffw ballot question committee rffw ballot question committee,Organization
987767,westland police lts and sgts associa westland police lts and sgts association committee for good govt,Organization
987768,laborers local 1191 construction wor laborers local 1191 construction workers ind edu committee (superpac),Organization
987773,michigan democratic party anishinaab michigan democratic party anishinaabek caucus,Organization
987777,grosse pointe education 1st (superpa grosse pointe education 1st (superpac),Organization
987779,conlin for michigan conlin for michigan,Organization
989006,committee to elect kristian grant committee to elect kristian grant,Organization
990219,otsego county democratic party otsego county democratic party,Organization
990231,sharifa kerene moore for court of ap sharifa kerene moore for court of appeals judge,Organization
992074,cascade leadership fund cascade leadership fund,Organization
993172,get smit done leadership fund get smit done leadership fund,Organization
994585,antrim county republican party antrim county republican party,Organization
995579,michigan licensed beverage associati michigan licensed beverage association pac 2,Organization
995580,11th congressional district republic 11th congressional district republican committee,Organization
995583,roger victory for state house roger victory for state house,Organization
995588,committee to elect adrienne g. scrug committee to elect adrienne g. scruggs,Organization
995590,young for michigan pac young for michigan pac,Organization
996424,5th district republican committee 5th district republican committee,Organization
997556,take it back superpac take it back superpac,Organization
997557,chippewa county republican committee chippewa county republican committee,Organization
997559,oakland educators pac oakland educators pac,Organization
1002303,committee to elect jared polonowski committee to elect jared polonowski,Organization
1002304,jolene clearwater for allegan county jolene clearwater for allegan county probate court,Organization
1002307,karl bohnak 4 state rep karl bohnak 4 state rep,Organization
1003998,6th congressional district republica 6th congressional district republican committee,Organization
1004002,flagstar bank federal pac flagstar bank federal pac,Organization
1004003,friends of andrea rutkowski friends of andrea rutkowski,Organization
1004013,friends of mai xiong friends of mai xiong,Organization
1005895,friends of layla taha friends of layla taha,Organization
1005896,peter herzberg for state rep peter herzberg for state rep,Organization
1005897,alpena county republican party alpena county republican party,Organization
1005901,josh powell for michigan josh powell for michigan,Organization
1005920,the peoples pac the peoples pac,Organization
1007736,ogemaw county republican committee ogemaw county republican committee,Organization
1007740,michigan smart td pac michigan smart td pac,Organization
1007742,citizens for the michigan animal abu citizens for the michigan animal abuse registry,Organization
1007744,denise ilitch for u of m regent denise ilitch for u of m regent,Organization
1009443,apartment association of michigan po apartment association of michigan political action committee,Organization
1009453,committee to elect burt mason committee to elect burt mason,Organization
1009455,stacey truesdell for probate judge stacey truesdell for probate judge,Organization
1009456,great lakes physicians organization great lakes physicians organization pac,Organization
1010895,michigan 9th congressional district michigan 9th congressional district republican committee,Organization
1012334,purpose financial inc. pac purpose financial inc. pac,Organization
1012340,always moving forward pac always moving forward pac,Organization
1012345,tricia dare for circuit judge tricia dare for circuit judge,Organization
1013750,republican caucus of saginaw county republican caucus of saginaw county,Organization
1013758,nancy deboer leadership fund nancy deboer leadership fund,Organization
1015996,6th congressional district democrats 6th congressional district democrats committee,Organization
1020746,freedom to learn pac freedom to learn pac,Organization
1020754,citizens to save our public safety a citizens to save our public safety and schools,Organization
1020758,dana nessel leadership fund dana nessel leadership fund,Organization
1025441,david e rutledge election committee david e rutledge election committee,Organization
1025443,farhat for michigan pac farhat for michigan pac,Organization
1025444,go far pac go far pac,Organization
1025446,kunse majority fund kunse majority fund,Organization
1030257,reggie miller for michigan reggie miller for michigan,Organization
1030266,seiu local 1 michigan political educ seiu local 1 michigan political education committee,Organization
1059422,michigan health access alliance michigan health access alliance,Organization
1059433,friends of judge andrew kowalkowski friends of judge andrew kowalkowski,Organization
1059441,greene majority motivated fund greene majority motivated fund,Organization
1059443,dillon leadership fund dillon leadership fund,Organization
1059451,south lyon area republicans south lyon area republicans,Organization
1059454,ivan diaz for michigan ivan diaz for michigan,Organization
1062104,mcfall leadership fund mcfall leadership fund,Organization
1062105,michigan common sense party michigan common sense party,Organization
1062115,the travelers companies inc. politic the travelers companies inc. political action committee,Organization
1062117,michigans electric cooperatives pac michigans electric cooperatives pac,Organization
1062119,tom matthew for state rep tom matthew for state rep,Organization
1062121,doug corwin jr. for probate judge doug corwin jr. for probate judge,Organization
1062126,begole leadership fund begole leadership fund,Organization
1062140,jean zott for michigan jean zott for michigan,Organization
1062143,migop 3rd congressional district migop 3rd congressional district,Organization
1063100,barry county democratic committee barry county democratic committee,Organization
1063105,van buren county democratic committe van buren county democratic committee,Organization
1063113,committee to elect anthony r. servit committee to elect anthony r. servitto,Organization
1064497,lisa neilson for court of appeals lisa neilson for court of appeals,Organization
1064503,libertarian party of genesee county libertarian party of genesee county,Organization
1065805,mi creditors bar association pac michigan creditors bar association political action committee,Organization
1065812,citizens for michigan citizens for michigan,Organization
1069326,lansing future pac (superpac) lansing future pac (superpac),Organization
1069327,committee to elect jeffrey clothier committee to elect jeffrey clothier,Organization
1069330,10th congressional district of the m 10th congressional district of the michigan republican party,Organization
1084165,mackinac couty republican committee mackinac couty republican committee,Organization
1084168,american clean power association cle american clean power association cleanpower pac,Organization
1086577,washtenaw citizens for accountabilit washtenaw citizens for accountability and transparency,Organization
1086579,cte adam stathakis cte adam stathakis,Organization
1086582,kevin coleman future leaders fund kevin coleman future leaders fund,Organization
1088375,newaygo county grassroots pac newaygo county grassroots pac,Organization
1088380,mi forward fund mi forward fund,Organization
1088388,michigan republican assembly michigan republican assembly,Organization
1088389,keep judge matt antkoviak circuit ju keep judge matt antkoviak circuit judge,Organization
1088401,nationwide mutual insurance company nationwide mutual insurance company political action committee,Organization
1088402,axmitax axmitax,Organization
1088403,save our guns save our guns,Organization
1088408,second district republican committee second district republican committee of michigan (migopd2),Organization
1088414,bierlein majority fund bierlein majority fund,Organization
1088416,america first hillsdale republicans america first hillsdale republicans,Organization
1088418,rigas leadership fund rigas leadership fund,Organization
1088419,michigan conservative michigan conservative,Organization
1088421,friends of jamie callahan friends of jamie callahan,Organization
1089384,anthony pac anthony pac,Organization
1089392,alexander for majority alexander for majority,Organization
1089396,adam stockford for michigan adam stockford for michigan,Organization
1090606,bay area majority fund bay area majority fund,Organization
1090610,todd smalenberg for state rep todd smalenberg for state rep,Organization
1091746,securing michigans future securing michigans future,Organization
1093238,grant leadership fund grant leadership fund,Organization
1093243,bouchard victory fund bouchard victory fund,Organization
1099727,committee to elect angela cole proba committee to elect angela cole probate judge,Organization
1099728,trevis harrold for michigan trevis harrold for michigan,Organization
1106201,tyson foods inc political action com tyson foods inc political action committee,Organization
1107963,michigan legacy pac michigan legacy pac,Organization
1107968,friske leadership fund friske leadership fund,Organization
1107977,andrew fink for michigan supreme cou andrew fink for michigan supreme court,Organization
1107978,trust the truth (superpac) trust the truth (superpac),Organization
1107979,committee to elect steve frisbie for committee to elect steve frisbie for state house,Organization
1109554,webber majority fund webber majority fund,Organization
1109556,thompson leadership fund thompson leadership fund,Organization
1109567,stand tall pac stand tall pac,Organization
1114219,allegan families first allegan families first,Organization
1114220,friends of sunny reddy friends of sunny reddy,Organization
1114230,joe aragona for majority joe aragona for majority,Organization
1114231,enduring majority fund enduring majority fund,Organization
1117354,friends of don keskey friends of don keskey,Organization
1117359,dayna for michigan dayna for michigan,Organization
1117363,schuette majority fund schuette majority fund,Organization
1117367,committee to elect kimberly edwards committee to elect kimberly edwards,Organization
1117368,committee to elect adam abusalah committee to elect adam abusalah,Organization
1117379,nesbitt for michigan nesbitt for michigan,Organization
1117387,moving canton forward together moving canton forward together,Organization
1120313,committee to elect lisa trombley committee to elect lisa trombley,Organization
1120320,michigan cooperative unity partnersh michigan cooperative unity partnership pac,Organization
1120325,8th congressional district republica 8th congressional district republican committee,Organization
1130069,friends of shannon rochon friends of shannon rochon,Organization
1130073,red pilled red pilled,Organization
1131494,committee to elect melandie hines fo committee to elect melandie hines for michigan,Organization
1131497,michigan justice advocacy bqc michigan justice advocacy bqc,Organization
1131500,land of opportunity pac land of opportunity pac,Organization
1131501,13th congressional gop 13th congressional gop,Organization
1133053,citizens for local choice citizens for local choice,Organization
1133059,michigan crna pac michigan crna pac,Organization
1135933,macomb community college faculty org macomb community college faculty organization pac,Organization
1137034,fitzgerald for michigan pac fitzgerald for michigan pac,Organization
1138971,jeremy garza leadership pac jeremy garza leadership pac,Organization
1140383,we the people power pac we the people power pac,Organization
1140392,michigan action political fund michigan action political fund,Organization
1140395,michigan cemetery association pac michigan cemetery association pac,Organization
1140403,holcim us employees michigan pac holcim us employees michigan pac,Organization
1141510,american hotel and lodging associati american hotel and lodging association political action committee,Organization
1146653,concerned citizens 24 concerned citizens 24,Organization
1148464,justice for allegan county justice for allegan county,Organization
1153536,citizens for a better west michigan citizens for a better west michigan,Organization
1155064,mi soy pac mi soy pac,Organization
1155070,andrews majority political action co andrews majority political action committee,Organization
1156489,friends for democracy friends for democracy,Organization
1163868,river raisin conservatives river raisin conservatives,Organization
1163871,northern lights leadership fund northern lights leadership fund,Organization
1163876,the big local pac the big local pac,Organization
1165874,republic svcs inc employees for bett republic svcs inc employees for better govt pac,Organization
1193555,republican ladies leading lansing republican ladies leading lansing,Organization
1196068,carrie rheingans cares about michiga carrie rheingans cares about michigan,Organization
1201155,northern michigan leadership pac northern michigan leadership pac,Organization
1204031,lenawee county conservatives lenawee county conservatives,Organization
1220477,smalltown values pac smalltown values pac,Organization
1224061,basf corporation employees political basf corporation employees political action committee,Organization
1234868,every job is essential pac (superpac every job is essential pac (superpac),Organization
1234871,central michigan community fund central michigan community fund,Organization
1234880,mi corn growers assocation pac mi corn growers assocation pac,Organization
1239193,sustainable michigan leadership sustainable michigan leadership,Organization
1239199,michigan majority leadership fund pa michigan majority leadership fund pac,Organization
1245343,western wayne county pac western wayne county pac,Organization
1248420,mcbroom for michigan mcbroom for michigan,Organization
1248424,developing michigan developing michigan,Organization
1268174,the first ask the first ask,Organization
1268178,michael baker international holdco c michael baker international holdco corporation political action committe,Organization
1276064,red white and blue pac red white and blue pac,Organization
1278723,livonia democratic club state local livonia democratic club state local political action committee,Organization
1278729,glbr for effective government glbr for effective government,Organization
1278730,faith family and freedom fund faith family and freedom fund,Organization
1279552,snyder for michigan snyder for michigan,Organization
1281102,meijer for senate inc. meijer for senate inc.,Organization
1281110,northville leadership fund northville leadership fund,Organization
1281111,midwest independent retailers associ midwest independent retailers association pac,Organization
1289968,concerned parents coalition of michi concerned parents coalition of michigan,Organization
1289969,maga michigan pac maga michigan pac,Organization
1289970,noahs arc majority fund noahs arc majority fund,Organization
1291884,black leadership action fund black leadership action fund,Organization
1293560,vote novi vote novi,Organization
1293564,committee to elect brandon sinclair committee to elect brandon sinclair,Organization
1293567,common power common power,Organization
1296911,road sprinkler fitters local union n road sprinkler fitters local union no 669 ua afl cio pac,Organization
1296912,action changes things political acti action changes things political action committee - rochester education a,Organization
1296921,white lake area futures white lake area futures,Organization
1298229,cowley for michigan cowley for michigan,Organization
1298235,chris jackson for michigan chris jackson for michigan,Organization
1299407,committee to elect matthew castillo committee to elect matthew castillo,Organization
1299422,lipson neilson pac lipson neilson pac,Organization
1300375,committee to elect kevin m kane for committee to elect kevin m kane for probate judge,Organization
1300380,committee to elect ryan maxon committee to elect ryan maxon,Organization
1300381,committee to elect russell cleary committee to elect russell cleary,Organization
1304723,committee to elect randy girard committee to elect randy girard,Organization
1304732,committee to elect william paul slou committee to elect william paul slough,Organization
1306985,john larkin for 3rd circuit judge john larkin for 3rd circuit judge,Organization
1306995,committee to elect tim meyer committee to elect tim meyer,Organization
1312219,sharifa kerene moore for judge sharifa kerene moore for judge,Organization
1313745,jinan hamood for judge jinan hamood for judge,Organization
1315466,committee to elect marcia mansaray committee to elect marcia mansaray,Organization
1315474,committee to elect jeb allen for cir committee to elect jeb allen for circuit judge,Organization
1315475,jennifer parmalee for probate judge jennifer parmalee for probate judge,Organization
1316859,committee to elect dianne marie long committee to elect dianne marie longoria as lake county probate judge,Organization
1318243,committee to elect eric r. fox committee to elect eric r. fox,Organization
1318245,cte frank perez cte frank perez,Organization
1320206,tom mcmillin for state board of educ tom mcmillin for state board of education,Organization
1321292,rslc pac (superpac) rslc pac (superpac),Organization
1321296,friends of danene shumaker friends of danene shumaker,Organization
1321301,committee to elect ken heuvelman committee to elect ken heuvelman,Organization
1321302,vote crystal bailey vote crystal bailey,Organization
1323150,marathon petroleum corporation emplo marathon petroleum corporation employees pac,Organization
1324845,jeff gorman 4 no regrets jeff gorman 4 no regrets,Organization
1326328,committee to elect charles john ante committee to elect charles john anter,Organization
1326329,aaron pac aaron pac,Organization
1329296,committee to elect kevin hammer committee to elect kevin hammer,Organization
1329303,jonathan j. paasch for 63rd district jonathan j. paasch for 63rd district court judge,Organization
1329305,alex hawkins for michigan alex hawkins for michigan,Organization
1329308,committee to elect austin breuer committee to elect austin breuer,Organization
1329313,cte robert wojtowicz cte robert wojtowicz,Organization
1331415,cte richard m. steenland cte richard m. steenland,Organization
1333175,committee to elect daniel ohara committee to elect daniel ohara,Organization
1335901,committee to elect amanda odette committee to elect amanda odette,Organization
1335907,friends of kathy g. pelleran-mahoney friends of kathy g. pelleran-mahoney,Organization
1335915,committee to elect robert p. coutts committee to elect robert p. coutts 34th district judge,Organization
1335916,graphic communications council distr graphic communications council district council 3 pac,Organization
1337826,liberati for michigan liberati for michigan,Organization
1343832,committee to elect john grossenbache committee to elect john grossenbacher,Organization
1346701,our land our rights our land our rights,Organization
1346702,committee to retain judge catherine committee to retain judge catherine heise,Organization
1346705,friends to elect tracy ruell friends to elect tracy ruell,Organization
1346708,creek pac creek pac,Organization
1346714,shelly fraley for mi60 shelly fraley for mi60,Organization
1346715,commitee to elect rich cutshaw commitee to elect rich cutshaw,Organization
1348455,restore michigan restore michigan,Organization
1348457,committee to elect k.c. baran committee to elect k.c. baran,Organization
1348458,genentech inc. political action comm genentech inc. political action committee,Organization
1348460,klinefelt for michigan klinefelt for michigan,Organization
1348462,amante for michigan amante for michigan,Organization
1348468,committee to elect charissa huang fo committee to elect charissa huang for 17th circuit court judge,Organization
1348472,midwives delivering for mi midwives delivering for mi,Organization
1351299,friends of kevin ziegler for state r friends of kevin ziegler for state rep,Organization
1354333,committee to elect anna r. rapa committee to elect anna r. rapa,Organization
1354337,cte tawn beliger cte tawn beliger,Organization
1354342,friends of stephanie chang friends of stephanie chang,Organization
1354352,committee to elect lois maassen committee to elect lois maassen,Organization
1354356,solidarity for michigan solidarity for michigan,Organization
1354359,rslc - great lakes pac rslc - great lakes pac,Organization
1355055,conservative voices conservative voices,Organization
1355057,cte benjamin a. schock for probate c cte benjamin a. schock for probate court,Organization
1356114,prestin majority fund prestin majority fund,Organization
1356119,maxim healthcare services inc michig maxim healthcare services inc michigan political action committee,Organization
1357473,horsepower pac horsepower pac,Organization
1357490,friends of the west michigan gop pac friends of the west michigan gop pac,Organization
1359445,committee to elect kevin hesselink o committee to elect kevin hesselink otsego county probate judge,Organization
1359454,west michigan strong superpac west michigan strong superpac,Organization
1359455,better michigan superpac better michigan superpac,Organization
1359467,committee to elect julie derose committee to elect julie derose,Organization
1359469,committee to elect jim fouts committee to elect jim fouts,Organization
1359471,don hicks for state representative don hicks for state representative,Organization
1359475,matthew mckone for district judge matthew mckone for district judge,Organization
1402315,elect trina borenstein elect trina borenstein,Organization
1402328,red pilled michigan pac red pilled michigan pac,Organization
1402329,woolford victory fund woolford victory fund,Organization
1404249,michigan college democrats pac michigan college democrats pac,Organization
1404250,tamara lopez for kent county probate tamara lopez for kent county probate judge,Organization
1404251,erin schultes for state rep erin schultes for state rep,Organization
1404252,alice bernal for circuit court judge alice bernal for circuit court judge,Organization
1404261,mary for michigan mary for michigan,Organization
1409133,jane fonda climate pac michigan jane fonda climate pac michigan,Organization
1410117,friends of abby wheeler friends of abby wheeler,Organization
1411005,greater michigan pac greater michigan pac,Organization
1412574,donald t eason for state rep donald t eason for state rep,Organization
1412578,progressive courts pac progressive courts pac,Organization
1415186,tim kelly for state representative tim kelly for state representative,Organization
1415191,committee to elect matthew j. wojda committee to elect matthew j. wojda probate judge,Organization
1415195,environmental defense action fund pa environmental defense action fund pac,Organization
1417055,michigan association of collection a michigan association of collection agencies macapac,Organization
1417056,friends of morgan foreman friends of morgan foreman,Organization
1417057,committee to elect emily jipp for ci committee to elect emily jipp for circuit court judge,Organization
1417058,jason dillingham for state represent jason dillingham for state representative,Organization
1417060,committe to reelect james p lambros committe to reelect james p lambros,Organization
1438582,committee to elect christian marcus committee to elect christian marcus,Organization
1443363,maria ruggirello for 35th district j maria ruggirello for 35th district judge,Organization
1449814,alexandria taylor for michigan alexandria taylor for michigan,Organization
1452313,commitee to elect todd l. barron commitee to elect todd l. barron,Organization
1452317,friends of sabrina lopez friends of sabrina lopez,Organization
1457212,committee to elect kerry tapper committee to elect kerry tapper,Organization
1493573,duggan leadership fund duggan leadership fund,Organization
1495169,lucido for a brighter tomorrow pac lucido for a brighter tomorrow pac,Organization
1495172,committee to elect kimberly gildner committee to elect kimberly gildner probate judge,Organization
1495182,climate cabinet pac - michigan climate cabinet pac - michigan,Organization
1497053,committee to elect mariko willis committee to elect mariko willis,Organization
1497062,pointers for academic excellence (su pointers for academic excellence (superpac),Organization
1498885,marcus t. chmiel for 63rd district c marcus t. chmiel for 63rd district court judge,Organization
1498886,vote save america vote save america,Organization
1498890,committee to elect abby klomparens committee to elect abby klomparens,Organization
1498892,resolute republic superpac resolute republic superpac,Organization
1503070,make liberty win (superpac) make liberty win (superpac),Organization
1507554,abbvie political action committee abbvie political action committee,Organization
1549782,friends to elect tom konesky friends to elect tom konesky,Organization
1549786,committee to elect rudy m howard jr committee to elect rudy m howard jr,Organization
1551369,committee to elect andy wood committee to elect andy wood,Organization
1551370,josh rockey for state rep josh rockey for state rep,Organization
1551374,committee to elect tyler fox committee to elect tyler fox,Organization
1551375,committee to elect elias j fanous committee to elect elias j fanous,Organization
1551376,committee to elect kelly ward for pr committee to elect kelly ward for probate judge,Organization
1551377,nicholas gumina for judge nicholas gumina for judge,Organization
1551378,nancy chinonis for circuit judge nancy chinonis for circuit judge,Organization
1551385,committee to elect griffin wojtowicz committee to elect griffin wojtowicz,Organization
1553490,committee to elect julia kelly for j committee to elect julia kelly for judge,Organization
1553491,committee to elect kim s. corcoran committee to elect kim s. corcoran,Organization
1553492,committee to elect jennifer johnsen committee to elect jennifer johnsen for 17th circuit court judge,Organization
1553493,vote mama vote mama,Organization
1553497,ryan leo good ryan leo good,Organization
1553504,michelle ambrozaitis for judge michelle ambrozaitis for judge,Organization
1553506,friends of nancy jenkins-arno friends of nancy jenkins-arno,Organization
1553508,committee to elect david m. glancy committee to elect david m. glancy,Organization
1553510,friends of kyle wright friends of kyle wright,Organization
1555398,christine morse for 9th circuit cour christine morse for 9th circuit court,Organization
1555402,david m. delaney david m. delaney,Organization
1555403,committee to elect timothy odykirk committee to elect timothy odykirk,Organization
1557310,rima mohammad for state representati rima mohammad for state representative,Organization
1557312,committee to elect aaron j. hall committee to elect aaron j. hall,Organization
1559234,the committee to elect jon leroux the committee to elect jon leroux,Organization
1559235,daniel mercier for judge daniel mercier for judge,Organization
1559237,cody dill for state representative cody dill for state representative,Organization
1559239,committee to elect peter kulas-domin committee to elect peter kulas-dominguez,Organization
1559240,elizabeth peterson for circuit court elizabeth peterson for circuit court judge,Organization
1559241,families for jason rubin families for jason rubin,Organization
1562588,committee to elect doug murch committee to elect doug murch,Organization
1562590,christopher crain for state represen christopher crain for state representative,Organization
1564329,friends of hermon barbe for michigan friends of hermon barbe for michigan,Organization
1564334,friends of tommy brann friends of tommy brann,Organization
1564336,citizens for chip chipman citizens for chip chipman,Organization
1566113,committee to elect joe pavlov committee to elect joe pavlov,Organization
1566119,committee to elect janise oneil robi committee to elect janise oneil robinson,Organization
1567476,michigan trucking association politi michigan trucking association political action committee,Organization
1567478,brian ignatowski for state represent brian ignatowski for state representative,Organization
1567481,committee to elect teresa patton committee to elect teresa patton,Organization
1567483,randy j. wallace for court of appeal randy j. wallace for court of appeals,Organization
1567484,i like clean water i like clean water,Organization
1569272,committee to elect alexander w. harr committee to elect alexander w. harris,Organization
1569273,committee to elect matt longjohn committee to elect matt longjohn,Organization
1569279,jennifer wortz committee to elect fo jennifer wortz committee to elect for state rep,Organization
1571084,elissa slotkin for michigan elissa slotkin for michigan,Organization
1573084,matthew delange for judge matthew delange for judge,Organization
1573087,friends of randy levasseur friends of randy levasseur,Organization
1573089,committee to elect jevona fudge committee to elect jevona fudge,Organization
1573090,committee to elect chaz fowler committee to elect chaz fowler,Organization
1573100,the committee to elect kendrah robin the committee to elect kendrah robinson,Organization
1573102,friends of stephen wooden friends of stephen wooden,Organization
1573103,committee to elect daniel mahoney committee to elect daniel mahoney,Organization
1575219,saima rehman khalil for judge saima rehman khalil for judge,Organization
1575220,friends of rylee linting friends of rylee linting,Organization
1575223,nicole s. huddleston for oakland cou nicole s. huddleston for oakland county circuit court judge,Organization
1577163,austin marsman for michigan austin marsman for michigan,Organization
1577164,andy shaver for michigan andy shaver for michigan,Organization
1577165,committee to elect nicole castka committee to elect nicole castka,Organization
1577169,michelle woodman michelle woodman,Organization
1577171,friends of tonya myers phillips friends of tonya myers phillips,Organization
1577174,committee to elect ron robinson committee to elect ron robinson,Organization
1577175,committee to elect michael malmborg committee to elect michael malmborg,Organization
1577177,friends of kristina lyke friends of kristina lyke,Organization
1577182,the committee to elect james l. gilb the committee to elect james l. gilbert for probate judge,Organization
1579010,maria mendoza-boc for michigan maria mendoza-boc for michigan,Organization
1579019,committee to elect moneka sanford fo committee to elect moneka sanford for judge,Organization
1579025,cte dom restuccia cte dom restuccia,Organization
1579029,friends of chris gilmer-hill friends of chris gilmer-hill,Organization
1581394,progressive caucus of mid michigan progressive caucus of mid michigan,Organization
1581397,adrienne nicole young for judge adrienne nicole young for judge,Organization
1581399,evergreen action evergreen action,Organization
1581402,committee to elect john sheets to mi committee to elect john sheets to michigan house of representatives,Organization
1581403,youngquist for michigan youngquist for michigan,Organization
1581409,committee to elect herman griffin committee to elect herman griffin,Organization
1581410,cte jorja baldwin cte jorja baldwin,Organization
1583164,rasha demashkieh for wsu rasha demashkieh for wsu,Organization
1583165,committee to elect dan kelly committee to elect dan kelly,Organization
1583166,comm to elect nicolette m snyder committee to elect nicolette m snyder,Organization
1583169,matthew deperno for judge matthew deperno for judge,Organization
1583170,rebecca bahar-cook for msu trustee rebecca bahar-cook for msu trustee,Organization
1586886,judge mark boonstra for michigan sup judge mark boonstra for michigan supreme court,Organization
1586887,judge patrick william ogrady for mic judge patrick william ogrady for michigan supreme court,Organization
1586888,kimberly thomas for michigan supreme kimberly thomas for michigan supreme court,Organization
1589014,shauna ryder diggs for university of shauna ryder diggs for university of michigan regent,Organization
1589017,julue maday for msu julue maday for msu,Organization
1589029,cte ziad abdulmalik cte ziad abdulmalik,Organization
1591120,anissa buffin state house rep. d67 anissa buffin state house rep. d67,Organization
1591138,grand new party pac grand new party pac,Organization
1599454,citizens to elect cady ness-smith citizens to elect cady ness-smith,Organization
1601127,kalamazoo county democratic party kalamazoo county democratic party,Organization
1601136,friends of matt schlinker friends of matt schlinker,Organization
1606420,committee to elect christiana reynol committee to elect christiana reynolds for the one zero eight,Organization
1613439,angela jones committee to elect angela jones committee to elect,Organization
1613442,committee to elect bill sage for sta committee to elect bill sage for state representative,Organization
1615468,mark gaffney for wayne state univers mark gaffney for wayne state university,Organization
1615471,friends of theodore jones friends of theodore jones,Organization
1617425,adam f zemke for michigan adam f zemke for michigan,Organization
1618816,ne mi league of conservative educati ne mi league of conservative education,Organization
1618819,sami makhoul for wayne state univers sami makhoul for wayne state university board of governors committee,Organization
1622060,carl meyers for university of michig carl meyers for university of michigan regent committee,Organization
1626062,committee to elect catherine sala committee to elect catherine sala,Organization
1626064,american energy action fund american energy action fund (superpac),Organization
1626068,american arab and muslim political a american arab and muslim political action committee,Organization
1626070,committee to elect eric shepherd jud committee to elect eric shepherd judge of the 41a district court,Organization
1627555,dearborn police officers political a dearborn police officers political action committee,Organization
1627569,cte william burton cte william burton,Organization
1630834,glaxosmithkline llc pac (gsk pac) glaxosmithkline llc pac (gsk pac),Organization
1632467,republican state leadership committe republican state leadership committee judicial fairness initiative (su,Organization
1634203,tuebor pac tuebor pac,Organization
1635001,latoya m. willis for court of appeal latoya m. willis for court of appeals,Organization
1637877,democratic election fund democratic election fund,Organization
1637882,citizens for a better mid-michigan p citizens for a better mid-michigan pac,Organization
1643854,end gun violence michigan action ind end gun violence michigan action independent expenditure committee,Organization
1643855,osceola county democratic party osceola county democratic party,Organization
1648322,keep livingston great superpac keep livingston great superpac,Organization
1648324,keep livingston great keep livingston great,Organization
1648327,quest diagnostics incorporated pac o quest diagnostics incorporated pac of mi,Organization
1661585,partnership for responsible governme partnership for responsible government,Organization
1661587,sunrise alliance for equity sunrise alliance for equity,Organization
1661595,citizens against lawsuit abuse actio citizens against lawsuit abuse action 527,Organization
1665489,automotive recyclers of michigan pol automotive recyclers of michigan political action committee,Organization
1665504,educated we stand educated we stand,Organization
1665509,committee to elect michael j. zitta committee to elect michael j. zitta,Organization
1665510,zurich holding company of america in zurich holding company of america inc. committee for good government,Organization
1665512,committee to re-elect probate judge committee to re-elect probate judge thomas j dignan,Organization
1667289,roth leadership fund roth leadership fund,Organization
1667296,the committee to elect david c. egel the committee to elect david c. egeler,Organization
1667297,shink resilient michigan fund shink resilient michigan fund,Organization
1667307,blue water leadership fund blue water leadership fund,Organization
1671764,committee to reelect judge debra nan committee to reelect judge debra nance,Organization
1671767,jpmorgan chase & co. pac jpmorgan chase & co. pac,Organization
1674245,michigan democratic party black cauc michigan democratic party black caucus,Organization
1674247,matthew ackerman for court of appeal matthew ackerman for court of appeals,Organization
1674249,committee to re-elect hon. kathleen committee to re-elect hon. kathleen m. mccarthy,Organization
1674255,committee to elect amy grace gierhar committee to elect amy grace gierhart circuit court judge,Organization
1674257,dana hathaway dana hathaway,Organization
1674886,real safety pac real safety pac,Organization
1676112,karyn tomczyk for 55th judge karyn tomczyk for 55th judge,Organization
1680023,friends of michael woodyard friends of michael woodyard,Organization
1681245,community solar action fund (fed pac community solar action fund (fed pac id # c00829598),Organization
1681251,michigan orthotics and prosthetics a michigan orthotics and prosthetics assn political action committee,Organization
1683240,corning incorporated employees polit corning incorporated employees political action committee,Organization
1687922,southwest michigan education advocat southwest michigan education advocates pac,Organization
1689144,democracy defenders pac democracy defenders pac,Organization
1692902,for michigan action fund for michigan action fund,Organization
1692903,one michigan alliance fund one michigan alliance fund,Organization
1694740,tamara garwood for judge tamara garwood for judge,Organization
1694744,jeffrey worosz for circuit court jud jeffrey worosz for circuit court judge,Organization
1694754,committee to retain judge laura e. p committee to retain judge laura e. polizzi,Organization
1696934,boss up pac boss up pac,Organization
1696942,votevets votevets,Organization
1696945,dr michael busuito for wayne state dr michael busuito for wayne state board of governors,Organization
1696946,committee to elect thomas stallworth committee to elect thomas stallworth for msu board of trustees,Organization
1698388,michigan greenhouse growers politica michigan greenhouse growers political action committee,Organization
1700086,committee to elect derek dalman committee to elect derek dalman,Organization
1700098,caresource mission political action caresource mission political action committee,Organization
1700112,demand justice pac demand justice pac,Organization
1703629,odp mi (superpac) odp mi (superpac),Organization
1707211,pushing forward fund pushing forward fund,Organization
1707213,westside forward pac westside forward pac,Organization
1707217,committee to elect mike tinney committee to elect mike tinney,Organization
1707224,wayne 6th congressional district rep wayne 6th congressional district republican committee,Organization
1710717,committee to elect patrick sierawski committee to elect patrick sierawski,Organization
1712273,price majority fund price majority fund,Organization
1712278,robin persiconi for judge robin persiconi for judge,Organization
1714823,the next 50 pac - michigan the next 50 pac - michigan,Organization
1714828,sanofi-aventis u s inc employees pol sanofi-aventis u s inc employees political action committee,Organization
1717640,rising voices action fund superpac rising voices action fund superpac,Organization
1717652,michiganders for the future (superpa michiganders for the future (superpac),Organization
1723477,macdonell action committee pac macdonell action committee pac,Organization
1723479,ryan deel for 52-3 district court ju ryan deel for 52-3 district court judge,Organization
1734667,shes the future shes the future,Organization
1736356,the presidential coalition - mi the presidential coalition - mi,Organization
1745555,neyer leadership fund neyer leadership fund,Organization
1745573,albert mais for 5th district court j albert mais for 5th district court judge committee,Organization
1749480,robin dillard-russaw for 46th distri robin dillard-russaw for 46th district court judge,Organization
1749487,join the union join the union,Organization
1749490,private property rights michigan pac private property rights michigan pac (superpac),Organization
1749491,committee to keep judge jennifer dee committee to keep judge jennifer deegan,Organization
1781226,cte steven a heisler cte steven a heisler,Organization
1781233,cte james jolly for judge cte james jolly for judge,Organization
1794720,committee to elect denis mccarthy committee to elect denis mccarthy,Organization
1802988,vote for equality (superpac) vote for equality (superpac),Organization
1802989,friends of jeremy bowie friends of jeremy bowie,Organization
1802991,abolish the electoral college abolish the electoral college,Organization
1805530,the justice project ie pac superpac the justice project ie pac superpac,Organization
1808726,the justice project the justice project,Organization
1808728,conservative battleground fund conservative battleground fund,Organization
1846415,committee to elect todd e. briggs fo committee to elect todd e. briggs for probate judge,Organization
1853349,astellas us llc pac astellas us llc pac,Organization
1855216,mi poder pac (superpac) mi poder pac (superpac),Organization
1862191,dan obrien for probate judge dan obrien for probate judge,Organization
1863941,committee to elect andrea bradley-ba committee to elect andrea bradley-baskin,Organization
1867446,always with the people leadership fu always with the people leadership fund,Organization
1867447,joe barone for judge joe barone for judge,Organization
1867449,restore michigans future restore michigans future,Organization
1899504,jennifer kelly jennifer kelly,Organization
1899508,gopac election fund gopac election fund,Organization
1899511,everytown-demand a seat pac michigan everytown-demand a seat pac michigan,Organization
1899522,rslc victory fund rslc victory fund,Organization
1903127,everytown for gun safety victory fun everytown for gun safety victory fund superpac,Organization
1922957,a pleasant peninsula pac a pleasant peninsula pac,Organization
1922959,huwaida arraf for umich regent huwaida arraf for umich regent,Organization
1924847,save our schools pac save our schools political action committee,Organization
1924859,the juno fund the juno fund,Organization
1924862,cte traci richards for judge cte traci richards for judge,Organization
1924864,mental health pac mental health pac,Organization
1924868,committee to elect macie gaines committee to elect macie gaines,Organization
1924879,committee to elect vanessa moss to 3 committee to elect vanessa moss to 36th district court,Organization
1944019,democratic voters pac democratic voters pac,Organization
1944022,stop maga pac stop maga pac,Organization
1949228,committee to re-elect judge gregory committee to re-elect judge gregory pittman,Organization
1949236,21st century club 21st century club,Organization
1949247,the committee to elect malaika ramse the committee to elect malaika ramsey heath for judge,Organization
1949253,rebekah warren leadership fund rebekah warren leadership fund,Organization
1949268,committee to elect ronald singer committee to elect ronald singer,Organization
1949880,somos pac (superpac) somos pac (superpac),Organization
1951606,cavanagh leadership fund cavanagh leadership fund,Organization
1951640,citizens supporting tory rocca citizens supporting tory rocca,Organization
1952894,fund for a republican majority fund for a republican majority,Organization
1952925,referendums of michigan referendums of michigan,Organization
1952979,harvest the sun harvest the sun,Organization
1952989,nrg energy inc political action comm nrg energy inc political action committee,Organization
1952993,citizens for accountable government citizens for accountable government,Organization
1953044,jonathan blair for circuit court jud jonathan blair for circuit court judge,Organization
1953046,friends of emu friends of eastern michigan university,Organization
1953052,dana thompson for wayne state dana thompson for wayne state university board of governors,Organization
1953055,frank lambert committee frank lambert committee,Organization
1953086,susan longsworth for judge susan longsworth for judge,Organization
1953107,committee to elect charles longstree committee to elect charles longstreet 3rd circuit court judge,Organization
1954387,comm to elect kahlilia yvette davis committee to elect kahlilia yvette davis,Organization
1954465,friends of lisa brayton friends of lisa brayton,Organization
1954494,committee to elect craig r. cooper p committee to elect craig r. cooper probate judge,Organization
1954544,committee to elect jeremiah buffalo committee to elect jeremiah buffalo wirgau probate judge,Organization
1954579,jonathan hoover jonathan hoover,Organization
1955959,miller for michigan miller for michigan,Organization
1956014,southwest michigan building trades p southwest michigan building trades pac,Organization
1956999,douglas  waggener campaign committee douglas  waggener campaign committee,Organization
