,full_name,label
2789,franklin county reagan coalition,0
2790,nextgen climate action committee,0
2791,zarwin baum good government pac,0
2792,mid-atlantic laborers' political league,0
2793,toll bros inc pac,0
2794,aetna inc. political action committee,0
2795,philadelphia federal credit union-pac,0
2796,schuylkill county republican committee,0
2797,committee for fiscal responsibility,0
2798,friends of rob loughery,0
2799,run baby run,0
2800,lawpac (pa association for justice f/k/a pa trial lawyers association,0
2801,nfg papac (national fuel gas) patricia m. delavern,0
2802,accountable pa,0
2803,friends for judy schwank,0
2804,local 0690 plumbers union pol action fund                   ,0
2805,allegheny technologies inc pac (at-pac)                     ,0
2806,general electric co pac                                     ,0
2807,trans associates pac,0
2808,pa assn of nurse anesthetists pac                           ,0
2809,asplundh expert co pac                                      ,0
2810,friends of russ diamond,0
2811,cambria co dem com                                          ,0
2812,pa athletic trainers pac (pat pac),0
2813,"cutler, bryan friends of                                    ",0
2814,pa chamber of business and industry pac,0
2815,neca - pac                                                  ,0
2816,pma pac(pa manufacturers assn)                              ,0
2817,gpcc pennpac,0
2818,realtors assn metro pgh pac - ramp pac                      ,0
2819,local 0005 bricklayers/allied craftsman pac                 ,0
2820,local 0030 comp roofers union pac                           ,0
2821,pasnap - pa assn staff nurses/allied profs                  ,0
2822,monroe co dem com                                           ,0
2823,allegheny county democratic committee,0
2824,pharmpac (pa pharmacy pac) c/o treas: patricia a. epple,0
2825,citizens for mark schweiker,0
2826,taxpayers for ethical government,0
2827,pft pol action fund (pgh fed t,0
2828,mifflin county republican committee,0
2829,asbestos heat &amp; frost insulators pac,0
2830,acba judicial excellence committee,0
2831,"spurgeon for judge; c/o eric l. bradley, treasurer",0
2832,friends for sheryl delozier,0
2833,friends of frank farry,0
2834,republican state leadership committee - judicial fairness initiative,0
2835,teamsters local 384 pac,0
2836,friends of carl walker metzgar,0
2837,friends of jim wansacz,0
2838,labor votes pac,0
2839,brighter pennsylvania pac,0
2840,south philadelphia democratic club,0
2841,clifton heights republican campaign committee,0
2842,ward 10 executive committee,0
2843,laborers local 1174 pol actio,0
2844,financial businesspersons association,0
2845,s&t bank pac                                                ,0
2846,wecht 2015,0
2847,friends of pauline calabrese for judge,0
2848,"new frontier fund, the",0
2849,believe again pac,0
2850,pabar pac (pa bar assn)                                     ,0
2851,"maher, john com to elect                                    ",0
2852,"donatucci, maria p friends of                               ",0
2853,friends of aaron bernstine,0
2854,"mcneill, dan friends of",0
2855,"vitali, gregory vote com                                    ",0
2856,gmp(glass molders pottery)pol ed pac                        ,0
2857,rcpa-pac,0
2858,tom anderson for judge,0
2859,horsham rep party                                           ,0
2860,"hayes, kristen friends of",0
2861,the new frontier fund,0
2862,jenkintown rep com                                          ,0
2863,liberty bell beverage pac,0
2864,the liberty fund,0
2865,lead the way pac,0
2866,phha pac,0
2867,citizens for david oh,0
2868,"hornbarger, william friends to elect",0
2869,"rzucidlo, susan friends of                                  ",0
2870,"egan jr., john j.  (lob)                                    ",0
2871,adelante! pa                                                ,0
2872,blair co rep com                                            ,0
2873,friends of blondell reynolds brown,0
2874,green for philadelphia,0
2875,se caucus democratic commtt pac c/o tom herman,0
2876,"giusini, vince for judge",0
2877,"haggerty, kevin com to elect                                ",0
2895,"scomillio, victor e",1
2896,supporters of dave zimmerman,0
2897,friends for donna oberlander,0
2898,"powell, kenneth james jr.",1
2899,"williamson, john com to elect                               ",0
2900,direct energy employee pac,0
2901,marsha h. neifield,1
2902,the commonwealth league,0
2903,general building contractors assn pac (gbca pac)            ,0
2904,volunteers for david argall,0
2905,john galloway for state rep,0
2906,paul lalley,1
2907,"fattah, frances for judge",0
2908,ward 01 rep com                                             ,0
2909,"decaro, john committee to elect judge",0
2910,"roman,tracy brandeis ",1
2911,friends of jon ritchie,0
2912,shawn wagner,1
2913,"clemons, lucretia  ",1
2914,gerard a. kosinski,1
2915,friends of mercy toepel,0
2916,"menges, christopher  ",1
2917,gembusia for state representative,0
2918,"tsai, stella committee to elect judge",0
2919,committee to elect stella tsai judge,0
2920,friends of bill adolph jr.,0
2921,craig m. washington,1
2922,committee to retain judge washington,0
2923,committee to elect mario scavello,0
2924,"comery, karen e.",1
2925,"sue helm for state house committee c/o lowman henry, treasurer",0
2926,citizens to elect payne,0
2927,friends of eli evankovich,0
2928,"london, jack friends of",0
2929,anne covey,1
2930,paul p. panepinto,1
2931,frank t. brady,1
2932,samuel p. murray,1
2933,friends of leslie altieri,0
2934,committee to elect paul schemel,0
2935,emilio a. vazquez for the 179th,0
2936,"wahl, betsy for judge",0
2937,"louden, edward friends of",0
2938,haverford twp dem com                                       ,0
2939,"robert tommy"" tomlinson for senate""",0
2940,"mcgough, hugh fitzpatrick ",1
2941,"mcgough, hugh for judge com                                 ",0
2942,"sainato, chris for state rep",0
2943,"connelly, patrick friends of",0
2944,"regan, dan for judge",0
2945,friends of anthony pugliese,0
2946,friends of kathy watson,0
2947,"hennessey, tim friends of",0
2948,friends of paul mullen,0
2949,friends of jesse topper,0
2950,friends of matt gabler,0
2951,friends of kate harper,0
2952,jeffrey l. finley,1
2953,friends of senator don white,0
2954,"smith, ed for judge committee",0
2955,"boyd, tina  ",1
2956,mike turzai leadership fund,0
2957,"brumbach, marissa committee to elect",0
2958,"castor, bruce friends of, inc                               ",0
2959,"prendergast, kathleen  j ",1
2960,"silvis, james philip ",1
2961,"covington, roxanne friends of                               ",0
2962,"menges, citizens for judge",0
2963,"teeter, matthew for judge committee",0
2964,"diclaudio, scott committee to elect",0
2965,"summers, lynne m friends to elect for judge",0
2966,friends of william j. ciancaglini,1
2967,"aston, hope a. committee to elect for judge",0
2982,cwa working voices,0
2983,potter co rep com,0
2984,"roman, tracy citizens for",0
2985,friends of chuck mcilhinney,0
2986,"boyd, tina for judge",0
2987,whare for judge,0
2988,grayson for judge,0
2989,dawood engineering pac                                      ,0
2990,friends of michelle brownlee,0
2991,heckman for judge,0
2992,stephen heckman,1
2993,friends of nick miccarelli,0
2994,"disalle, john  ",1
2995,"disalle, john f committee to retain judge",0
2996,gregory f. cirillo,1
2997,"fouse, dale committee to elect judge",0
2998,"feinberg, ross philadelphia friends for",0
2999,"cruz, angel re-elect for the 180th",0
3000,"clifford, dan friends of",0
3001,friends of greg rothman,0
3002,friends of dave hickernell,0
3003,thomas b. sponaugle,1
3004,deluca for legislator committee,0
3005,citizens for greenleaf,0
3006,louis marko dayich,1
3007,huntingdon co rep com                                       ,0
3008,hempfield area rep com                                      ,0
3009,millennials in action,0
3010,abington rockledge dem com                                  ,0
3011,bethlehem dem city com                                      ,0
3012,pennsylvanians for equality,0
3013,humane pa,0
3014,ward 16 dem exec com                                        ,0
3015,erie co rep com                                             ,0
3016,"miller, brett victory committee",0
3017,american federation for children action fund - pennsylvania,0
3018,citizens for prosperity in america today pac                ,0
3019,carpenters&#39; leg prog of greater pa                          ,0
3020,philadelphia phuture                                        ,0
3021,building a better phila                                     ,0
3022,"pizzingrilli, kim (lob)                                     ",0
3023,"local 5, ibew pac",0
3024,commonwealth leaders cup                                    ,0
3025,local 0520 plumbers/pipefitters pac                         ,0
3026,penn nat ins/inservco ins serv pac                          ,0
3027,local 0013 boilermakers pac                                 ,0
3028,progressive majority                                        ,0
3029,"browning, dean for county executive",0
3030,committee to elect amodie judge,0
3031,royer for judge,0
3032,friends of mia roberts perez,0
3033,"friends to keep judge harry f. smail, jr",0
3034,"committee to elect starr marshall cash, judge, court of common pleas/starr d. marshall cash",0
3035,"j egan &amp; associates, llc                                    ",0
3036,"watson-stokes, deborah friends of",0
3037,committee to elect sherman toppin for judge,0
3038,marci l. miller,1
3039,local 0500 political action fund,0
3040,"nfg papac (national fuel gas) patricia m. delavern, treasurer",0
3041,committee to re-elect john sabatina jr,0
3042,ward 58 democratic of philadelphia,0
3043,republican city committee,0
3044,represent pac,0
3045,friends of judge alice beck dubow,0
3046,uhs employees good government fund,0
3047,citizens with commoncents,0
3048,school police association of phila- committee for safe schools,0
3049,"timoney knox, llp pac",0
3050,capozzi adler pac c/o christina a. mahady,0
3051,montco democ women's leadership initiative,0
3052,casa (commonwealth association of school administrators) robert mcgrogan sec/treasurer,0
3053,friends of lyris younge,0
3054,pa democratic caucus of county commissioners,0
3055,"simpson, christina for judge committee",0
3056,flannelly for judge committee,0
3057,northampton co rep com                                      ,0
3058,west goshen dems                                            ,0
3059,mayfair strong,0
3060,local 0401 ironworkers pac                                  ,0
3061,"petri, scott a friends of                                   ",0
3062,centre co dem com                                           ,0
3063,"rafferty, john for senate                                   ",0
3064,"mchugh &amp; mcguffin, bipartisan committee to elect judges of the court of common pleas of bucks county",0
3065,"committee to elect rosemary crawford, judge",0
3066,committee to elect james berardinelli,0
3067,chris mallios for judge,0
3068,caye for judge committee,0
3069,"rainy, committee to elect judge c/o jon belisonzi",0
3070,friends of josh hill,0
3071,friends of natasha taylor smith,0
3072,lalley for judge,0
3073,pa recreational vehicle pac                                 ,0
3074,buchanan ingersoll &amp; rooney pc committee for effective state government,0
3075,pa medical pac (pam pac),0
3076,lancaster co dem com                                        ,0
3077,ats-chester pol involv com                                  ,0
3078,covey for justice,0
3079,first pac (pa assn community bankers)                       ,0
3080,pa tha pac (thoroughbred horsemen)                          ,0
3081,ward 09 dems of phila                                       ,0
3082,berks co dem com                                            ,0
3083,fop lodge 27 delaware county pac fund,0
3084,moving frankford forward,0
3085,z pac (pa anesthesiologists pac)                            ,0
3086,"toohil,tarah com to elect                                   ",0
3087,friends of risa ferman,0
3088,philadelphia democratic campaign committee of,0
3089,justice stevens for supreme court committee,0
3090,jason j. legg,1
3091,kaufer now committee,0
3092,friends of bernie o'neill,0
3093,i'm for knowles,0
3094,friends of andy dinniman,0
3095,friends of rob teplitz,0
3096,local 0009 bricklayers &amp; alli,0
3097,friends of mike carroll for state representative,0
3098,district council 47,0
3099,springfield township democratic committee - montgomery county,0
3100,herco inc pac (herco pac),0
3101,friends of joffie pittman,0
3102,41st ward republican executive comm,0
3103,sheet metal workers local 12,0
3104,district council 21 pac,0
3105,amalagamated transit union - cope,0
3106,friends of independent higher educ                          ,0
3107,chester county victory committee,0
3108,pennsylvania working families party,0
3109,mike george for supreme court,0
3110,anne e. lazarus for supreme court,0
3111,todd eagen (richardson todd eagen),1
3112,anne e. lazarus,1
3113,lisa grayson,1
3114,kevin dougherty for pennsylvania,0
3115,committee to elect t. r. williams judge,0
3116,t. r. williams,1
3117,abbe for judge,0
3118,hopkins for judge,0
3119,lou dayich for judge committee,0
3120,friends of sharon williams losier,0
3121,friends of mike fanning,0
3122,friends of the northeast,0
3123,friends of the 35th ward democrats,0
3124,29th ward democratic committee,0
3125,school police association of philadelphia-committee for safe schools,0
3126,monroe county democratic honorary society,0
3127,republican party of lackawanna county,0
3128,united steelworkers political action fund,0
3129,committee to elect ryan bizzarro,0
3130,ravenstahl for mayor,0
3131,61st ward pac,0
3132,baipac c/o scott exley,0
3133,leslie uncapher zellers,1
3134,"toppin, sherman",1
3135,"king ii, leon a committee to elect ",0
3136,melissa a amodie,1
3137,lyris younge,1
3138,christina m simpson,1
3139,"prendergast, kathleen people for                            ",0
3140,james f. berardinelli,1
3141,"edward w. louden, jr",1
3142,friends of leslie uncapher zellers,0
3143,tom anderson,1
3144,"dicicco, christian for judge",0
3145,"goodman, leon friends of ",0
3146,"goodman, leon d. ",1
3147,joffie pittman (candidate for municipal court - district 1),1
3148,matt smith for judge,0
3149,chris mallios,1
3150,abbe fletman,1
3151,armstrong county democratic committee,0
3152,beaver county democrat committee,0
3153,drive chapter 776,0
3154,concerned irish americans of philadelphia,0
3155,mt. lebanon democratic committee c/o geoffrey r hurd treas,0
3156,pa progress pac,0
3157,friends of todd stephens,0
3158,friends of the 63rd ward democrat executive committee,0
3159,new gen 1 pac,0
3160,citizens for padora,0
3161,local 0008 plasterers union pac fund,0
3162,fraternal order of police lodge 5,0
3163,sheet metal workers local 19 pel pa &amp; nj,0
3164,iatse local 8 pac,0
3165,"mette, evans &amp; woodside pac                                 ",0
3166,students first pac,0
3167,friends of josh shapiro,0
3168,committee to elect matthew perks,0
3169,"hornaman, john com to elect                                 ",0
3170,int'l longshoremen's assoc. comm. on political education,0
3171,pa future,0
3172,"friedline, mary lynch ",1
3173,pa state lodge of fraternal order of police pac             ,0
3174,committee to elect zac shaffer,0
3175,lpac-erie                                                   ,0
3176,"arcadis-us, pennsylvania pac",0
3177,"swope, thomas a iii",1
3178,"house rep campaign com 2004, inc",0
3179,bucks county democratic committee,0
3180,dispac (distributors pac),0
3181,teamsters local 107 pac,0
3182,tax payers for lisa metcalfe,0
3183,friends of farnese,0
3184,wyoming county democrats,0
3185,pa insurance pac (pipac),0
3186,"avolio law group, llc (pac)",0
3187,berks county republican committee,0
3188,philadelphia republican city committee,0
3189,philadelphia housing for affordable housing,0
3190,pittsburgh fire fighters local #1 pac fund,0
3191,friends with diana,0
3192,cumberland county republican committee 8-000-392,0
3193,committee to elect wayne fontana,0
3194,b and b pac,0
3195,dnb financial good government pac c/o treas. bruce e. moroney,0
3196,friends of david freed committee,0
3197,union county democratic committee,0
3198,comcast corporation &amp; nbcuniversal political action committee - usa,0
3199,local 592 -cement masons,0
3200,chad vilushis for judge committee,0
3201,grimes for judge,0
3202,friends of william ciancaglini,0
3203,committee to elect jennifer schultz to court of common pleas,0
3204,pileggi for judge,0
3205,tamara bernstein,1
3206,credit union political action committee,0
3207,latinos for political empowerment (lupe),0
3208,montgomery township republican committee,0
3209,jubelirer pac,0
3210,northwest good government pac,0
3211,nixon for council,0
3212,boscov's pac,0
3213,beaver county political action committee,0
3214,keystone leadership alliance,0
3215,upper moreland republican committee,0
3216,wuf political action committee,0
3217,bipartisan pac/the bank of new york mellon corporation bipac/bnymc,0
3218,grogan graffam pac,0
3219,western pa laborers' pac,0
3220,ken powell for judge,0
3221,"enterprise holdings, inc. political action committee",0
3222,erie co motor vehicle com                                   ,0
3223,greater johnstown regional pac                              ,0
3224,pa chamber of business &amp; industry                           ,0
3225,lancaster co dem women&#39;s assoc                              ,0
3226,communication workers of america local 13000,0
3227,united states steel corporation political action committee,0
3228,pa restaurant &amp; lodging pac,0
3229,pennsylvania future fund,0
3230,range resources energy independence pac                     ,0
3231,pa society of anesthesiologists pac (z pac),0
3232,lycoming co rep com                                         ,0
3233,friends of bob mensch,0
3234,labor pac afl-cio                                           ,0
3235,"costa, dom friends of                                       ",0
3236,pa aaa fed pac                                              ,0
3237,pa afl cio cope                                             ,0
3238,verizon communications inc. good government club - pa,0
3239,local 0420 steamfitters union cope com                      ,0
3240,adams co dem com                                            ,0
3241,penn mutual pac                                             ,0
3242,pa energy resources group                                   ,0
3243,pa cemetery funeral assoc pac                               ,0
3244,fayette co dem com                                          ,0
3245,"baker, elisabeth for senate                                 ",0
3246,"eagen, todd for judge",0
3247,pa homecare pac (homepac)                                   ,0
3248,agentpac (prof ins agents assn of pa)                       ,0
3249,pa coal pac                                                 ,0
3250,north central pennsylvanians for a brighter future          ,0
3251,lancaster co building industry                              ,0
3252,forward philadelphia,0
3253,ud forward,0
3254,committee for kopas,0
3255,comcast corporation &amp; nbcuniversal political action committee usa,0
3256,upper dublin democratic committee,0
3257,northeast democratic club,0
3258,the affordable education pac,0
3259,cambria county republican committee,0
3260,clarion cnty rep comm.,0
3261,friends of mary louise isaacson,0
3262,"sovereign bancorp, inc. pac                                 ",0
3263,3rd democratic executive ward committee,0
3264,"kapin stewart meloff reiter &amp; stein, p.c. c/o neil a. stein, esq.",0
3265,friends of leslie acosta,0
3266,capital associates pac,0
3267,strategy pac,0
3268,pennsylvania prosperity pac,0
3269,uhs employees good govt fund,0
3270,ugi pac (ugi corp)                                          ,0
3271,ugi corporation state pac,0
3272,pa chiropractic assn,0
3273,"kline, leroy d. jr                                          ",0
3274,local 0027 plumbers union pac                               ,0
3275,bald knob pac,0
3276,triad strategies pa pac                                     ,0
3277,"alloway, rich friends of",0
3278,"cranmer, robert                                             ",0
3279,citizens for a growing economy                              ,0
3280,good jobs pa pac,0
3281,venango co rep com                                          ,0
3282,endo pharmaceuticals inc. pac                               ,0
3283,local 0420 ironworkers - ipal                               ,0
3284,abel for judge,0
3285,cohen and grigsby pac                                       ,0
3286,pike co dem com                                             ,0
3287,pa abc pac (pa assoc. bldrs & contractors)                  ,0
3288,msoa pac,0
3289,pspa-political support for political action                 ,0
3290,pennsylvania automotive assocition,0
3291,first commonwealth financial corporation pac,0
3292,friends of charles wilkins,0
3293,neilson for the northeast,0
3294,pa realtors pac,0
3295,"susquehanna bancshares, inc. pac",0
3296,delaware co. rep. fin. com.,0
3297,republican state committee of pennsylvania,0
3298,depasquale for pennsylvania,0
3299,dan frankel for the 23rd district committee,0
3300,area 13 republican committee,0
3301,pennsylvanians for representative mark cohen,0
3302,m&amp;t bank and wilmington trust political action committee,0
3303,carpenters pac of phila & vicinity                          ,0
3304,friends of judge jessica brewbaker,0
3305,jewish community pac of pittsburgh,0
3306,ward 30 democratic committee,0
3307,lifepac,0
3308,"godshall, robert friends of                                 ",0
3309,local 0524 united assn steamfitters                         ,0
3310,westmoreland co dem com                                     ,0
3311,liberty square pac                                          ,0
3312,northumberland co dem com                                   ,0
3313,carbon co rep com                                           ,0
3314,"marshall, jim friends of                                    ",0
3315,lower merion-narberth area13 dem com                        ,0
3316,pa real estate investment trust pac                         ,0
3317,"mchugh & mcguffin, bipartisan committee to elect judges of the court of common pleas of bucks county",0
3318,"corizon health, inc. political action committee",0
3319,pa state corrections officers assoc leg/pac                 ,0
3320,drive pac (wash d.c. )                                      ,0
3321,local 0322 plumbers & pipefitters pac                       ,0
3322,lehigh co victory pac                                       ,0
3323,restorepa,0
3324,lehigh county tax facts,0
3325,"right view, the                                             ",0
3326,day &amp; zimmermann inc federal pac (aka 'daypac - federal'),0
3327,pa prof fire fighters assoc pac                             ,0
3328,mca/sca pac                                                 ,0
3329,erie fire fighters pac                                      ,0
3330,associated builders and contractors eastern pa chapter,0
3331,"mears, scott friends of",0
3332,scomillio for judge,0
3333,"giusini, vince for judge                                    ",0
3334,"mears,scott o jr.",1
3335,vote dailey,0
3336,"giordano, emil committee to elect to the superior court",0
3337,"pittman, joffie friends of",0
3338,"roman, tracy brandeis ",1
3339,michael wojcik for judge,0
3340,david h. acker,1
3341,mia roberts perez,1
3342,"olson, judge judy for supreme court",0
3343,"donohue, christine judge for supreme ct justice                          ",0
3344,mercer co dem com                                           ,0
3345,vision for pa pac                                           ,0
3346,beaver lawrence clc cope        ,0
3347,excellent schools pa,0
3348,pgh metro bldrs (housing industry resp gvt)                 ,0
3349,feinberg shopp pac                                          ,0
3350,pa podiatric medical assoc                                  ,0
3351,pa recreation vehicle pac,0
3352,fulton financial corp pac                                   ,0
3353,intl brotherhood boilermakers 154                           ,0
3354,vision pac                                                  ,0
3355,pugliese pac                                                ,0
3356,lancaster co rep com of                                     ,0
3357,pa residential owners (pro pac)                             ,0
3358,associates of pa pac (appac)                                ,0
3359,bellevue strategies pac,0
3360,greenlee partners state pac                                 ,0
3361,"krancer, mike",0
3362,"mccarter, steve friends of",0
3363,tc pac  (trumbull corp)                                     ,0
3364,colonial area dem com                                       ,0
3365,giant eagle inc                                             ,0
3366,citizens for a better commonwealth                          ,0
3367,"oliver, katherine  ",1
3368,burns white llc pac                      ,0
3369,coalition for pa&#39;s future                                   ,0
3370,"oldcastle materials, inc pac                                ",0
3371,pennsy supply state pac,0
3372,common sense solutions,0
3373,ppma pac,0
3374,democracy fund                                              ,0
3375,pa winery association pac                                   ,0
3376,peg pac                                                     ,0
3377,"vipond, jonathan, iii                                       ",0
3378,northeast leadership fund                                ,0
3379,responsible citizens for economic progress                  ,0
3380,state street advisors pac                                   ,0
3381,"russell, richard g",0
3382,hatch mott pa pac                                           ,0
3383,pennsylvania house democratic campaign committee,0
3384,house republican campaign committee,0
3385,citizens for mario civera,0
3386,taxpayers for lisa esler,0
3387,darby township republican committee,0
3388,friends of 56 ward democratic committee,0
3389,friends of jamie santora,0
3390,citizens for mike regan,0
3391,delaware county republican women's committee,0
3392,sierra club pa paf,0
3393,brian ortelere for judge,0
3394,red river canyon,0
3395,pa uaw good government committee,0
3396,"local 542, pittsburgh sprinkler fitters",0
3397,the lunsford for judge committee,0
3398,lawrence county republican committee,0
3399,sheetmetal workers #44 - c/o jeff schmude,0
3400,local 0433 uwua c/o brian dhon,0
3401,cement masons local 526 pac fund,0
3402,voice of housing of chester &amp; delaware counties,0
3403,political information committee of cpas (pic-cpa),0
3404,family pac                                                  ,0
3405,"demarco, larry friends of",0
3406,firstenergy corp. political action committee,0
3407,upper st clair rep com                                      ,0
3408,the turnout project,0
3409,delco blue 2015,0
3410,greater reading chamber pac                                 ,0
3411,markwest liberty pac                                        ,0
3412,"hafer, barbara friends of",0
3413,"bloom, james j.  (lob)                                      ",0
3414,commonwealth commerce fund,0
3415,state college borough dem com                               ,0
3416,capozzi adler pac % christina a. mahady,0
3417,com for a better tomorrow                                   ,0
3418,"kampf, warren friends of",0
3419,"dunbar, george friends of                                   ",0
3420,first national bank of pa pac,0
3421,pennsylvania beer alliance(pa beer wholesaler-pbwa)         ,0
3422,"univ leaf tobacco co, inc pac (federal)                     ",0
3423,transportation construct indust pac (tci-pac)               ,0
3424,"smith, alex friends of",0
3425,rite aid corporation pac,0
3426,nj state association of pipe trades pac fund,0
3427,e.i. du pont de nemours company good government fund (dupont good government fund),0
3428,dem women&#39;s forum of bucks co                               ,0
3429,"harris, c adam for rep                                      ",0
3430,united food & commercial workers union 152 pac              ,0
3431,"corbin, becky friends of",0
3432,"johnson, tina friends of                                    ",0
3433,trails access coalition pac (tac-pac),0
3434,fop lodge #1 pac                                            ,0
3435,local 0636 teamsters pac                                    ,0
3436,essroc cement corp pac (pa)                                 ,0
3437,"stefano, pat friends of",0
3438,"mt. lebanon democratic committee c/o geoffrey r. hurd, treasurer",0
3439,bricklayers &amp; allied craftworkers pac,0
3440,building a better pennsylvania fund,0
3441,working philadelphians pac,0
3442,robert thompson for senate,0
3443,friends of the 14th ward c/o treas. catherine white,0
3444,iaff firepac non-federal,0
3445,"pac pard philpac c/o frank a. rubino, treasurer",0
3446,54th ward democratic executive cmte,0
3447,upper darby republican campaign committee,0
3448,"tosti-vasey, joanne team                                    ",0
3449,pssu local 668 cope fund,0
3450,"dickie, mccarney &amp; chilcote, political action committee",0
3451,lebanon county democratic committee,0
3452,penn ag pac                                                 ,0
3453,white rose pac                                              ,0
3454,arippa pac                                                  ,0
3455,pa self storage pac                                         ,0
3456,progress pgh pac                                            ,0
3457,michael baker international holdco corporation political action committee (michael baker international pac),0
3458,farmers employee & agent pac,0
3459,farmers allied for responsive more effect representation    ,0
3460,"gdf suez energy north america, inc. political action commitee (gsena pac)",0
3461,adams co council of rep women                               ,0
3462,"donohue, christine   ",1
3463,"diclaudio, scott  ",1
3464,"beltrami, anthony for judge                                 ",0
3465,"wojcik, michael h",1
3466,"hodge, john w",1
3467,"slenker, neil committee to elect for judge",0
3468,"dobson, thomas r.",1
3469,"regoli, david a keep judge committee",0
3470,"byelich, mark friends of ",0
3471,"ace group holdings, inc. political action committee",0
3472,parpac (pa retail pac)                                      ,0
3473,dem leg camp com                                            ,0
3474,the atkins north america holdings corporation pac,0
3475,"wiley, sean d friends of",0
3476,diana irey vaughan,0
3477,59th ward dem committee,0
3478,eastern pa laborers' lpl,0
3479,sheetmetal workers #44 c/o j. schmude,0
3480,excellence in government comm,0
3481,independent state store union,0
3482,local 09 bricklayers &amp; allied craftworkers,0
3483,eat'n park pac,0
3484,"getz, vanessa desalvo                                       ",0
3485,"pashinski, eddie day com to elect                           ",0
3486,"friedline, mary committee to elect judge",0
3487,lancaster chamber biz pac                                   ,0
3488,"jozwiak, barry friends of",0
3489,aud pac                               ,0
3490,a t & t pac (penna)                                         ,0
3491,lebanon co rep com                                          ,0
3492,"seitz, anthony b. (lob)                                     ",0
3493,brthrhd locomotive enginrs & trainmen pac fund              ,0
3494,alerted dem majority                                        ,0
3495,bravo pac (sg pac)                                          ,0
3496,"alpha natural resources, inc. political action committee",0
3497,value drug co pac                                           ,0
3498,buzzi unicem usa inc pac                                    ,0
3499,"shuster, robert l.                                          ",0
3500,ifapac - pa                                                 ,0
3501,tds telecommunications corporation pac,0
3502,friends of kim ward,0
3503,blue cross voice of highmark inc employees of northeastern pa                                 ,0
3504,"mccrady, jennifer staley the committee to elect for judge",0
3505,"hanna, mike friends of                                      ",0
3506,women&#39;s dem club of delaware co,0
3507,"wojcik, michael committee to elect",0
3508,"j egan & associates, llc                                    ",0
3509,"h team, the",0
3510,"perez, mia roberts friends of",0
3511,bedford co dem com                                          ,0
3512,larson design group pac (ldg pac)                           ,0
3513,geico new york pac                                          ,0
3514,"hrg pac (herbert, rowland & grubic)                         ",0
3515,"scarnati, joseph friends of                                 ",0
3516,teamsters local 205 pac,0
3517,northwest democratic caucus of pa,0
3518,eqt corporation pac,0
3519,eqt corporation state pac,0
3520,opeiu jb moss voice of the electorate (vote),0
3521,erdman anthony assoc pa (eapapac)                           ,0
3522,stv group inc pac                              ,0
3523,gannett fleming inc pac                                     ,0
3524,"the travelers companies, inc. political action com",0
3525,general electric company political action committee (gepac),0
3526,coca-cola nonpartisan pac for good government,0
3527,friends of senator john blake,0
3528,we the people pac                                           ,0
3529,luzerne co dem com                                          ,0
3530,versant pac                                                 ,0
3531,scott twp dem club                                          ,0
3532,action of pa                                                ,0
3533,mayfair republican committee,0
3534,union co dem com                                            ,0
3535,pa concrete pavers pac                                      ,0
3536,"miller, ronald com to elect                                 ",0
3537,"eichelberger, john - i like eich                            ",0
3538,"grove, seth citizens for                                    ",0
3539,"first niagara bank, na pac",0
3540,afscme people public emp org to promote leg equality        ,0
3541,"mette, evans & woodside pac                                 ",0
3542,"longietti, mark friends of                                  ",0
3543,hospital &amp; healthsystem assoc of pa  pac (hapac),0
3544,pennsylvania royalty owners pac,0
3545,liberty mutual insurance company pa-state pac,0
3546,local 0115 teamsters                                        ,0
3547,psea-pace for state elections,0
3548,funeral service pac                                         ,0
3549,psh-pac pa speech & hearing pac                             ,0
3550,pa propane assoc pac                                        ,0
3551,orthopac pa orthopaedic society,0
3552,"muroff, daniel                                              ",0
3553,philly network connection pac,0
3554,"peters twp, rep party of                                    ",0
3555,citizens&#39; caucus                                            ,0
3556,patton-halfmoon democrats                                   ,0
3557,"mustio, mark friends of                                     ",0
3558,l.r. kimball a cdi company pac                              ,0
3559,apscuf/cap(assn pa st col/univ facl)                        ,0
3560,millcraft committee for effective state government          ,0
3561,kleinbard llc,0
3562,"harhai, r ted campaign fund                                 ",0
3563,pamic pac                                                   ,0
3564,"medimmune biologics, inc. employee political awareness committee (medipac)",0
3565,huntington bancshares inc. political action committee  (hbi-pac),0
3566,clearfield co rep com                                       ,0
3567,"rescare, inc. advocacy fund",0
3568,lcv political engagement fund ,0
3569,"bullock, mark t.                                            ",0
3570,alcoa inc employees voluntary state & federal pac,0
3571,fraternal order of police mountain city lodge 8             ,0
3572,political labor action now (plan)                           ,0
3573,"reed, dave friends of                                       ",0
3574,pa optometric pac                                           ,0
3575,psh-pac pa speech &amp; hearing pac                             ,0
3576,"mahoney, tim friends of                                     ",0
3577,luzerne county democratic committee,0
3578,cmac investment corp employees pac,0
3579,pilots assn for bay &amp; river delaware pac                    ,0
3580,upper darby fire fighters - pac,0
3581,friends of barry grossman,0
3582,clarion county democratic committee c/o jennifer vinson,0
3583,teamsters joint council no. 53 political action committee - drive,0
3584,hempfield area democratic committee (hadc),0
3585,zone 4 democrats,0
3586,faccrw (first armstrong county council of republican women),0
3587,centre county republican committee,0
3588,laborers' local union no. 130 pac,0
3589,alliance for a better pennsylvania,0
3590,rothman gordon pac,0
3591,"regola, bob friends of c/o treas.: c. edward wible",0
3592,friends of marguerite quinn,0
3593,friends of tim krieger,0
3594,friends of ed pawlowski,0
3595,sheetzpac,0
3596,harrisburg capital pac,0
3597,vision for pa pac,0
3598,"citizens for george hartwick, iii",0
3599,friends of scott martin,0
3600,dauphin county republican committee,0
3601,committee to re-elect david heckler for da,0
3602,penn group pac,0
3603,montgomery county republican committee,0
3604,democratic leadership pac,0
3605,pennbusiness pac,0
3606,progress pgh pac,0
3607,41st ward republican executive committee,0
3608,iuoe local542,0
3609,christian heritage pac,0
3610,somerset co democratic committee,0
3611,hatboro republican organization,0
3612,local 0743 ibew pol. education,0
3613,lancaster city democratic committee,0
3614,q pac,0
3615,exelon corporation political action committee (exelon pac),0
3616,peco pac,0
3617,planned parenthood pa inc                                   ,0
3618,a t &amp; t pac (penna)                                         ,0
3619,gay &amp; lesbian victory fund                                  ,0
3620,phila co council afl cio                                    ,0
3621,build pa pac,0
3622,bradford co dem com                                         ,0
3623,"rader, jack jr bipartisan committee to elect",0
3624,air products pennsylvania political alliance,0
3625,"frank, gale, bails, murcko &amp; pocrass, pc pac",0
3626,cozen o'connor state &amp; local pac,0
3627,castle shannon democratic committee,0
3628,transport workers union local 234,0
3629,tioga county republican committee c/o marie y. seymour,0
3630,friends of jack whelan,0
3631,"dickie, mccamey &amp; chilcote, p.c.",0
3632,republican future fund,0
3633,local 81 ibew c/o treasurer richard schraeder,0
3634,"avolio law group, llc",0
3635,voice of housing of chester &amp; delaware co.,0
3636,clarion cnty rep comm,0
3637,republican friends of area four,0
3638,northern tier conservative pac,0
3639,teamsters local 628 pac,0
3640,sheetmetal #44 c/o jeff schmude,0
3641,pa. republican caucus of county commissioners,0
3642,pittston area fed of teachers com on pol educ,0
3643,hapco-pac,0
3644,bikers pac bikepac c/o carol umbenhauer treasurer,0
3645,commonwealth heritage pac c/o treas. henry f. siedzikowski,0
3646,economic development pac of lycoming county,0
3647,friends of neal p goodman,0
3648,"pennsylvania committee for affordable housing/richard clawson, treasurer",0
3649,"tioga county democratic party c/o treasurer, robert h. wooley",0
3650,friends of rich fitzgerald,0
3651,gawthrop greenwood partners political action fund,0
3652,ridley township republican finance committee,0
3653,mccandless republican committee,0
3654,lower makefield democratic club,0
3655,42nd executive ward,0
3656,delaware co. rep. fin. com. 7900243,0
3657,local 354 pac,0
3658,"pac pard philpac, c/o frank a. rubino, treasurer",0
3659,"mankamyer, christine susan ",1
3660,teamsters local 77 pac                                      ,0
3661,somerset co rep com                                         ,0
3662,1776 pac (ufcw)                                             ,0
3663,local 0351 ibew cope fund                                   ,0
3664,armstrong co rep com                                        ,0
3665,"reese, mike friends of com                                  ",0
3666,local 0449 steamfitters union pac                           ,0
3667,laborers&#39; dist council pac (regional)                       ,0
3668,pennsylvania bio pac                                        ,0
3669,"vulakovich, randy friends of                                ",0
3670,highmark pac of highmark inc.,0
3671,trooper assn pac (tap)                                      ,0
3672,public service pac,0
3673,keystone state auctioneers pac,0
3674,"pa joint board, workers united pac",0
3675,citizens for better leadership,0
3676,towamencin republican committee,0
3677,race street pac,0
3678,hrg pac,0
3679,tredyffrin township democratic committee,0
3680,sunbury area democratic committee,0
3681,the hershey company political action committee (hcpac),0
3682,tom reilly for judge,0
3683,jenkintown republican committee,0
3684,schoolbus pac                                               ,0
3685,lansdowne democratic committee,0
3686,thomas john reilly,1
3687,pottsville city democratic committee,0
3688,psychiatric physicians of pa p,0
3689,columbia county republican committee,0
3690,qualified judges for delaware county,0
3691,north penn republican club,0
3692,lycoming county democratic committee,0
3693,white rose pac,0
3694,bedford county republican committee,0
3695,sheet metal workers' local 12,0
3696,cheltenham township republican organization,0
3697,pennsylvania now pac,0
3698,radnor township democratic committee,0
3699,pa policy pac,0
3700,lancaster co building industry,0
3701,york co. federation of democratic women,0
3702,padpac,0
3703,robert p. kline,1
3704,"mccrady, jennifer staley",1
3705,damon c. hopkins,1
3706,"kline-carr, kelly s ",1
3707,"h. robert mattis, jr. (candidate for court of common pleas - northumberland county - 8th judicial district)",1
3708,evan s. williams iii,1
3709,"dimitriou geishauser, eleni",1
3710,kurland for judge,0
3711,clinton co rep com                                          ,0
3712,pauline m. calabrese,1
3713,friends of eleni,0
3714,"regan, daniel d ",1
3715,chad vilushis,1
3716,"mchugh, raymond f ",1
3717,"sponseller, todd friends of for judge",0
3718,"kurland, jonathan h ",1
3719,pennsylvania first                                          ,0
3720,philadelphia food pac,0
3721,"mcnees pac (mcnees wallace &amp; nurick llc) c/o stephen a. moore, treasurer",0
3722,better government for pa,0
3723,friends of haste &amp; pries,0
3724,republican committee of chester county,0
3725,i.p.a.l. (ironworkers political action) c/o kerry a. zettlemoyer,0
3726,education freedom pac,0
3727,phila fed teachers (pft) com sup,0
3728,pa ppl people for good government,0
3729,international brotherhood of electrical workers local 98 committee on political education,0
3730,firepac-philadelphia                                        ,0
3731,workers&#39; voice,0
3732,"holman, mark                                                ",0
3733,pa aggregates &amp; concrete assn pac (paca pac)                ,0
3734,local 0542 pgh sprinklerfitters                             ,0
3735,local 0032bj pa american dream fund                         ,0
3736,mcguirewoods llp,0
3737,consumer advocacy pac                                       ,0
3738,republican state committee of delaware county,0
3739,"feldstein grinberg lang &amp; mckee, p.c. (formerly fgsm, p.c.) c/o treasurer: francis c. rapp, jr., esquire",0
3740,pennsylvanians for good government,0
3741,"ppg industries, inc. pac",0
3742,pawc-pac (pa american water co)                             ,0
3743,pileggi victory committee,0
3744,citizens for donnelly,0
3745,fund for pa leadership,0
3746,standardbred breeders association of pa,0
3747,afscme council 13 political and legislative (pal),0
3748,pennsylvania bankers public affairs committee,0
3749,fraternal order of police #15 pol com                       ,0
3750,cumberland co dem com                                       ,0
3751,iuoe local 542,0
3752,jennifer staley mccrady,1
3753,t.r. williams,1
3754,"murray, pj friends of",0
3755,william alan shaw,1
3756,"krueger-braneky, leanne  ",1
3757,"murphy, elvage committee to elect for judge",0
3758,schubert for judge,0
3759,"lillis,james m ",1
3760,lillis for judge,0
3761,"andrezeski, anthony buzz",1
3762,adam lang,1
3763,adams county republican committee,0
3764,commonwealth heritage pac,0
3765,pa horse breeders assoc - pac,0
3766,pa republican caucus of county commissioners,0
3767,aftpa cspe,0
3768,tube city ims corporation pac,0
3769,fair judges for pennsylvania,0
3770,dollar bank pac                                             ,0
3771,"motorcoach pac (bus assn of pa, bus owners pac)             ",0
3772,ibew local union #375 pac,0
3773,citizens alliance of pennsylvania pac,0
3774,"wax, robert (lob)                                           ",0
3775,mercer co rep com                                           ,0
3776,willistown-malvern democrats,0
3777,allegheny co corrections officers pac                       ,0
3778,"bittner,scott p ",1
3779,"bittner, scott the people for",0
3780,crawford co rep com                                         ,0
3781,east central house rep com                                  ,0
3782,committee to elect william keller,0
3783,seiu healthcare pa cope,0
3784,gay & lesbian victory fund                                  ,0
3785,bucks-mont good government pac,0
3786,committee for independent judges,0
3787,lancaster city rep com                                      ,0
3788,"swope, tom citizens for",0
3789,pa health care assn pac (phcapac)                           ,0
3790,"general nutrition centers inc, pac",0
3791,bill pac,0
3792,pa seiu cope (soc svcs)                                     ,0
3793,campaign for qualified judges (phila bar)                   ,0
3794,"aurand, mark for senate committee",0
3795,pa aggregates & concrete assn pac (paca pac)                ,0
3796,friends of keith greiner,0
3797,utility workers union of america cope,0
3798,simpson for judge committee,0
3799,northeast builders for affordable housing,0
3800,springfield democratic committee,0
3801,bipartisan committee to elect jones judge,0
3802,bayada hhc pac,0
3803,"kasunic, richard a. campaign committee",0
3804,sheetmetal workers #44 c/o jeff schmude,0
3805,kinser group pac,0
3806,society for leading legislation on transportation,0
3807,pac 205,0
3808,malady & wooten public affairs                 ,0
3809,pa osteopathic medical pac,0
3810,snyder county republican committee,0
3811,tucker arensburg pac,0
3812,freedom first pac,0
3813,"western pennsylvania laborers' pac c/o: robert l. kmecak, jr., secretary-treasurer",0
3814,emily's list,0
3815,southeast regional pac (serpa,0
3816,local 0249 teamsters drive,0
3817,evan williams for judge,0
3818,lancaster county association of reactions political action committee,0
3819,friends of carnegie museums,0
3820,citizens for urban renewal,0
3821,rettew pac                                                  ,0
3822,lower providence rep com                                    ,0
3823,pennsylvanians for tomorrow,0
3824,local 0712 ibew cope                                        ,0
3825,chesapeake energy corporation fed pac                       ,0
3826,lehigh co rep com                                           ,0
3827,"gmerek, richard                                             ",0
3828,ggr inc pac (gmerek gov relations)                          ,0
3829,blank rome llp pa pac                                       ,0
3830,geisinger health pac inc                                    ,0
3831,united water inc. federal pac,0
3832,delaware co dem com                                         ,0
3833,maguire pa pac,0
3834,coalition of people&#39;s property rights,0
3835,pa ski pac                                                  ,0
3836,"vogel, elder for senate                                     ",0
3837,"giorgione, andrew                                           ",0
3838,parsons brinckerhoff inc. pac,0
3861,liberty mutual ins co pac                                   ,0
3862,pa property rights alliance,0
3863,daypac,0
3864,pa concrete pavers pac,0
3865,pa interested citizens pac,0
3866,local 0211 teamsters drive fun,0
3867,metropolitan harrisburg builders pac,0
3868,northwest political alliance                                ,0
3869,"lambert, cynthia a. (lob)                                   ",0
3870,"matzie, robert people for                                   ",0
3871,third district republican committee,0
3872,westmoreland millenium fund                                 ,0
3873,"steighner, joseph & associates                              ",0
3874,acape pac                                                   ,0
3875,"rozzi, mark friends of",0
3876,for the people,0
3877,local 1201 school empl pac                                  ,0
3878,"the williams companies, inc. political action committee",0
3879,pa coalition of nurse practitioners pac                     ,0
3880,elk co dem com                                              ,0
3881,make a difference pac,0
3882,committee to elect ron waters,0
3883,"semmel, paul citizens for                                   ",0
3884,dr pepper snapple group pac                                 ,0
3885,pa/fwd pac,0
3886,"oliver, katie citizens for",0
3887,cigna corporation political action committee,0
3888,csx corporation good government fund,0
3889,"prudential financial, inc. state &amp; federal political action committee (aka prudential state &amp; federal pac)",0
3890,property casualty insurers association of america political action committee (pcipac),0
3891,friends of sean kilkenny,0
3892,health care service corporation employees' political action committee,0
3893,"dean, madeleine friends of",0
3894,democratic state senate campaign committee,0
3895,pa fed of dem women pac                                     ,0
3896,"rapp, kathy for rep                                         ",0
3897,"capital bluepac, the political action committee of capital bluecross",0
3898,"hoffman, whitney friends of",0
3899,the pilots' association for the bay &amp; river delaware pac,0
3900,j m uliana & associates llc pac                             ,0
3901,chiropractic fellowship pac                                 ,0
3902,the dow chemical company employees pac (dowpac),0
3903,westfield empl fed pac of ohio farmers ins co               ,0
3904,pha home pac                           ,0
3905,"campbell, mark (lob)                                        ",0
3906,ak steel corporation political action committee,0
3907,suez water inc. federal pac,0
3908,"mentzer, steve friends of",0
3909,"digirolamo, gene friends of                                 ",0
3910,cardinal health inc. pac aka cardinal health companies pac,0
3911,verizon communications inc. good government club-pa,0
3912,abbvie political action committee,0
3913,citizens for john yudichak,0
3914,friends of sid michaels kavulich,0
3915,republic svcs. inc. employees for better govt. pac,0
3916,"kilderry, friends of",0
3917,upper bucks community democratic organization,0
3918,pike co rep com                                             ,0
3919,"haas, joe friends of",0
3920,roche inc. good government committee,0
3921,iuec local 5 pac fund,0
3922,friends of jake corman,0
3923,pitney bowes inc. political action committee,0
3924,independence blue cross pac (ibc pac) pa,0
3925,waste management employees better government fund,0
3926,blackstone pac,0
3927,h2o state political action committee,0
3928,"aqua america, inc. h2o political action committee",0
3929,cdm smith pennsylvania pac                                                  ,0
3930,citizens for hughes,0
3931,donatucci 2015 committee,0
3932,tim briggs for state representative,0
3933,"hdr, inc. pac",0
3934,consol energy inc. pac,0
3935,dte energy co. edpac - federal,0
3936,"the geo group, inc. political action committee",0
3937,susquehanna leadership fund,0
3938,smucker for senate,0
3939,franklin co rep com                                         ,0
3940,warren co rep com                                           ,0
3941,"anthem, inc. political action committee (anthem pac)",0
3942,centurylink employees' pac of pennsylvania,0
3943,"bloom, stephen for the 199th com                            ",0
3944,mckesson corporation employees political fund,0
3945,"strom, gregg",0
3946,"mullery, gerald citizens for                                ",0
3947,bayer corporation political action committee,0
3948,energy transfer employee management company pac (energy transfer pac),0
3949,dem governors&#39; assoc - pa                                   ,0
3950,the scotts miracle-gro company stewardship pac,0
3951,keystone prosperity pac,0
3952,empower political action committee,0
3953,citizens for george hartwick iii,0
3954,friends of caltagirone,0
3955,boscovs pac,0
3956,pennsylvania automotive association,0
3957,area 9 rep. committee,0
3958,hempfield area democratic committee,0
3959,"tioga county democratic party -- robert wooley, treasurer",0
3960,defense for vanessa brown,0
3961,"fumo, vincent for senate                                    ",0
3962,"pickett, tina friends of                                    ",0
3963,"weston, r. timothy                                          ",0
3964,"webber, mary                                                ",0
3965,laborers district council pac,0
3966,unite here tip campaign committee,0
3967,"merck &amp; co., inc., employees political action committee (merck pac)",0
3968,johnstown professional firefighters p.a.c.,0
3969,fedex corporation political action committee (fedexpac),0
3970,chartwell law pac                                           ,0
3971,allstate insurance company pac,0
3972,mcguirewoods llp                                            ,0
3973,peoples pac,0
3974,micra pennsylvania pac                                            ,0
3975,"kauffman, rob com to elect                                  ",0
3976,clark hill thorp reed pac,0
3977,lower bucks leadership fund c/o e fluke,0
3978,citizens for qualified judges,0
3979,teamsters joint council 40 pac,0
3980,tom sponaugle for judge,0
3981,friends of patty kim,0
3982,tim krieger for judge committee,0
3983,ward 26 rep exec com,0
3984,42nd democratic ward,0
3985,pac 1742,0
3986,philadelphia builders for affordable housing,0
3987,friends of 56th ward democratic committee,0
3988,metlife inc. employees' political participation fu,0
3989,republican action team,0
3990,wells fargo and co. pennsylvania employees good government fund,0
3991,financial services pol com                                  ,0
3992,pa occupational therapy pac                                 ,0
3993,philly set go,0
3994,pasr/l-pec (pa assn of school retirees)                     ,0
3995,worthington industries pac,0
3996,ward 55 dem exec com                                        ,0
3997,philly united                                               ,0
3998,citigroup inc. pac - state (citi pac-state),0
3999,cabot oil &amp; gas corporation political action committee,0
4000,the procter &amp; gamble company good government fund,0
4001,"eich, jon com to elect                                      ",0
4002,a t & t inc fed pac                                         ,0
4003,"sonney, curt com to elect                                   ",0
4004,"fein, david i",0
4005,"leonard, suzan friends of",0
4006,taup cope (temple assn univ prof)                           ,0
4007,nra victory fund                                            ,0
4008,pa physical therapy positive action com                     ,0
4009,tel pac (pa telephone assn)                                 ,0
4010,williams for senate,0
4011,13th ward democratic executive committee,0
4012,susquehanna county democrats,0
4013,p.h.b.a. pac,0
4014,teamsters local 8 pac,0
4015,allegheny co rep com,0
4016,stout election committee,0
4017,michael fanning,1
4018,"melchiorre, vince",1
4019,sam murray for judge committee,0
4020,"murray, samuel p ",1
4021,"teeter, matthew e. ",1
4022,volunteers for argall,0
4023,william j. ciancaglini,1
4024,"jennifer schultz, esquire",1
4025,"kyriakakis, anthony george",1
4026,"harry f. smail, jr",1
4027,"scomillio, victor e ",1
4028,"slenker, neil a ",1
4029,"comery, citizens for",0
4030,friends of anthony kyriakakis,0
4031,starr marshall cash,1
4032,"pittman, joffie c",1
4033,"sulman, daniel r. ",1
4034,"allen, cheryl judge for supreme court",0
4035,jpf pac,0
4036,friends of cherelle l. parker,0
4037,firepac 10,0
4038,pennsylvania pro-life federation state pac,0
4039,aston township executive finance committee,0
4040,westmoreland bar association pac,0
4041,pa ag republicans,0
4042,custom pac,0
4043,tredyffrin township republican committee,0
4044,friends of christy joy,0
4045,lancaster county association of realtors political action committee,0
4046,marino for congress,0
4047,food pac of pa,0
4048,lancaster county democratic committee,0
4049,capital reion stonewall democrats,0
4050,pennsylvania automotive association political action committee,0
4051,"hayden, richard                                             ",0
4052,"marsico, ed for district attorney comm                      ",0
4053,team litz,0
4054,indiana co dem com                                          ,0
4055,firearm owners against crime,0
4056,"jones, hugh alan bipartisan committee to elect judge",0
4057,delco future leadership fund,0
4058,"o'connell, john",0
4059,"iheartmedia, inc. - clear channel outdoor pac",0
4060,julia malloy-good,1
4061,lackawanna co dem com                                       ,0
4062,two eleven pac                                              ,0
4063,margaret j amoroso for judge,0
4064,eckert seamans pa govt pac                                  ,0
4065,education opportunity pac,0
4066,killion victory committee,0
4067,"better jobs, better future",0
4068,jay costa jr for state senate,0
4069,pennsylvania apartment association                             ,0
4070,"george, jane (lob)                                          ",0
4071,friends of julia malloy good,0
4072,fop lodge 28 lower merion pac fund,0
4073,friends of jason salus,0
4074,friends of wansacz and o'malley,0
4075,int. longshoremen's assoc. local 1291 pac,0
4076,clarion cnty rep. committee,0
4077,adams co rep com                                            ,0
4078,blair co dem com                                            ,0
4079,"simmons, justin friends of                                  ",0
4080,friends of ken trujillo,0
4081,"brewster, jim committee to elect                            ",0
4082,friends of mary jo daley,0
4083,your vote matters pac,0
4084,democracy for america - pa                                  ,0
4085,"greenberg traurig, p.a. pac",0
4086,philadelphia 3.0 pac,0
4087,"latorre, david",0
4088,north side good govt com                                    ,0
4089,"washington, leanna friends of                               ",0
4090,"javitz, donna davis committee to elect judge",0
4091,friends of mike driscoll,0
4092,americans of italian heritage council inc                   ,0
4093,cirillo for judge,0
4094,"clifford, dan friends of                                    ",0
4095,jeffry grimes,1
4096,david j. russo,1
4097,gregory cirillo,1
4098,eisenberg for judge,0
4099,"bittner, scott p ",1
4100,local 0322 plumbers &amp; pipefitters pac                       ,0
4101,"committee to elect marci l. miller, judge",0
4102,genesis iv,0
4103,lampeter-strasburg democratic club,0
4104,key-pac c/o ronald w. kosh,0
4105,manheim township democratic club,0
4106,31st ward republican committee,0
4107,"maisano, daniel team judge",0
4108,coal miners pac (utd mine wrkrs of amer)                    ,0
4109,pgh sustainability pac                                      ,0
4110,east pennsboro democratic club,0
4111,teamsters local 830 pac,0
4112,"health partners plans, pac",0
4113,tony scanlon for judge,0
4114,friends of ward 39-b,0
4115,"lower bucks leadership fund % e. fluke, treasurer",0
4116,columbia county democratic committee,0
4117,pa manufactured housing pac c/o treas: mike sienkiewicz @ sienkiewicz holdin,0
4118,protect pa kids pac,0
4119,friends of jannie l. blackwell,0
4120,pit pac,0
4121,democratic committee of juniata county,0
4122,jefferson county republican committee,0
4123,wendy g rothstein for judge,0
4124,local 0250 teamsters political action committee (charles gaston),0
4125,pa manufactured housing pac c/o treas: mike sienkiewicz &amp; sienkiewicz holdin,0
4126,"springfield township democratic committee, montgomery county",0
4127,lawrence county young republicans,0
4128,flyers victory fund,0
4129,chester co dem com                                          ,0
4130,"bipartisan voluntary public affairs committee of the pnc financial services group, inc.   ( pnc pac)",0
4131,action of pa,0
4132,disanto for senate,0
4133,"christiana, jim citizens for                                ",0
4134,capital blue pac                             ,0
4135,schuylkill co dem com                                       ,0
4136,chevron employees political action committee - chevron corporation,0
4137,mcgarrigle for senate,0
4138,meshpac,0
4139,lancaster general health pac,0
4140,pa sfa pac,0
4141,hntb holdings ltd. pac,0
4142,deep blue,0
4143,committee to elect jim martin,0
4144,friends of andy lewis,0
4145,keystone fund,0
4146,local 0009 bricklayers &amp; allie,0
4147,clarion county democratic committee % jennifer vinson,0
4148,"regola, bob friends of c/o treas: c. edward wible",0
4149,fairness pa,0
4150,pa duquesne light (penndupac)                               ,0
4151,"yaw, gene friends of for senate                             ",0
4152,bon-ton pac                                                 ,0
4153,pa restaurant & lodging pac,0
4154,international union of painters and allied trades political action together political committee,0
4155,constructors assn pac (capac)                               ,0
4156,indiana co rep com                                          ,0
4157,1776 freedom&#39;s calling committee,0
4158,"brooks, michele people to elect                             ",0
4159,wawa inc pac,0
4160,nisource inc. pac,0
4161,bucks county republican committee,0
4162,national italian american political action committee,0
4163,northampton co dem com                                      ,0
4164,international association of heat and frost insulators and allied workers policial action committee,0
4165,"int'l. association of bridge, structural, ornamental &amp; reinforcing iron workers (ipal)",0
4166,t&amp;m associates pac,0
4167,roll pac,0
4168,8th ward democratic executive committee,0
4169,citizens for responsible government,0
4170,friends of tom corbett,0
4171,kutztown area democracy club,0
4172,cpbct pac,0
4173,republicans friends of area four,0
4174,friends of neal p. goodman,0
4175,uwua local 686 committee political education fund,0
4176,pa architects pac                                           ,0
4177,arcadis u.s. inc. political action committee (arcadis pac),0
4178,"honesty integrity performance committee c/o chad weaver, treas",0
4179,benninghoff for representative,0
4180,"browne, patrick citizens for                                ",0
4181,"ward, judy friends of",0
4182,pennsylvanians for judicial reform,0
4183,friends of judge paul p. panepinto,0
4184,friends of sheryl delozier,0
4185,"dickie, mccamey &amp; chilcote, political action committee",0
4186,citizens for a better pa,0
4187,pennsylvania independent pharmacists pac,0
4188,"friends of heather heidelbaugh, inc. t/a heidelbaugh for council",0
4189,friends of nick micozzie,0
4190,friend of nate silcox,0
4191,local 0405 iron workers pac                                 ,0
4192,duane morris llp government committee (state),0
4193,"gordner, john friends of                                    ",0
4194,friends of mark painter,0
4195,mission critical partners inc pac                           ,0
4196,greater pgh chamber of commerce                             ,0
4197,"vereb, mike friends of                                      ",0
4198,"road sprinkler fitters local union no. 669, u.a., afl-cio pac",0
4199,the boeing company political action committee,0
4200,"mead, john j ",1
4201,"mead, jamie committee to elect",0
4202,"connelly, erin committee to elect for judge",0
4203,"connelly,erin colleen ",1
4204,"sponseller,todd michael ",1
4205,"rosini, paige committee to elect judge",0
4206,"rosini,paige ",1
4207,"barrett, pat friends of for judge",0
4208,"dimitriou geishauser, elini friends of",0
4209,"sala, melinda for judge",0
4210,"columbia pipeline group, inc. pac",0
4211,"mcclinton, joanna friends of",0
4212,"muha, michael t friends of",0
4213,pa div h.b.p.a. pac                                         ,0
4214,"george, stephen friends of",0
4215,astellas us llc pac (astellas pac),0
4216,com for free enterprise                                     ,0
4217,halliburton company pac,0
4218,pa veterinary pac                                           ,0
4219,zamboni pac,0
4220,phila jt board victory pac                                  ,0
4221,pa democratic party,0
4222,ameriserv financial inc pac                                 ,0
4223,babst calland clements & zomnir pc pac                      ,0
4224,red rose leadership fund,0
4225,cintas corporation partners pac,0
4226,local 0006 bakery confect & tobacco                         ,0
4227,"avis budget group, inc. pac",0
4228,"dominion resources, inc. political action committee - dominion pac",0
4229,walgreen co pac                                             ,0
4230,mid penn bank pac                                           ,0
4231,r.r. donnelley &amp; sons company good government fund,0
4232,international brotherhood of electrical workers political action committee,0
4233,pennsylvanians for ralph kaiser,0
4234,penn manor democratic committee,0
4235,united food and commercial workers international union active ballot club,0
4236,crown pac (pa),0
4237,hatch mott pa pac,0
4238,"feldstein grinberg lang &amp; mckee, p.c. (formerly fgsm, p.c.) c/o treasurer, francis c. rapp, jr., esquire",0
4239,local 0433 uwua c/o brian dixon,0
4240,juniata co women's democratic club,0
4241,"staback, ed friends of                                      ",0
4242,"mackenzie, ryan citizens for",0
4243,"henshaw, kelly friends of",0
4244,"scott,kai n ",1
4245,susan i. schulman,1
4246,dawn a. segal,1
4247,"harry f. smail, jr.",1
4248,morganelli pac pa,0
4249,friends of marcy toepel,0
4250,"hope,christine marie ",1
4251,"hope, christine friends of 2015",0
4252,"scott, kai friends for",0
4253,"schwartz, allyson pennsylvania for",0
4254,friends of donna bullock,0
4255,"bradford, matt friends of                                   ",0
4256,"kuznik, marybeth friends of",0
4257,"schlegel-culver, lynda citizens for                         ",0
4258,"fitzgerald, isabella friends of",0
4259,interior designers pac                                      ,0
4260,"deely, kevin friends of",0
4261,"peifer, mike friends of                                     ",0
4262,"kinsey, stephen friends of",0
4263,nationwide pennsylvania political participation committee,0
4264,amerisourcebergen corporation political action committee (abc pac),0
4265,pa state lodge of fraternal order of police pac,0
4266,norfolk southern corporation good government fund,0
4267,parents & teachers for putting students first,0
4268,hcr manor care pac                                          ,0
4269,"delissio, pamela state house campaign                       ",0
4270,"reyes, michelle fisher (lob)                                ",0
4271,"plant, morgan                                               ",0
4272,manufacturer & business assoc pac (mba-pac)                 ,0
4273,enigma pac,0
4274,new gen i  pac,0
4275,timber pac c/o treasurer paul a. lyskava,0
4276,amy neufield,0
4277,"reschenthaler, guy friends of",0
4278,george r burrell,0
4279,david l hyman,0
4280,"lenhart, lester committee to elect",0
4281,lehigh co dem com                                           ,0
4282,delaware county democratic committee,0
4283,committee to elect leanne krueger-braneky,0
4284,lou dayich,1
4285,heather for harrisburg,0
4286,dan clifford,1
4287,nancy l. butts,1
4288,jonathan mark,1
4289,mankamyer for judge,0
4290,siemens corporation pac,0
4291,people to elect matt baker,0
4292,bb&t pennsylvania pac,0
4293,western pennsylvania growth pac                 ,0
4294,unitedhealth group incorporated pac (united for health),0
4295,"the hartford financial services group, inc. pac (aka the hartford advocates fund)",0
4296,bank of america corp st & fed pac - pa                      ,0
4297,"marsico, ron friends of com                                 ",0
4298,juniata county republican women                              ,0
4299,satellite broadcasting & comm assoc of america pac          ,0
4300,baxter healthcare corporation political action committee,0
4301,vulcan materials company political action committee,0
4302,"altria group, inc. political action committee (altriapac)",0
4303,bristol-myers squibb co. employee political advoca,0
4304,"shade, russ friends of                                      ",0
4305,delco good government committee,0
4306,kutztown area democratic club,0
4307,dauphin county democratic committee,0
4308,"kaplin stewart meloff reiter &amp; stein, pc pac c/o neil a. stein, esquire",0
4309,sheetmetal workers #44 - c/o s. schmude,0
4310,"regola, bob friends of c/o treas. c. edward wible",0
4311,"ellis, brian com to elect                                   ",0
4312,23rd democratic ward,0
4313,united services automobile association employee pac - usaa employee pac,0
4314,dante santoni jr for state representative,0
4315,committee to elect joseph digirolamo,0
4316,team tosti-vasey,0
4317,citizens for stan saylor,0
4318,friends of marian,0
4319,ed marsico for district attorney committee,0
4320,friends of adam ravenstahl,0
4321,acba - judicial excellence committee,0
4322,montgomery county council of republican women,0
4323,twardy for judge committee,0
4324,greater reading pac,0
4325,impel pac,0
4326,teamsters local #30 political action committee,0
4327,"american federation of teachers, afl-cio cope (aft/cope)",0
4328,john foradora,1
4329,"foradora, john henry ",1
4330,"giordano, emil  ",1
4331,"bennett, wayne m ",1
4332,"martin, thomas  ",1
4333,unity 2001                                                  ,0
4334,"sulman, dan committee to elect",0
4335,"huffman, chris friends to elect judge",0
4336,"mccabe, chris for judge",0
4337,"wahl, betsy jo ",1
4338,"bennett, wayne friends of ",0
4339,"mccabe, christopher i ",1
4340,"kyriakakis, anthony george ",1
4341,children&#39;s svc providers fund                               ,0
4342,zarwin baum good govt pac                                   ,0
4343,penn hy-pac (pa dental hygienists)                          ,0
4344,economic development pac,0
4345,associated builders and contractors of wpa                  ,0
4346,"suder, deborah m                                            ",0
4347,pafp pac (pa acdmy family physicians)                       ,0
4348,friends of fee,0
4349,friends of david gibbon,0
4350,democratic pary of cheltenham township,0
4351,pennsylvanians for economic competitiveness,0
4352,better delco,0
4353,district 1199c political action fund,0
4354,white and williams pac,0
4355,friends of charley martin,0
4356,smacpac of pa                                               ,0
4357,unite here tip state &amp; local fund,0
4358,pamic pac,0
4359,communities united pac,0
4360,teamsters local 628 pac                                     ,0
4361,friends of dave white,0
4362,friends of alan butkovitz,0
4363,brthrhd locomotive enginrs &amp; trainmen pac fund              ,0
4364,"santarsiero, steve for st rep                               ",0
4365,committee to elect michelle kichline,0
4366,"vance, patricia voters to elect                             ",0
4367,frederick for judge,0
4368,"gingrich, aaron l. ",1
4369,"lillis, james m ",1
4370,"frederick, victor m iv",1
4371,"rosini, paige  ",1
4372,"kline, kelly friends of",0
4373,"hyams, carrie for judge",0
4374,"schubert, richard  ",1
4375,ward 59 rep exec com                                        ,0
4376,democratic party of york county (pa),0
4377,springfield republican party,0
4378,malady &amp; wooten public affairs                 ,0
4379,pa society of professional engineers pac                    ,0
4380,montco democratic women's leadership initiative,0
4381,"melchiorre, vince committee to elect judge",0
4382,"brewster, jim committee to elect",0
4383,"dicicco, christian  ",1
4384,"clemons, lucretia for judge",0
4385,building a stronger pennsylvania,0
4386,christina m. simpson,1
4387,idee c. fox,1
4388,"hayden, charles  ",1
4389,jenkintown democratic committee,0
4390,sheet metal workers,0
4391,"western pennsylvania laborers' pac c/o: robert l. kmecak, secretary-treasurer",0
4392,pa state pipe trades association,0
4393,phila building trades council pac,0
4394,"tioga county democratic party, robt. wooley, treasurer",0
4395,bucks montgomery committee for housing affordability,0
4396,friends of paul p. panepinto,0
4397,friends of brice arndt,0
4398,alice beck dubow,1
4399,chester city regular republican campaign committee,0
4400,rebuild pennsylvania,0
4401,montgomery county democratic committee,0
4402,committee to elect pam snyder,0
4403,working america pa pac,0
4404,"walsh,joseph m iii",1
4405,hugh alan jones,1
4406,"walsh, joe committee to elect",0
4407,"mchugh,raymond f ",1
4408,"regan,daniel d ",1
4409,paft cope,0
4410,friends of josh parsons,0
4411,ceasefirepa pac,0
4412,shawn wagner for judge,0
4413,committee to retain dawn a. segal,0
4414,"monroe county democratic women, anne fetherman, treasurer",0
4415,donegal area republican committee,0
4416,committee to elect tammy bernstein for judge - cambria county,0
4417,dist 154 dem party of                                       ,0
4418,"youngblood, rosita com to elect                             ",0
4419,"acosta, leslie committee to elect for state rep 197th district",0
4420,friends of andy reilly,0
4421,upper derby rep campaign com,0
4422,the friends of vincent a. vicites,0
4423,committee to retain judge deborah kunselman,0
4424,york county federation of democratic women,0
4425,spring township democratic committee - montgomery county,0
4426,pa manufactured housing pac c/o treas: mike sienkiewicz @ sienkiewicz holi,0
4427,wyoming county democrats party,0
4428,voice of housing of chester &amp; delaware co,0
4429,michael 2015,0
4430,d. gregory geary,1
4431,montgomery county republican women's leadership,0
4432,"friends to keep judge harry f. smail, jr.",0
4433,jarbola for judge,0
4434,"regoli, david a ",1
4435,amanda cooperman,1
4436,barbara s. gilbert,1
4437,"lachman, marlene f",1
4438,frank palumbo,1
4439,michael h wojcik,1
4440,northumberland county republican committee,0
4441,senate republican campaign committee,0
4442,64th ward democrat executive committee,0
4443,local 0500 political; action fund,0
4444,district 1199c pac,0
4445,area 9 republican committee,0
4446,ipal (ironworkers pol action league),0
4447,"harhart, julie committee to elect",0
4448,pa association of milk dealers (pamd),0
4449,franklin county committee for affordable housing,0
4450,genesee &amp; wyoming inc. pac (pa),0
4451,westmoreland bar assoc pac,0
4452,tioga county republican committee,0
4453,hapco pac,0
4454,friends of dan miller,0
4455,christine mayernik,0
4456,the committee to elect brad rose,0
4457,glen grell for house committee,0
4458,tri-county federation of democratic women,0
4459,committee to elect cindy miller,0
4460,"amoroso, margaret j for judge",0
4461,neighbourhood networks pac,0
4462,monroe council of republican women,0
4463,honeywell international political action committee,0
4464,friends of brandon neuman,0
4465,nrg energy inc political action committee,0
4466,amgen inc. political action committee,0
4467,"donbach, brad vote",0
4468,gopac - pa                                                  ,0
4469,committee to elect mike stack,0
4470,tom wolf for governor,0
4471,pennsylvania working families party ie committee,0
4472,"molony, dave friends of                                     ",0
4473,independent state store union pac,0
4474,standard bred breeders association of pa,0
4475,committee to elect joseph e sinnott,0
4476,mifflin county democratic women committee,0
4477,local 0081 ibew cope fund,0
4478,citizens for jason ortitay,0
4479,friends of jeff c wheeland,0
4480,friends of jeff pyle,0
4481,pennsylvanians union reform pac,0
4482,friends of dan  demarco,0
4483,plp pac,0
4484,rep state com of pa,0
4485,jewish community pac of pittsburg,0
4486,ward 30 republicans,0
4487,jar r. moyer,1
4488,musto senate committee,0
4489,committee to elect r. lee james state representative,0
4490,central susquehanna builders assn pac                       ,0
4491,"wheatley, jake citizens for                                 ",0
4492,brandywine leadership coalition,0
4493,"mcclure, rohanna team",0
4494,"cephas, morgan friends for",0
4495,vision for a better community (vbc),0
4496,"metz, b lafe",0
4497,fitzpatrick for congress,0
4498,chadds ford democratic party,0
4499,"ward 66-a, friends of the",0
4500,york county republican committee,0
4501,york traditions bank,0
4502,clarion cnty rep cmtte,0
4503,perry county democratic committee,0
4504,williams for mayor,0
4505,"hackett, joe friends for                                    ",0
4506,"koch industries, inc. political action committee (kochpac)",0
4507,eastmanpac-political action committee of eastman c,0
4508,education management corporation employee pac (edmc edu-pac),0
4509,service corporation international pac,0
4510,novartis corporation political action committee,0
4511,the caterpillar inc. employee political action com,0
4512,international brotherhood of boilermakers campaign,0
4513,acre (action com rural electrification)                     ,0
4514,zeneca inc. political action committee,0
4515,justice party of pennsylvania state committee,0
4516,64th ward executive comittee,0
4517,"del ricci, sarah committee to elect",0
4518,penn ag dems                                                ,0
4519,"mcginnis, john friends of",0
4520,"truitt, dan friends of                                      ",0
4521,brush wellman good govt fund                                ,0
4522,citizens for effective govt                                 ,0
4523,"petrarca, joseph election com                               ",0
4524,lebanon county young republican club,0
4525,local 0066 pac club                                         ,0
4526,york co dem party of                                        ,0
4527,"acosta, leslie friends of",0
4528,"solomon, jared friends of",0
4529,erie insurance political action committee,0
4530,"santana, edwin friends of",0
4531,pa bankers pub affairs (pabpac)                             ,0
4532,sanofi pasteur inc. political action committee,0
4533,jm jr pac,0
4534,anadarko petroleum corp. pac,0
4535,sap america inc pac,0
4536,ford motor company civic action fund,0
4537,sierra club political committee,0
4538,transport workers union political contributions co,0
4539,zappala for pa,0
4540,committee to strengthen america,0
4541,noble energy inc. political action committee,0
4542,1886 pac                                                    ,0
4543,trinity industries employee pac (sf) inc.,0
4544,retention 2015,0
4545,friends of scott conklin,0
4546,committee to elect robert freeman,0
4547,keystone leader`s pac,0
4548,"maloney,david m com to elect",0
4549,raynock jp com elect,0
4550,michael baker international pac   ,0
4551,friends of josh first,0
4552,ron mcglaughlin for judge,0
4553,lehigh valley young republicans,0
4554,friends of donald cunningham jr.,0
4555,psna pac ( pa state nurses assn),0
4556,"stevens, sean friends of",0
4557,for a better pennsylvania fund pac,0
4558,citrino for state rep,0
4559,local 56 ibew political education,0
4560,"snyder, marni philly for",0
4561,manheim township dem club,0
4562,dem party of carbon county,0
4563,hughes helen dem women,0
4564,kutak rock llp pac,0
4565,"schlossberg, mike friends of",0
4566,glaxosmithkline llc pac - pa,0
4567,"gibbons, jaret friends of                                   ",0
4568,tbb pac,0
4569,fmc corp good govt program                                  ,0
4570,lebanon co com for affordable housing                       ,0
4571,"wolfe, jessica committee to elect",0
4572,"demme, ethan friends of",0
4573,everpower wind holdings inc pac,0
4574,"wegman, gary for congress",0
4575,sheet metal workers local # 12,0
4576,local 81 ibew c/o treasurer richard,0
4577,53rd ward gop,0
4578,the elephant fund,0
4579,8th ward gop committee,0
4580,taxpayers for tommy,0
4581,jefferson co dem committe c/c trea: linda bodnar,0
4582,progressive democratic pac,0
4583,committe for kopas,0
4584,"mt lebanon democratic committee c/o geoffrey r. hurd, treasurer",0
4585,river horse pac,0
4586,allegheny county bar association pac,0
4587,scranton federation of teachers,0
4588,monroe county republican committee,0
4589,"lewis, andrew friends of",0
4590,friends of steve bartos,0
4591,wayne co dem com                                            ,0
4592,kwbh pac       ,0
4593,xerox corporation political action committee (xpac),0
4594,cemex inc. employees pac,0
4595,"alkermes, inc. political action committee",0
4596,purdue pharma inc. political action committee (pur,0
4597,anheuser-busch companies inc. pac,0
4598,plna pac (pa landscape/nursery assn)                        ,0
4599,genworth financial inc political action committee,0
4600,philips electronics north america corporation employees political action committee,0
4601,"te connectivity, inc pac (telpac)                ",0
4602,cvs caremark employees political action committee,0
4603,nestle waters north america inc. pac,0
4604,marathon petroleum corporation employees political action committee (mpac),0
4605,seaworld parks &amp; entertainment inc. pac,0
4606,deere &amp; company pac (aka john deere pac),0
4607,committee to re-elecy peter j daley,0
4608,teamster joint council #53 political action committee -drive,0
4609,penn comm for affordable housing,0
4610,friends of eric nelson,0
4611,comm to elect craig stephens,0
4612,joycehaas.com,0
4613,bipart pac political the bank of new york mellom corp,0
4614,seniors for better govt,0
4615,fulton county democrat committee,0
4616,fulton county dem committee,0
4617,"freeberg, kevin friends of ",0
4618,pa dem women&#39;s pac                                          ,0
4619,bka pac (brinjac kambic assoc)                              ,0
4620,"gingrich, mauree for st house                               ",0
4621,"pippy, john friends of                                      ",0
4622,pa liberty fund                                             ,0
4623,"del ricci, sarah  ",1
4624,pa democratic party                                         ,0
4625,americans for marcel,0
4626,"readshaw, harry for leg                                     ",0
4627,"folmer, mike for state sen         ",0
4628,friends for scappe,0
4629,"everett, garth friends of                                   ",0
4630,pa abc pac (pa assoc. bldrs &amp; contractors)                  ,0
4631,pa oil marketers pac (pompac)                               ,0
4632,covanta energy llc                               ,0
4633,"black, david e  (lob)                                       ",0
4634,sprint corporation pac,0
4635,steve santarsiero for state representative,0
4636,j m uliana &amp; associates llc pac                             ,0
4637,rga pennsylvania 2014 pac,0
4638,"costa, paul for st rep                                      ",0
4639,koppers inc pac                                             ,0
4640,"zhang, dafan for pennsylvania",0
4641,cozzone for pa senate,0
4642,"staats for state rep""""",0
4643,"latsha davis &amp; mckenna, pc pac                              ",0
4644,h.j. heinz company political action committee,0
4645,pennoni assoc pac                                           ,0
4646,dist 145 assembly dem org                                   ,0
4647,"ramaley, sean citizens for                                  ",0
4648,focus philly pac,0
4649,"boback, karen friends of                                    ",0
4650,friends of martina white,0
4651,"brumbach, marissa joan ",1
4652,colville for superior court,0
4653,"colville, robert john ",1
4654,"woodruff, dwayne judge for justice",0
4655,"lazarus, anne e  ",1
4656,campaign for fairness,0
4657,warren for justice,0
4658,foradora for supreme court,0
4659,"huffman, christopher w ",1
4660,martina white,1
4661,keep jobs in the usa                                  ,0
4662,"coleman, martin for judge                                   ",0
4663,pa state pipe trades assoc pac                              ,0
4664,"susquehanna bancshares, inc.",0
4665,dent for congress,0
4666,fulton county republican committee,0
4667,petroleum retailers &amp; auto repair assn,0
4668,elk co rep com,0
4669,committee to elect bill keller,0
4670,harrisburg regional chamber pac                             ,0
4671,"baker, michael corp pac                                     ",0
4672,farmers employee &amp; agent pac,0
4673,carpenters pac of phila &amp; vicinity                          ,0
4674,women for change,0
4675,"dubow, alice  b ",1
4676,"johnson, shanese i ",1
4677,"allen, cheryl  ",1
4678,"silvis, jim friends of ",0
4679,citizens for shanese johnson for common pleas judge,0
4680,"watson-stokes, deborah ann ",1
4681,"kassis, abraham p ",1
4682,stella tsai,1
4683,"sawyer, stephanie m friends of                              ",0
4684,"white, don friends of                                       ",0
4685,aument for senate,0
4686,united wards                                                ,0
4687,citizens for a greater reading,0
4688,logan for senate,0
4689,"dermody, frank friends of",0
4690,"savage, danny friends of",0
4691,perry county republican committee,0
4692,local 0250 teamsters political action committe,0
4693,21st ward gop,0
4694,"indiana, armstrong &amp; clarion central labor council afl-cio",0
4695,juniata county republican comm,0
4696,pa. horse breeders assoc. - pac,0
4697,"gordon, tracey  ",1
4698,conservation voters of pa action fund                       ,0
4699,friends of joanna mcclinton,0
4700,nexpac,0
4701,local 2026 faculty fed/comm. college faculty federation of community college of philadelphia,0
4702,ward 14 democratic executive committee,0
4703,fayette country republican committee,0
4704,blawnox democratic committee,0
4705,scranton federation of teachers cope,0
4706,psychiatric physicians of pa pac,0
4707,western pa. laborers' pac,0
4708,fifth square pac,0
4709,kline for judge,0
4710,committee to retain justice max baer,0
4711,friends of frank staudenmeier,0
4712,juniata co. womens democratic club c/o nancy lebkicher,0
4713,friends of john k. weinstein,0
4714,delaware county republican executive committee,0
4715,"davis, tina friends of                                       ",0
4716,bucks county gop pac,0
4717,"lavery, hugh j. (lob)                                       ",0
4718,"wozniak, john n com to elect                                ",0
4719,pa psychological pac (pennpsypac)                           ,0
4720,"frank, gale, bails, murcko &amp; pocrass, p.c. pac",0
4721,stand up westmoreland pac,0
4722,mike kelly for congress,0
4723,school police association - committee for safe schools,0
4724,fayette county republican committee,0
4725,"mt lebanon democratic committee c/o geoffrey r. hurd, treas.",0
4726,democratic party of cheltenham township,0
4727,bipartisan political action committee/the bank of new york mellon corporation bipac/bnymc,0
4728,darby township republican party,0
4729,friends of natasha taylor-smith,0
4730,pspa political support for political action,0
4731,pa future pac,0
4732,blawnox democratic party,0
4733,friends of sharon losier,0
4734,northeast caucus of pa state democratic committee,0
4735,"mallios, chris for judge",0
4736,lawrence demarco,1
4737,bob charles,1
4738,friends of guy,0
4739,katherine b. emery,1
4740,duane morris govt com                                       ,0
4741,arthur l. zulick,1
4742,pennsylvania working families party ie pac,0
4743,greater harrisburg association of realtors(r) pac,0
4744,"tioga county democratic party--robert wooley, treasurer",0
4745,lower makefield democractic club,0
4746,michael h. wojcik,1
4747,lillian harris ransom,1
4748,maureen a. skerda,1
4749,john milton younge,1
4750,ann m butchart,1
4751,walter j. olszewski,1
4752,charles j. cunningham,1
4753,pat dugan,1
4754,"schulman, susan i",1
4755,"shirdan-harris, lisette",1
4756,melissa a. amodie,1
4757,"dobson, thomas r",1
4758,leon w tucker,1
4759,xerox corporation pac (xpac),0
4760,central pa builders for affordable housing                  ,0
4761,chester co chamber pac,0
4762,upper moreland republican assoc,0
4763,w.e.s.t.r.u.m. pac,0
4764,"kaplin stewart meloff reiter &amp; stein, p.c.",0
4765,derry township democratic committee,0
4766,pennsylvania independent pharmasists pac,0
4767,professional acupuncture in pa,0
4768,people to elect brooks,0
4769,patriot voices pac,0
4770,greener east nottngham,0
4771,"parsons, scott citizens to elect",0
4772,area 8 rep com                                              ,0
4773,7th ward friends of angerl cruz,0
4774,citizens for progress,0
4775,second district luzerne county republican committee,0
4776,laborers local union no. 130 pac,0
4777,pa horse breeders assocaition- pac,0
4778,"mcginn ,joe friends of",0
4779,"scanlon , tony for judge",0
4780,"dermovsesian, albert j friends of",0
4783,montgomery co council of rep women,0
4784,african american women for political change,0
4785,committee to elect flo fabrizio,0
4786,union county republican committee,0
4787,citizens to elect dick hess state representative,0
4788,friends of cris dush,0
4789,nea fund for children and public education,0
4790,nea fund for children and public education nfi,0
4791,"flynn, marty friends of",0
4792,golden livingcenters care pac - pa,0
4793,national association of mutual insurance companies pac,0
4794,united parcel service inc. pac,0
4795,csl behring employees political action committee,0
4796,friends of neil makhija,0
4797,quest diagnostics incorporated political action committee,0
4798,mylan inc. political action committee (mypac),0
4799,cozen o&#39;connor federal pac,0
4800,keystone reform pac,0
4801,harris corporation political action committee,0
4802,crawford co dem com                                         ,0
4803,"nesbit, tedd elect",0
4804,friends of john r. campbell,0
4805,york county federation  of democratic women,0
4806,wcr special funds,0
4807,the kraft heinz company political action committee   (heinzpac),0
4808,mcnees pac,0
4809,warren county dem committee,0
4810,"tallman, will f",1
4811,regional priorities pac,0
4812,ward 63 rep exec com                                        ,0
4813,dist 143 dem assembly (new)                                 ,0
4814,fredric j. ammerman,1
4815,gwendolyn n. bright,1
4816,ward 05 rep com                                             ,0
4817,"wojcik, michael h ",1
4818,"johnson, shanese citizens for common pleas judge",0
4819,pa joint board workers united pac,0
4820,"warren, rebecca for justice",0
4821,friends of joe  ciresi,0
4822,friends of neal rice,0
4823,long for pa,0
4824,mccandless rep commottee,0
4825,sims4papac,0
4826,friends of kate klunk,0
4827,friends of john brown,0
4828,voit for pa treasurer,0
4829,tavern pac,0
4830,friends of john rafferty,0
4831,sanofi us services inc employees pac                   ,0
4832,19th ward executive committee,0
4833,concerned citizens of central pennsylvania,0
4834,kotik for representative 2002,0
4835,university city rep com                                     ,0
4836,crossroads pac                                              ,0
4837,"green party of montgomery county, pa",0
4838,"mcgeehan, mike friends to elect                             ",0
4839,richland dem com                                            ,0
4840,allegheny co dem delegation                                 ,0
4841,keeping america competitive,0
4842,phila future pac                                            ,0
4843,afscme council 13 political and legislative,0
4844,carmeuse pac,0
4845,friends of kristin phillips-hill,0
4846,upper providence republican committee,0
4847,"upper darby firefighters pac""""",0
4848,friends for daryl metcalfe,0
4849,greene county republican committee c/o mary sue crayne - treasurer,0
4850,robbins for senate committee,0
4851,ward 58 democratic philadelphia,0
4852,friends of bob mellow,0
4853,corry democratic party,0
4854,pa ballot access coalition,0
4855,"schwank, judy friends for",0
4856,pa radiology pac (paradpac)c/o keith haidet,0
4857,don l. francis,0
4858,pac pard phil pac c/o frank a. rubino treasurer,0
4859,kathleen kane for pennsylvania,0
4860,berks democratic women,0
4861,friends of camera bartolotta,0
4862,friends of jess stairs,0
4863,juniata co. womens' democratic club,0
4864,nbt bank n.a. state fund p.a.,0
4865,mckean county republican committee,0
4866,"wuf political action committee c/o: robert l. kmecak, jr., secretary-treasurer",0
4867,western pennsylvania laborers' pac,0
4868,"nextera energy, inc. political action committee",0
4869,chris rabb for state representative,0
4870,pennsylvanians for better leadership pac                    ,0
4871,"dawkins, jason friends of",0
4872,indiana co fed of dem women                                 ,0
4873,"denlinger, gordon friends of                                ",0
4874,weston solutions inc. pac (weston pac),0
4875,distilled spirits cncl of us inc pac                        ,0
4876,eli lilly and company political action committee,0
4877,"boni, andrew j election fund",0
4878,beaver county young republicans,0
4879,pa fed of college republicans,0
4880,"samuelson, steve friends of                                 ",0
4881,friends of pat harkins c/o treasurer susan m. kowalski,0
4882,local 8 plasterers,0
4883,sullivan county democratic committee,0
4884,local 592 - cement masons,0
4885,pa bpw pac c/o susanna westover,0
4886,lawrence county democratic committee,0
4887,southeast pa now pac,0
4888,friends of randy phiel for comm,0
4889,friends of joe torsella,0
4890,american association for justice pac,0
4891,"international union of operating engineers, local 95",0
4892,"mcguffin ,brian t ",1
4893,m. l. skip ebert,1
4894,pa manufactured housing pac c/o treas: mike sienkiewicz @ sienkiewicz holding,0
4895,delaware county future fund,0
4896,republican committee of allegheny county,0
4897,"york professional firefighters local 627, iaff",0
4898,erie insurance pac                                          ,0
4899,reichley for superior court,0
4900,friends to elect lynne m. summers for judge,0
4901,richardson todd eagen,1
4902,penn environment action fund,0
4903,lower makefield rep club                                    ,0
4904,"kitchen table patriots pac, the                             ",0
4905,"murphy, elvage g ",1
4906,"sweeney, patrick for judge",0
4907,hansen for seante,0
4908,"sweeney, patrick allen ",1
4909,"sponseller, todd michael ",1
4910,"walsh, joseph m iii",1
4911,pharmpac (pa pharmacy pac) c/o treas: patricia a epple,0
4912,pa sfa pac                                                  ,0
4913,bucks montgomery com for housing affordability              ,0
4914,dwayne woodruff,1
4915,"committee to elect starr marshall cash, judge, court of common pleas",0
4916,"barletta, lou for congress",0
4917,"thomson, rhodes &amp; cowie  pc  pac                            ",0
4918,pa now (natt org for women),0
4919,int'l brotherhood of boilermakers local 154,0
4920,pocono builders association pac,0
4921,teamsters jt council 40 pac,0
4922,lancaster county democratic women's association,0
4923,committee to elect marci l. miller judge,0
4924,conroy for philly,0
4925,friends of julia malloy-good,0
4926,carnes for judge,0
4927,friends of erin molchany,0
4928,mattis for judge committee (court of common pleas - northumberland county),0
4929,"urologists for patients access to care pac (u-pac pac) c/o treas., andrew goodman",0
4930,pa deer framers association of pa pac (pdfa pac) c/o harry strawser,0
4931,"milliron &amp; goodman pac c/o treas., john p. milliron",0
4932,"pa academy of ophthalmology pac (pao pac) c/o treas., john p. milliron",0
4933,monsanto company citizenship fund aka monsanto citizenship fund,0
4934,"jubas, gary a",1
4935,"shaw, alan people to elect",0
4936,friends of 56ward democratic committee,0
4937,committee to reelect sandra major state representative,0
4938,"marshall, jon  ",1
4939,matthew perks,1
4940,"lazarus, anne for supreme court",0
4941,teamsters local #30 political action comm,0
4942,"miller, lawrence",0
4943,"barrar, stephen friends of                                  ",0
4944,pac45,0
4945,kdpf pac,0
4946,upland republican executive committee,0
4947,"lower bucks leadership fund c/o e fluke, treasurer",0
4948,indian valley democrats c/o stephanie ferretti,0
4949,the hershey company politicial action committee (hcpac),0
4950,local 0524 united assn steamfi,0
4951,48th ward democratic executive committee-philadelphia,0
4952,friends to elect tina tartaglione,0
4953,so phila pac,0
4954,"committee to elect starr marshall cash, judge,m court of common pleas",0
4955,air products pa pol alliances,0
4956,susquehanna co dem com,0
4957,"castor, bruce friends of, inc.",0
4958,dnb financial good govt pac,0
4959,"frank,gale,bails, murcko &amp; pocrass, p.c. pac",0
4960,fulton county democratic committee,0
4961,brian t. ortelere,1
4962,friends of joshua young,0
4963,matis baum o&#39;connor pac                               ,0
4964,vote liz 2012,0
4965,committee to elect t.r. williams judge,0
4966,"mcguffin , brian t ",1
4967,"grayson, lisa m ",1
4968,"h. robert mattis, jr.",1
4969,david henderson / committee to elect henderson,0
4970,committee to elect jennifer staley mccrady for judge,0
4971,plan w pa,0
4972,democratic society of york,0
4973,pa ag republican,0
4974,"lower bucks leadership fund c/o e. fluke, treasurer",0
4975,prosperity pa pac,0
4976,arise usa,0
4977,juniata co dem com,0
4978,friends of barry moore,0
4979,local 09 pa bricklayers &amp; allied craftworkers,0
4980,international association of heat and frost insulators and allied workers political action committee,0
4981,kate m harper,1
4982,friends of barbarann keffer,0
4983,"baker, k. scott  (lob)                                      ",0
4984,"moore, barry friends of",0
4985,lower paxton twp rep com                                    ,0
4986,committee to elect gary jubas judge,0
4987,"chiomento iii, thomas v                                     ",0
4988,"yudichak, john citizens for                                 ",0
4989,johnstown professional firefighter pac,0
4990,mark painter,1
4991,"oliver, frank friends of                                    ",0
4992,"cohen, mark pennsylvanians for rep",0
4993,the honorable edward j. borkowski,1
4994,the honorable donna jo mcdaniel,1
4995,the honorable kathryn m. hens-greco,1
4996,the honorable thomas e. flaherty,1
4997,m l skip ebert,1
4998,the honorable dwayne d. woodruff,1
4999,the honorable anthony m. mariani,1
5000,delaware co rep finance com. 7900243,0
5001,bayada home health care pac,0
5002,indiana-armstrong builders for affordable housing,0
5003,lower makefield-yardley rep com                             ,0
5004,"whare, michael j ",1
5005,erie co bar assoc judicial plebiscite com                   ,0
5006,"regional leaders c/o frank colucci, treasurer",0
5007,pfrw pac,0
5008,republican state leadership committee pac &amp; individual account,0
5009,pennsylvanians for integrity in government pac,0
5010,citizens for integrity in government llc,0
5011,moderate americans,0
5012,bedford area republican women,0
5013,pa. automatic merchandising council mark craney treasurer,0
5014,friends of pat krebs,0
5015,"apollo education group, inc. political organization for legislative leadership in pennsylvania",0
5016,syngenta corporation employee pac,0
5017,greater philadelphia automobile dealers pac,0
5018,"iheartmedia, inc - clear channel outdoor pac                  ",0
5019,keystone progress pac                                       ,0
5020,the center pac                                              ,0
5021,friends of leroy wentz,0
5022,shipley energy pac,0
5023,eastern pocono democratic club,0
5024,"emrick, joe committee to elect c/o tres. joann cardello",0
5025,committee to elect craig stephens,0
5026,school nurse pac c/o nancy kaminski,0
5027,arkema political action committee,0
5028,friends of bob donchez,0
5029,"millard, david committee to elect",0
5030,mercer county committee for affordable housing,0
5031,john kane for state senate,0
5032,teamsters local 463 political action committee,0
5033,susquehanna republican committee,0
5034,phila now pac,0
5035,great lakes building &amp; construction trades council,0
5036,friends of marian b. tasco,0
5037,williamsport area women's democratic club pac,0
5038,"toohil, tarah committee to elect",0
5039,pennsylvania communities organizing for change pac,0
5040,friends of harry fike,0
5041,forest county democratic committee,0
5042,haggerty for senate,0
5043,"francis, ron for congress",0
5044,pennsylvania republican outreach,0
5045,friends of gene yaw for senate,0
5046,committee to elect phyllis bennett,0
5047,allegheny county deputy sheriffs association (acdsa) pac,0
5048,eastern schuylkill democratic club,0
5049,clinton co democratic committee,0
5050,gt commonwealth pac,0
5051,committee to elect tim solobay,0
5052,"pennsylvania association of plumbing heating cooling contractors, inc",0
5053,tobacco and candy political action committee (tac pac),0
5054,butler county democratic committee,0
5055,monroe county republican committe,0
5056,bikers pac bikepac c/o carol umbenhauer,0
5057,bradford county republican committee,0
5058,int.l longshoremen's assoc. local 1291 pac,0
5059,citizens for andy ritter,0
5060,friends for ferlo,0
5061,"aramark services, inc. pac (aramark pac)",0
5062,scott wagner for senate,0
5063,afl-cio cope com. (erie),0
5064,pro-life political development,0
5065,berks county committee for affordable housing,0
5066,friends of w. curtis thomas,0
5067,reform pa pac,0
5068,nutter for mayor,0
5069,judge dwayne woodruff for justice,0
5070,adam for state representative,0
5071,philadelphia republican leadership council,0
5072,"herman, tom friends of c/o claudia lukert",0
5073,friends of tonyelle cook-artis,0
5074,friends of ed gainey,0
5075,huntingdon county democratic committee,0
5076,pentecostal clergy political awareness committee,0
5077,bucks/montgomery committee for housing affordability,0
5078,friends of tom michalow,0
5079,bayada home health care,0
5080,upper perkiomen democratic club,0
5081,55th ward republian executive committee,0
5082,friends of john lawrence,0
5083,"sanguinito, bryan friends of for pa house",0
5084,2020 future fund,0
5085,pa academy of nutrition &amp; dietetics,0
5086,dante santoni jr. for state representative,0
5087,hampden township republican association,0
5088,constitution party of pennsylvania,0
5089,united democratic committee,0
5090,committee to elect judge david acker,0
5091,teamsters local 623 pac,0
5092,york county builders pac,0
5093,team gillespie,0
5094,committe to elect rich irvin,0
5095,committee to elect dan deasy,0
5096,committee to elect scott hutchinson,0
5097,the wendys company political action committee,0
5098,friends of alex lipton,0
5099,murray energy corporation pac,0
5100,o'connor for judge,0
5101,fund for green values,0
5102,local 169 pac,0
5103,morrison cove blair county republican club c/o katelynne waltz,0
5104,abington twp rockledgeboro republican organization,0
5105,butler county republican committee,0
5106,bradford county council republican woman,0
5107,friends of paul steinke,0
5108,2000 african american women,0
5109,friends for sekela coles,0
5110,spurgeon for judge,0
5111,ltk pac,0
5112,united association political education committee,0
5113,nova chem inc &amp; nova chem serv inc com for polact &amp; engage,0
5114,pennsylvania for tax fairness pac,0
5115,friends of charles dertinger,0
5116,pa accountant pac,0
5117,pennsylvania watchdog pac,0
5118,committee to elect dan surra,0
5119,friends of bob charles,0
5120,pennsylvania motor truck association pac (pmta pac),0
5121,"kasunic, richard a camp com",0
5122,"bowling proprietors association of pa pac (bpap pac) c/o treas., john p. milliron",0
5123,ward 31 pac 31 31st ward dem ex. com.,0
5124,"pa amusement &amp; music machine association pac (pamma pac) c/o exe dir., john p. miliron",0
5125,"outdoor advertising association of pa pac (oaap pac) c/o treas., john p. milliron",0
5126,pa auctioneers assn pac,0
5127,johnson &amp; johnson political action committee,0
5128,"cox, jim friends of                                         ",0
5129,keystone strategic advocacy pac (&quot;ksa pac&quot;),0
5130,international union of bricklayers and allied craftworkers political action committee,0
5131,pioga pac,0
5132,"farina, frank friends of",0
5133,friends of duane milne,0
5134,utu pac (united transportation union),0
5135,tax payers for lisa esler,0
5136,pa family pac,0
5137,friends of rania major,0
5138,america votes - pa                                          ,0
5139,"warren, rebecca lee",1
5140,"schott, ann friends of",0
5141,"kassis, abe bipartisan com to elect",0
5142,"hope, christine marie ",1
5143,babst calland clements &amp; zomnir pc pac                      ,0
5144,aft pa,0
5145,pa automotive assn pac,0
5146,bikers pac bikepac c/o carol umberhauer treasurer,0
5147,"indiana, armstrong, &amp; clarion central labor council afl-cio",0
5148,"cawley,jim friends of                                       ",0
5149,fund for future delaware co dems                            ,0
5150,"morabito, don",0
5151,clinton county republican committee,0
5152,committee to elect deborah cianfrani,0
5153,friends of jamie barton,0
5154,p.h.b.a. pac (pa horse breeders assn),0
5155,upper perk democrats-area2                                  ,0
5156,"drive chapter 776 c/o: ronald w. hicks, secretary treasurer",0
5157,"value drug company pac, c/o treas: carmen a. dicello",0
5158,indiana-armstrg buildrs for affordbl housing                ,0
5159,"bell, joann                                                 ",0
5160,"bullock,donna ",1
5161,"bullock, donna friends ",0
5162,jessica brewbaker,1
5163,lady liberty pac,0
5164,cross for cumberland,0
5165,casa commonwealth association of school administrators,0
5166,committee to elect tammy bernstein for judge,0
5167,tamara bernstein (candidate for judge),1
5168,"john s. cornes, jr.",1
5169,jim gerlach for congress,0
5170,friends of jim smith,0
5171,nwpfc pac (northwestern pa food council)                    ,0
5172,"stine, tamara mckinney                                      ",0
5173,friends of nate silcox,0
5174,fulton financial corporation,0
5175,"latsha davis & mckenna, pc pac                              ",0
5176,chesapeake energy corporation fed pac,0
5177,oxford area republican committee,0
5178,"sullivan, sean friends of",0
5179,pac 102                                                     ,0
5180,"hagarty, lois                                               ",0
5181,citizens for the 21st century                               ,0
5182,psa action pac,0
5183,"stark, debra d                                              ",0
5184,"barrack, rodos & bacine state pac                           ",0
5185,jodi lobel for judge,0
5186,darby twp republican party,0
5187,montco democ. women's leadership initiative,0
5188,wyoming co dem com,0
5189,local 0012 sheet metal workers pac,0
5190,bentley systems incorporated federal pac,0
5191,chester co young dems                                       ,0
5192,pa family pac                                               ,0
5193,local 0019 sheet metal wrkrs union league for pol educa     ,0
5194,allegheny co rep com                                        ,0
5195,committee to elect amodie for judge,0
5196,"fletman, abbe f. ",1
5197,"motto, dominick",1
5198,glenn b. bronson,1
5199,"beltrami, anthony s ",1
5200,"anderson, thomas bradley",1
5201,pa radiology pac (paradpac) c/o keith haidet,0
5202,pocono builders association,0
5203,"sturla, mike for state rep                                  ",0
5204,thompson leadership committee,0
5205,two eleven pac,0
5206,armstrong cty democratic committee,0
5207,"pa college of emergency medicine pac (pep pac) c/o treas., john p. milliron",0
5208,"pa deer farmer association pac (pdfa pac) c/o treas., harry strawser",0
5209,"pa academy of otolaryngology pac (oto pac) c/o treas., john. p. milliron",0
5210,pa society of physician assistants pac (pspa pac) c/o john p. milliron,0
5211,bill shuster for congress,0
5212,committee to elect tom quigley,0
5213,friends of saud siddiqui,0
5214,friends of jack stollsteimer,0
5215,citizens to elect mike o'brien,0
5216,boma for good government,0
5217,local 2026 faculty fed/comm.c,0
5218,new century leadership alliance,0
5219,rail labor committee of pa,0
5220,patriots for perry,0
5221,committee to elect jennifer staley mccrady judge,0
5222,committee to elect tammy bernstein for judge cambria county,0
5223,waxpac,0
5224,kevin schreiber for york,0
5225,friends of peter schweyer,0
5226,markosek for state legislature committee,0
5227,friends of lisa boscola,0
5228,4 we the people - cook,0
5229,dla piper new york political action committee,0
5230,committee to elect len bodack,0
5231,"clymer, paul citizens for",0
5232,"committee to re-elect jay costa, c/o guy costa, treas.",0
5233,calgon carbon corporation pac inc.,0
5234,"magellan health, inc. employee committee for good government",0
5235,selective insurance company of america political action committee,0
5236,keystone america pac,0
5237,dla piper pac,0
5238,"key questions, key answers",0
5239,erie county leadership comm % treas. barbara j boyes,0
5240,friends of allen cerullo,0
5241,"reedy, tim supporters of",0
5242,jerry stern for assembly,0
5243,friends of jack wagner,0
5244,nustar pac,0
5245,maximus inc political action committee (maxpac),0
5246,amalgamated bank pac,0
5247,leadership for educational equity - pennsylvania pac,0
5248,pennsylvania young democrats,0
5249,zuffa political action committee,0
5250,gateway health plan pac,0
5251,9th ward democratic committee,0
5252,"bodack, leonard for senate",0
5253,committee to reelect frank burns,0
5254,pennsylvanians for injured workers,0
5255,friends of kevin boyle,0
5256,43rd ward democratic executive committe,0
5257,cerner corporation pac,0
5258,better pennsylvania pac,0
5259,friends of margo davidson,0
5260,national organization for the reform of marijuana laws pac,0
5261,boma pa pac,0
5262,1199 seiu new york state political action fund,0
5263,committee to elect rick mirabito,0
5264,democratic caucus of county commissioners,0
5272,friends of sharif street,0
5273,d pac,0
5274,friends of gary day,0
5275,pa cable pac (pa cable television)                          ,0
5276,philadelphia black republican council,0
5277,friends for dwight evans,0
5278,pennsylvania school boards association ed,0
5279,liberty pa 2016,0
5280,"madden, maureen friends of for state representative",0
5281,tim barker for republican state committee,0
5282,capitol region stonewall democrats,0
5283,crisci associates pac,0
5284,wine &amp; spirits brokers association pac,0
5285,friends of seth williams,0
5286,pennsylvania beverage association pac,0
5287,alliance of automotive service providers of pa pac c/o bret foley,0
5288,local 9 bricklayers &amp; allied craftworkers,0
5289,somerset county leadership fund,0
5290,"barbin, bryan citizens to re-elect                          ",0
5291,campaign for a fresh start,0
5292,"kuller, laura jan                                           ",0
5293,campaign for compassion,0
5294,"miller, dottie friends of",0
5295,friends of fred keller,0
5296,friends of eric roe campaign finance committee,0
5297,"crown cork &amp; seal company, inc. pac",0
5298,fumo for senate,0
5299,"sabatina sr.,john friends of                                ",0
5300,general contractors assn of pa pac                          ,0
5301,"keller, mark friends of                                     ",0
5302,alliance of community service providers pac,0
5303,cmmt to elect marc gergely,0
5304,"hohenstein, joe elect",0
5305,genesis healthcare corp state pac                           ,0
5306,"warner, ryan friends of",0
5307,southeastern pennsylvania manufacturers pac,0
5308,"decaro, john  jr",1
5309,sandjai weaver,1
5310,"woodruff, dwayne  d ",1
5311,"sawyer, stephanie michelle ",1
5312,"connelly, erin colleen ",1
5313,"grobstein, jed for pa house",0
5314,wawa inc pac                                                ,0
5315,"kolling, jr charles j                                       ",0
5316,"barbour, john a",0
5317,cambria first,0
5318,"rafferty, john friends of",0
5319,greater lehigh valley realtors pac         ,0
5320,manufacturer &amp; business assoc pac (mba-pac)                 ,0
5321,"rongione, vote vince pa",0
5322,gary jubas,1
5323,furlong for judge,0
5324,"john s. carnes, jr. esq",1
5325,indian valley dem com                                       ,0
5326,"barrack, rodos &amp; bacine state pac                           ",0
5327,"committee to elect ci l. miller, judge",0
5328,unite here tip campaign com                                 ,0
5329,rebecca warren,1
5330,tangie marie boston,1
5331,"leon a. king, ii",1
5332,jim silvis,1
5333,"armstrong, sarah friends of",0
5334,"parker, cherelle friends of                                 ",0
5335,friends of mcateer for house,0
5336,win with waugh committee c/o wanda waugh,0
5337,joffie pittman,1
5338,pennsylvania republican outreach pac (pro pac),0
5339,pa manufactured housing pac c/o treas: mike sienkiewicz @ sienkiewicz holdi,0
5340,win with waugh c/o tres wanda waugh,0
5341,ward 07 friends of,0
5342,capital region stonewall democrats,0
5343,clarion cnty rep cmmte,0
5344,local 692 sprinklerfitters pac,0
5345,38th ward democratic,0
5346,"kaplin stewart meloff reiter &amp; stein, pc pac c/o neil a. stein, equire",0
5347,committee to elect chris,0
5348,citizens for katie oliver,0
5349,"donatucci, ronald - 2007 com",0
5350,pacan pac                                                   ,0
5351,keystone progress pac,0
5352,committee to elect jennifer schultz to court of common oleas,0
5353,highmark pac of highmark inc                                 ,0
5354,"charles, bob friends of",0
5355,"gordon,tracey ",1
5356,"mensch, bob friends of                                      ",0
5357,"sokoloski, kimberly s.                                      ",0
5358,better pa pac                                               ,0
5359,friends of sharon w losier,0
5360,northumberland county gop,0
5361,voter report project,0
5362,south eastern pa pac                                        ,0
5363,"regan, mike citizens for",0
5364,phila fed teach (pft) com supt pub edu                      ,0
5365,nra victory fund,0
5366,ronald s. mcglaughlin,1
5367,"friends to keen judge harry f. smail, jr.",0
5368,workers voice pennsylvania,0
5369,"forrest, liz friends of ",0
5370,stv engineers inc pac                                       ,0
5371,pa social work pace                                         ,0
5372,sims 4 pa pac,0
5373,comcast corporation &amp; nbc universal political action committee - usa,0
5374,7th ward friends of angel cruz,0
5375,"tucker, kevin  lob                                          ",0
5376,southeast pa citizens for honorable elected officials,0
5377,pennsylvania for judicial reform,0
5378,somerset co dem com,0
5379,pa manufactured housing pac,0
5380,nextgen climate action committee - pennsylvania,0
5381,sullivan county republican committee,0
5382,east nantmeal democratic committee,0
5383,western cumberland county republican club,0
5385,suplizio for senate,0
5386,local 0692 sprinklerfitters pac (phila)                     ,0
5387,gateway health plan pac                                     ,0
5388,pa radiology pac (paradpac)                                 ,0
5389,spirit of 1776,0
5390,bensalem democratic organization ,0
5391,"garrity,stacy l ",1
5392,wojdak for the commonwealth pac,0
5393,"clancy, eric r.",0
5394,teamsters local 929 pac,0
5395,truist pennsylvania pac,0
5396,casa (commonwth assn school adm pac),0
5397,ibew local 654 pac,0
5399,tinicum democrats,0
5400,food pac (pa food merchants assn)                           ,0
5401,arconic inc. employees voluntary political action committee,0
5402,pa chiropractic assn                                        ,0
5403,"american international group, inc. employee state political action committee",0
5404,transportation construction industries pac (tci-pac),0
5405,leaders only uniite political action committe (lou pac),0
5406,chubb group holdings inc. political action committee,0
5407,relight america pac,0
5408,f.n.b. corporation pac,0
5409,walgreen co pac (walgreenspac),0
5410,upper allen mechanicsburg democratic club,0
5411,friends of robert prah jr,0
5413,"pennsylvania committee for affordable housing/jill pento, treasurer; lori venema, assist tre",0
5414,friends of harold m hayes,0
5415,"bipartisan voluntary public affairs committee of the pnc financial services group, inc.   (pnc pac)",0
5416,"vance, shohin",0
5417,perkiomen valley area 15 democrats                          ,0
5418,malady & wooten pac              ,0
5419,"neff, jeff friends of",0
5420,"davis, rosie for pa",0
5421,ward 39a pac,0
5422,planned parenthood pennsylvania votes,0
5423,area 18 republican committee,0
5424,"wilson, zachary james ",1
5425,friends of tom tosti,0
5426,friends of bob harvie,0
5427,"kulik, astorino anita friends of",0
5428,liberty city lesbian & gay dem club                         ,0
5429,leadingage pa political action committee,0
5430,"baker, raymond friends of",0
5431,ray sosa,1
5432,iuoe local 542 pac fund,0
5433,concord-bethel democratic committee,0
5434,pgh fire fighters local #1 fire pac,0
5435,wellcare health plan political action committee,0
5436,committee to elect harlan shober,0
5437,making americans count pac (mac pac),0
5438,elect kacey french committee,0
5439,keurig dr pepper inc. pac,0
5440,tinicum township republican finance committee,0
5441,energy voices pac,0
5442,local 0009 bricklayers & allied craftworkers pa pac         ,0
5443,sterner for pennsylvania,0
5444,ipal (ironworkers pol action league)                        ,0
5446,community associations institute pac - pennsylvania,0
5447,salvo pac,0
5448,ugi utilities inc/ugi energy services llc pac,0
5449,"king, megan friends of",0
5450,dga victory fund,0
5451,"santiago, enid friends of",0
5452,people for the american way (pfaw) action fund,0
5453,"waltenbaugh, tay friends of",0
5454,"williams, claudette friends of ",0
5455,friends of kelly mcdonough,0
5456,pennsylvania opportunity pac,0
5457,independence blue cross pac (ibcpac) pa,0
5458,committee for good government ,0
5459,committee for a better commonwealth,0
5460,nina for pa,0
5462,"ahmad, nilofer nina ",1
5463,democratic attorneys general association ? pa,0
5464,elect joe hohenstein,0
5465,"hodge, richard michael ",1
5466,"shaaban, marisa friends of",0
5467,the integrity project,0
5468,all of us,0
5469,philadelphia democratic socialists of america political action committee,0
5470,vistra energy leaders political action committee of vistra energy,0
5471,"waugh, john friends of ",0
5472,te connectivity corporation political action committee tepac,0
5473,"urban engineers, inc pac",0
5474,worcester pa democrats,0
5475,food and water action pac,0
5476,life sciences pennsylvania pac,0
5477,food & water action ie pac,0
5478,shapiro for pennsylvania,0
5479,friends of frank ryan,0
5480,friends of melissa shusterman,0
5481,58 democratic ward of philadelphia,0
5482,outdoor advertising association of pa pac (oaap pac),0
5483,western pennsylvania laborers 2019 pac,0
5484,"mizgorski, lori we believe in",0
5485,"stephens, todd friends of inc                               ",0
5486,"keefer wetzel, dawn committee friends of",0
5487,"marlier, noah friends of",0
5488,citizens for a better pennsylvania                          ,0
5489,pennsylvania land title association political action committee,0
5491,friends of denny semsick,0
5492,"snyder, pam  ",1
5493,friends of mike taylor,0
5494,"day, gary  ",1
5495,mcnees pac                                                  ,0
5496,"ferrence, matthew friends of",0
5497,"semsick, dennis r ",1
5498,harry young cochran campaign fund,0
5499,"baker, annette c ",1
5500,may for pa,0
5503,friends of david rowe,0
5504,the hershey company political action committee,0
5505,friends of nathan brown,0
5506,faculty and staff federation of the community college of philadelphia,0
5507,"grimm, ryan s ",1
5508,"del valle, andre  ",1
5509,conservation voters of pa victory fund ,0
5510,"coplen, richard chase  ",1
5511,dte energy company political action committee,0
5512,afscme pennsylvania,0
5513,centene corporation political action committee (centene pac),0
5514,friends of monica taylor,0
5515,"deloreto, tony friends of",0
5516,"rodriguez, adam the committee to elect",0
5517,"goodman, neal friends of                                    ",0
5518,friends of bob doddato,0
5519,nether providence democratic committee,0
5520,tredyffrin twp dem com                                      ,0
5521,"archetto, gregory   ",1
5522,"daley, mary josephine ",1
5523,"guidi, sharon the committee to elect pa house 40",0
5524,future leaders fund,0
5525,"boyle, kevin friends of                                     ",0
5526,the raucous resistance,0
5527,ox-grove democratic com,0
5528,"doddato, robert august ",1
5529,"covert, ryan  andrew ",1
5530,"troutman, bill friends of",0
5531,picone for pa,0
5532,seiu caregivers action,0
5533,"archetto, gregory taxpayers for",0
5534,"benner, william e. iii",1
5535,carlisle area democratic committee,0
5536,vote bill benner committee,0
5537,bipartisan committee to elect amanda waldman,0
5538,east penn democratic club,0
5539,"brown, margie friends of",0
5540,"waldman, amanda r ",1
5541,greater pa carpenters pec                     ,0
5542,"leland, wendy graham friends of",0
5543,change pa,0
5544,jones for pa,0
5545,moyer for pa,0
5546,31st ward democrats,0
5547,bayer u.s. llc political action committee,0
5548,friends of manny guzman,0
5549,"leith, jennifer a. ",1
5550,friends of david bria,0
5551,karen dunn,1
5552,pa 188 for karen dunn,0
5553,friends of brittney rodas,0
5554,all pac,0
5555,"ecker, torren taxpayers for",0
5556,"fields, linda friends of",0
5557,"malagari, steve friends of",0
5558,neighbors united,0
5559,"ruff, jason citizens for",0
5560,"warren, perry  ",1
5561,boma pittsburgh pac,0
5562,"pape, kathy l.",0
5563,bridge across pa pac,0
5564,"moton, ruth friends of ",0
5565,agentpac of pennsylvania   ,0
5566,friends of pam iovino,0
5567,travis stauffer for pa,0
5568,"schroeder, meghan  ",1
5569,be the change pa,0
5570,"schroeder, meghan friends of",0
5571,garrity for pa,0
5572,"pisciottano, nick friends of",0
5573,"smith, brian a ",1
5574,friends of brian smith,0
5575,"conklin, scott friends of                                   ",0
5576,the pa blue victory fund,0
5577,committee to elect michael mccreary,0
5578,fedex corporation political action committee,0
5579,"int'l association of bridge, structural, ornamental and reinforcing iron workers (ipal)",0
5580,perry warren for state representative,0
5581,"gai consultants, inc- political action committee",0
5582,"breault, hervey conrad ii",1
5583,american property casualty insurance association political action committee (insuring america pac),0
5584,"ciresi, joe friends of",0
5585,"jaillet, scott  ",1
5586,"kim, patty friends of",0
5587,"fountain, tracie for pa",0
5588,pennsylvania reynolds american inc. political action committee,0
5589,"madden, maureen  ",1
5590,pa restaurant & lodging pac                         ,0
5591,"stambaugh, perry friends of",0
5592,new foundation pac,0
5593,"isenhour, mary",0
5594,"page, airneezer j ",1
5595,"disanto, giovanni m ",1
5596,cumberland co rep com                                       ,0
5597,se pa opportunity pac,0
5598,"moeller, edward d ",1
5599,justice for victims,0
5600,"glick, bryant j friends of ",0
5601,teladoc health inc. political action committee,0
5602,mid-atlantic laborers&#39; pol league                           ,0
5603,"munroe, brian better bucks government ",0
5604,"gulick, dana 4 pa 97",0
5605,"robinson, devlin friends of",0
5606,friends of kevin glasson,0
5607,community first pac,0
5608,lamar foley for pa 2020,0
5609,aft-pennsylvania                                            ,0
5610,friends of david j gabauer,0
5611,"branco, kevin friends of ",0
5612,friends of brian hurter,0
5613,"shook, ashley henry",0
5614,doug for pa,0
5615,elect robyn colajezzi,0
5616,mcneill for pa,0
5617,"borowicz, stephanie friends of",0
5618,"murray, andrew i ",1
5619,equitrans midstream corporatioin pac,0
5620,friends of annette baker,0
5621,"dominion energy, inc. political action committee - dominion pac",0
5622,jackie baker for pa,0
5623,"shamberg, zachary",0
5624,daga people&#39;s laywer project pennsylvania,0
5625,"ahold delhaize usa, inc political action committee",0
5626,rock holdings inc pac,0
5627,friends of peter buck,0
5628,"magellan health, inc employee committee for good government",0
5629,progresspa pac,0
5630,way to lead pennsylvania,0
5631,igs ventures committee for responsible government,0
5632,"page- delahaye, airneezer committee to elect",0
5633,hntb holdings ltd. political action committee,0
5634,warminster first,0
5635,friends of rick coplen,0
5636,friends of fran chardo,0
5637,"thomas, wendi friends of",0
5638,"masser, kurt friends of                                     ",0
5639,"robertson, gregg e.",0
5640,win pa pac,0
5641,keystone pac,0
5642,friends of mike armanini,0
5643,firearm owners against crime                                ,0
5644,pa court reporters assn pac (pcra)                          ,0
5645,independent auto dealers pac                                ,0
5646,dist 1199c pol action fund                                  ,0
5647,warminster township democratic organization,0
5648,american income life political action committee,0
5649,berks co com for affordable housing                         ,0
5650,"fitzgerald, isabella   ",1
5651,nfg papac national fuel gas,0
5652,pro business pac,0
5653,dougherty for state senate,0
5654,"keegan, marian s ",1
5655,kennett area democrats,0
5656,fraternal order of police lodge 5                           ,0
5657,chamber pac              ,0
5658,psls pac (pa soc land surveyors)                            ,0
5659,vote tripling pa pac,0
5660,"armanini, michael j. mr.",1
5661,pa united pac,0
5662,friends of carolyn comitta,0
5663,windstream holdings llc political action committee,0
5664,pa osteopathic medical pac                                  ,0
5665,carpenters legislative improvement committee,0
5666,metlife inc. employees' political participation fund a,0
5667,"hdr, inc. political action committee",0
5668,"labs, shelby e.  ",1
5669,friends of ryan grimm,0
5670,friends of judi reiss,0
5671,run for something pennsylvania,0
5672,butler co rep com                                           ,0
5673,northern york county democratic club,0
5674,citizens for zachary wilson,0
5675,wolf pac,0
5676,second generation,0
5677,fair fight,0
5678,friends of ann marie mitchell,0
5679,unite pac,0
5680,cope aft local 2067,0
5681,freedom rings every day pac,0
5682,unitedhealth group incorporated pac (unitedhealth group pac),0
5683,"monroe energy, llc fueling the climb pac",0
5684,"gagliardo, vincent d jr",1
5685,friends of freedom & convenience,0
5686,vince gagliardo for pa 127th,0
5687,regola pac                         ,0
5688,"heidelbaugh, heather s ",1
5689,the dt pac,0
5690,collective impact pac,0
5691,george scott for pa 15,0
5692,wayne county republican committee,0
5693,republican committee of beaver county,0
5694,viatris inc. political action committee (viapac) (fec id# c00332395),0
5695,friends of shelby labs,0
5696,astellas us llc pac,0
5697,papsa (pa assn private schl admin)                          ,0
5698,abolish the electoral college,0
5699,"buck, meredith friends of",0
5700,national institute for reproductive health action fund pac for pa,0
5701,sanofi us services inc. employees' political action committee,0
5702,ydac pac,0
5703,rick for west philly,0
5704,"mccreary, michael l ",1
5705,gobrands inc political action committee,0
5706,"baker, jaclyn e ",1
5707,ward 30 dem com                                             ,0
5708,real justice pac,0
5709,mitsubishi hitachi power americas inc political action committee,0
5710,unisys corporation associates political action committee      ,0
5711,"jones, kevin d ",1
5712,upper lehigh democratic club,0
5713,"onemain holdings, inc. pac",0
5714,"juul labs, inc. employees political action committee (jle pac)",0
5715,red wing pac,0
5716,one vote at a time pennsylvania 2020,0
5717,pennsylvania leadership committee,0
5718,environment america action fund,0
5719,"oswald, james daniel ",1
5720,"williams, claudette  ",1
5721,team doyle,0
5722,end citizens united non-federal pennsylvania,0
5723,friends of james oswald,0
5724,office/prof empl union (vote)                               ,0
5725,future now fund - pa,0
5726,knoll4pa44,0
5727,pa united action committee,0
5728,friends of julie slomski,0
5729,glaxosmithkline llc pac (gsk pac),0
5730,"transcanada usa services, inc. pac",0
5731,vistra energy leaders political action committee of vistra corp.,0
5732,pa society of anesthesiologists pac (zpac),0
5733,monroe county young democrats,0
5734,fair share action,0
5735,friends of anton andrew,0
5736,"dougherty, shaun a ",1
5737,parsons corporation political action committee,0
5738,leanne for pa,0
5739,friends of marci mustello,0
5740,citizens for grove,0
5741,exxon mobil corporation political action committee,0
5742,ortho (pac),0
5743,iron mountain incorporated employees pac,0
5744,committee to elect joseph schember,0
5745,concerned citizens for pa,0
5746,elk county republican committee,0
5747,commonwealth leaders fund,0
5748,genuine leadership pac,0
5749,commonwealth children's choice fund,0
5750,"the presidential coalition, llc",0
5751,microsoft corporation political action committee,0
5752,kennedy democratic committee,0
5753,abington twp. rockledge borough republican committee (atro),0
5754,bikers pac bike pac c/o carol umbenhauer treasurer,0
5755,sullivan county democrat committee,0
5756,philadelphia democratic campaign committee of philadelphia,0
5757,concord - bethel democratic comm.,0
5758,friends of kevin lott,0
5759,johnathan d peffer,1
5760,bricklayers &amp; allied craftworkers local 1 pac,0
5761,govern pac,0
5762,moving pa forward pac,0
5763,laborers' local union no. 130,0
5764,western montgomery republican association,0
5765,bedford co republican committee,0
5766,qpac c/o treasurer: arthur d. martinucci,0
5767,east whiteland democrats,0
5768,friends of chester county,0
5769,"motorola solutions, inc. political action committee",0
5770,day school education pac,0
5771,friends of jeanine mcgree,0
5772,jeanine mcgee,1
5773,montgomery county council rep women,0
5774,pa. horse breeders association,0
5775,dem leg camp com,0
5776,lgbtq pa pac,0
5777,natl assoc of mutual insurance companies pac                ,0
5778,nurses of pennsylvania action,0
5779,"doyle, michael f jr",1
5780,"smith, daniel b jr",1
5781,"boscola, lisa friends of                                    ",0
5782,northampton co dem com,0
5783,pennsylvania republican outreach (pro pac),0
5784,thornbury township republican party opk,0
5785,susquehanna county republican committee,0
5786,4 wethepeople-cook,0
5787,friends of ben sanchez,0
5788,citizens for john padora,0
5789,friends of martin causer,0
5790,barry j. jozwiak,1
5791,"democrats for action, responsibility and truth (dart)",0
5792,energy for tomorrow,0
5793,donald bud cook,1
5794,elizabeth fiedler,1
5795,friends of elizabeth fiedler,0
5796,friends of jim struzzi,0
5797,"phillips, nicole friends of",0
5798,supporters for carol hill-evans,0
5799,friends of liz hanbidge,0
5800,committee to elect rich irvin,0
5801,citizens for joshua kail,0
5802,friends of lou schmitt,0
5803,kelly mcdonough,1
5804,friends of summer lee,0
5805,travis stauffer,1
5806,friends of napoleon nelson,0
5807,geiger shulman,0
5808,horsham republican party,0
5809,powerup pac,0
5810,citizens for kenyatta johnson,0
5811,duvall for pa,0
5812,katelind brennan,1
5813,builders for growth,0
5814,friends of val arkoosh (county commissioner),0
5815,friends of sam doctor,0
5816,friends of tony bottino,0
5817,kish bank political action committee,0
5818,tony bottino,1
5819,keep judge beemer,0
5820,friends of bob smythe jr.,0
5821,ray sosa for pa state representative,0
5822,aft 2026 faculty and staff federation community college of philadelphia,0
5823,philadelphia republican party,0
5824,mercer county dem women,0
5825,montour county republican committee,0
5826,great lakes building trades council,0
5827,aston township republican executive finance comm,0
5828,chester county democratic women's leadership initiative,0
5829,friends for pries,0
5830,ward 8 gop philadelphia,0
5831,financial businesspersons assoc,0
5832,"mark and john for, solebury 2019",0
5833,central pa family of leaders,0
5834,fayette county dem. committee,0
5835,gaydos for pa,0
5836,western pennsylvania growth pac,0
5837,indiana county republican committee,0
5838,local 56 ibew political education fund,0
5839,upper st. clair democratic committee,0
5840,luzerne county rep party,0
5841,unity 2001,0
5842,se caucus democratic committee pac c/o tom herman,0
5843,hawley democratic club,0
5844,pft pol action fund (pgh fed teachers),0
5845,friends of daniel c. camp iii,0
5846,lehigh county democratic committee,0
5847,greene county democratic committee,0
5848,friends of scott timko,0
5849,twardy for judge,0
5850,schuylkill builders pac,0
5851,people for peduto,0
5852,hampden township democratic club,0
5853,springfield forward pa,0
5854,wayne co builders for affordable housing,0
5855,pa veterinary pac,0
5856,teamsters joint council no. 53 pac,0
5857,friends of jim gregory,0
5858,pena pac (pa state nurses assn),0
5859,potter county republican committee,0
5860,pennsylvania citizens for progress,0
5861,economic empowerment pac,0
5862,friends of curtis jones jr.,0
5863,brett w burman,1
5864,friends of sara innamorato,0
5865,"mccaffery, daniel for pennsylvania superior court",0
5866,lamar foley,1
5867,berger &amp; montague state pac,0
5868,friends of natalie mihalek,0
5869,turzai leadership pac,0
5870,friends of jimmy lamb,0
5871,friends of bridget malloy kosierowski,0
5872,pa hdcc special election fund,0
5873,lamb for pa,0
5874,roi ligon jr.,1
5875,keep judge elliot howsie,0
5876,friends of glenn yoder,0
5877,friends of karen geld sanchez,0
5878,friends of sara johnson rothman,0
5879,i am you committee,0
5880,deborah krull for judge committee,0
5881,"robert wooley, treasurer of tioga co. democratic party",0
5882,leadership for tomorrow fund,0
5883,"dickie, mccamey &amp; chilcote political action committee",0
5884,tinicum township republican finance committee c/o tammy bucci,0
5885,gainey for mayor,0
5886,"boyle, kevin friends of",0
5887,elect emily 4 pa,0
5888,friends of mike turzai,0
5889,friends of jennifer o'mara,0
5890,friends of kolbe cole,0
5891,aldan democratic organization,0
5892,22nd democratic ward,0
5893,tim deforr for auditor general,0
5894,elect bill kortz committee,0
5895,friends of marcia hahn,0
5896,committee to elect josh maxwell,0
5897,new leaders pa,0
5898,campaign to elect kimberly felan,0
5899,friends of jim rath,0
5900,central pa builders for affordable housing,0
5901,lawpac (pa assoc. for justice f/k/a pa trial lawyers),0
5902,citizens for a better hazleton,0
5903,friends of roi ligon jr.,0
5904,block by block pac,0
5905,the green fund,0
5906,mid-atlantic laborers' political education fund,0
5907,aaron bernstine,1
5908,city of pittsburgh democratic committee,0
5909,santiago for judge,0
5910,casey for treasurer committee,0
5911,friends of vicki lightcap,0
5912,quaker valley region gop,0
5913,i.p.a.l.(ironworkers political action) c/o kerry a. zettlemoyer,0
5914,north penn democratic committee,0
5915,friends of tom neafcy,0
5916,doylestown democrats,0
5917,turn south central pa blue,0
5918,friends of nancy guenst,0
5919,richard ruggieri for pa13,0
5920,friends of chris pielli,0
5922,friends of rob mercuri,0
5923,l c a r - pa,0
5924,marc basist,1
5925,bradford county council republican women,0
5926,friends of ezra nanes,0
5927,let's go with yetsko,0
5931,committee to elect collin warren,0
5932,gene yaw for senate,0
5933,"raynock, jp com to elect",0
5934,friends of elizabeth b. stone,0
5935,friends of tom mehaffie,0
5936,committee to elect dan laughlin,0
5937,friends of clint owlett,0
5938,sue helm for state house committee,0
5939,friends of mary isaacson,0
5940,"kasunic richard a. campaign comm c/o richard a. kasunic, treas.",0
5941,friends of jonathan fritz,0
5942,friends of jeff black,0
5943,"bartolotta, camera for senate",0
5944,elect laura burke,0
5945,committee to elect ryan costello,0
5946,beaver county democratic committee,0
5947,latino victory fund,0
5948,"grell, glen for house com                                   ",0
5949,committee to elect doyle heffley,0
5950,citizens for stan saylor c/o brenda s resh,0
5951,friends of austin davis,0
5952,committee to elect rosemary crawford judge,0
5953,democrats for shaler,0
5954,jamie for west philly,0
5956,indiana county fed women,0
5957,pennsylvania motortruck association pac (pmta pac),0
5958,helen b hughes federation of democratic women,0
5959,women for the future pittsburgh,0
5960,"greenleaf, stewart",0
5961,pha home pac,0
5962,commonwealth common sense,0
5963,"arnold, dave friends of",0
5964,friends of joe pittman,0
5965,pa chamber of business & industry                           ,0
5966,wiley pac,0
5967,mt lebanon dem com                                          ,0
5968,lampeter-strasburg dem club                                 ,0
5969,pa stand up state pac,0
5970,"cardello, veronica friends of",0
5971,green for safe and accountable communities,0
5972,pennsylvania committee for affordable housing,0
5973,"atkins, sara for pa families",0
5974,"farry, frank friends of                                     ",0
5975,building together pac,0
5976,"schroeder, friends of michael",0
5977,michael schroeder,1
5978,pa academy of ophthalmology pac (pao pac),0
5979,responsible citizens for economic progress,0
5980,action committee for rural electrification,0
5981,first pac (pa assn community bankers),0
5982,pa manufactured housing pac c/o treasurer: delane elsenhart,0
5983,republican city committee                                   ,0
5984,operators for skill pac,0
5985,pa manufactured housing pac c/o treasurer: delane eisenhart,0
5986,k.c. tomlinson for state representative,0
5987,bates for senate 13,0
5988,mid county democratic committee,0
5989,pa society of physician assistants (pspa) pac,0
5990,"shank, mary beth friends of for judge ",0
5991,"alloway, rich friends of                                    ",0
5992,"andrew, anton friends of ",0
5993,women&#39;s dem club of delaware co                             ,0
5994,"keystone fund, the                                          ",0
5995,"dennin, jill friends of",0
5996,"zigmund, robert freinds of for judge",0
5997,dispac,0
5998,allentown firefighters iaff local 302 public safety pac fund,0
5999,hntb pennsylvania state pac,0
6000,wanda logan for the 190,0
6001,pennsylvania democratic state committee new americans caucus,0
6002,"bowers, kathy for pa",0
6003,cheltenham twp rep org                                      ,0
6004,pharmpac (pa pharmacy pac)                                  ,0
6005,clinton county democratic woman political action committee,0
6006,local 0249 teamsters drive                                  ,0
6007,psea-pace for state elections                               ,0
6008,pssu local 668 seiu cope fund,0
6009,manheim twp democaratic com                                 ,0
6010,friends of doug weimer,0
6011,red river canyon com                                        ,0
6012,"francis, malek a ",1
6013,clarion co dem com                                          ,0
6014,dentons cohen and grigsby pac                                       ,0
6015,friends of tim bonner,0
6016,timothy r. bonner,1
6017,friends of eric davanzo,0
6018,pard phil pac                                               ,0
6019,"mcginty, katie for senate",0
6020,flippable - pennsylvania victory fund,0
6021,alcoa corporation employees' political action committee,0
6022,"arcosa, inc. employee political action committee",0
6023,trinity industries employee political action committee (sf) inc.,0
6024,"suplizio,john herm ",1
6025,"kinkead, emily people for",0
6026,lebanon co dem com                                          ,0
6027,friends of tony tarsi,0
6028,"tarsi, anthony robert ",1
6029,upper darby united,0
6030,w.e.s.t.r.u.m. pac                                          ,0
6031,re-joyce pac,0
6032,area 1 gop,0
6033,yinz vote pac,0
6034,emgage pac,0
6035,pa progress pac                                             ,0
6036,hamburg rubin mullin maxwell & lupin pac,0
6037,"iovino, pam friends of",0
6038,"scavello, mario com to elect                                ",0
6039,friends of kevin madden,0
6040,"lareau, lauren friends of",0
6041,hough for pa 135,0
6042,"quinlan, sean friends of",0
6043,bosha for state senate,0
6044,friends of bruce kraus,0
6045,"day, gary friends of                                        ",0
6046,local 0500 political action fund                            ,0
6047,"blichar, michael friends of",0
6048,"shakespeare, tara friends of",0
6049,elect marlene katz,0
6050,friends of drew murray,0
6051,"santiago, enid v ",1
6052,philadelphia federation of teachers committee to support,0
6053,"mastriano, doug friends of",0
6054,bucks county dem women&#39;s leadership initiative,0
6055,kenney james for philadelphia,0
6056,"jacquinto, carmella committee to elect",0
6057,"martin, jim com to elect                                    ",0
6058,"hough, scott j ",1
6059,friends of bob williams,0
6060,"polinchock, todd friends of",0
6061,"forman, brittany friends of",0
6062,cna financial corporation citizens for good government,0
6063,committee for delaware county's future,0
6064,"pennsylvania committee for affordable housing/jill pento, treasurer, lori venema, assist tre",0
6065,secure energy for america association pac (seapac),0
6066,wsp usa  pac,0
6067,lindsey williams for pa,0
6068,elect gary spillane,0
6069,future now fund - federal,0
6070,"deloreto, anthony j ",1
6071,"baker, matt people to elect                                 ",0
6072,"regan, michael  ",1
6073,"regan, mike for senate",0
6074,"houck, karen m. ",1
6075,protectingpa pac,0
6076,"troutman, william nelson jr",1
6077,friends of matt bradford,0
6078,zeneca. inc. political action committee (azpac),0
6079,wpa neca pac,0
6080,kennedy democrats,0
6081,agentpac of pennsylvania,0
6082,family and friends of janet diaz,0
6083,lkq corp employee good government fund,0
6084,martin for pa,0
6085,national democratic redistricting committee,0
6086,malcolm for pa,0
6087,national democratic redistricting pac,0
6088,malcolm kenyatta,1
6089,sheetzpac                                                   ,0
6090,friends of 58th ward executive committee,0
6091,"tartaglione, christine friends to elect                     ",0
6092,"armanini,michael j. ",1
6093,where it&#39;s needed pac,0
6094,impact pa,0
6095,"the travelers companies, inc. political action committee (t-pac)",0
6096,"bizzarro, ryan committee to elect",0
6097,"flynn, marty  ",1
6098,prime therapeutics llc employee state pac,0
6099,transport workers union political contributions committee,0
6100,american international group inc. employee state political action committee,0
6101,citizens for amen brown,0
6102,williamsport area womens dem com                            ,0
6103,pa solar pac,0
6104,jpmorgan chase &amp; co. pac,0
6105,"shopp, bradley",0
6106,santarsiero for state senate,0
6107,ibwa pa pac,0
6108,pennsylvanians for the disabled ,0
6109,west whiteland democrats,0
6110,calgon carbon corporation pac inc dba ccc pac or calgon carbon pac,0
6111,advansix inc. political action committee,0
6112,international brotherhood of boilermakers campaign assistance fund,0
6113,consulting engineers of pennsylvania pac,0
6114,philips north america llc political action committee,0
6115,covanta energy llc political action committee (covanta pac),0
6116,berger & montague state pac,0
6117,"bipartisan voluntary public affairs committee of the pnc financial services group, inc. (pnc pac)",0
6118,elect greg hayes,0
6119,general motors company political action committee (gm pac),0
6120,voice of housing of chester and delaware,0
6121,cumberland county republican women,0
6122,friends of cris dush c/o pamela ames,0
6123,friends of barry jozwiak,0
6124,"wherley, michele for pa41",0
6125,committee to elect jim rigby,0
6126,benham for pa,0
6127,friends of joe hamm,0
6128,committee to elect kristine howard,0
6129,team gillespie - c/o treasurer laura shue,0
6130,"emrick, joe com. to elect c/o joann cardello",0
6131,friends of dan moul,0
6132,friends of corey o'connor,0
6133,bfb pac,0
6134,south central pa mfg good government committee,0
6135,friends of wendy ullman,0
6136,friends of lindsay drew,0
6137,courage pac,0
6138,shannondell democrats,0
6139,for our future,0
6140,friends of beth ann bittner mazza,0
6141,padova for judge,0
6142,pac 102,0
6143,159th victory committee,0
6144,friends of tim o'neal,0
6145,ward 05 rep com,0
6146,christina d. sappey,1
6147,philly vote,0
6148,friends of christina sappey,0
6149,ritter for judge,0
6150,crompton for judge,0
6151,franklin county democratic committee,0
6152,friends of carrie,0
6153,friends of nicole ziccarelli,0
6154,wisehart for pa,0
6155,london grove first,0
6156,phila council aflcio,0
6157,bennighoff for representative,0
6158,citizens for mackenzie,0
6159,friends of john weinstein,0
6160,mccaffery for distric attorney,0
6161,citizens for jordan a. harris,0
6162,friends of john hershey,0
6163,friends of lindsay circle,0
6164,friends of michelle siegel,0
6165,national committee for an effective congress,0
6166,remington & vernick pac,0
6167,friends of brett burman,0
6168,bucks families for leadership,0
6169,friends of ray d'agostino,0
6170,committee to elect james gavin,0
6171,murrysville export republican committee (merc),0
6172,greater harrisburg association of realtors political action committee,0
6173,smart local 44 political action league,0
6174,republican river wards pac,0
6175,friends of deb gross,0
6176,friends of john nungessner,0
6177,friends of michael mccollum,0
6178,friends of joe kerwin,0
6179,paulforpa,0
6180,friends of christine boyle,0
6181,east goshen democratic committee,0
6182,republican party of peters twp,0
6183,tim briggs,1
6184,afscme council 13,0
6185,parts pac,0
6186,punxsutawney area republican club,0
6187,local 0712 ibew cope,0
6188,rick hodge for pa,0
6189,fraternal assn of prof paramedics pac                       ,0
6190,black democratic women of montgomery county,0
6191,marc bozzacco for pennsylvania,0
6192,timothy eller,0
6193,thomas longenecker,0
6194,rail labor com of pa                                        ,0
6195,"breslin, charlie",0
6196,"dougherty,shaun a ",1
6197,jefferson county republican party,0
6198,hampden twp rep assn,0
6199,central pa republican conference,0
6200,constitution party of penna,0
6201,friends of theresa brunson,0
6202,stephen j krizan,1
6203,team fetterman,0
6204,120th republican committee,0
6205,pa manufactured housing pac c/o treasurer: dalane eisenhart,0
6206,rep women of the main line,0
6207,friends of bob merski,0
6208,common sense coalition,0
6209,team sabrina,0
6210,somerset county leadership,0
6211,area 5 republican committee,0
6213,washington county democratic committee,0
6214,"rabb, chris for the people",0
6215,citizens tax policy group,0
6216,daniel smith for hd12,0
6217,friends of lisa labrasca becker,0
6218,friends of karen houck,0
6219,united party committee,0
6220,friends of joseph patrick murphy,0
6221,vote veverka,0
6222,"post &amp; schell, p.c. pac",0
6223,somerset co. democratic committee,0
6224,morganelli pac,0
6225,committee to elect john weinrich,0
6226,ward 2 democrats,0
6227,"bond, leslie",0
6228,"employees of dupont pac - dupont de nemours, inc.",0
6229,dauphin county leadership pac,0
6230,friends of earl granville,0
6231,55th ward republican executive committee,0
6232,"united democrat committee of mt pleasant, scottdale, east huntingdon township",0
6233,local 0250 teamsters political action committee,0
6234,venango county democratic committee,0
6235,"bradford county democratic committee, c/o jeffrey gonzalez, treasurer",0
6236,heasley for pa,0
6237,1199/seiu new york st pol act fund                          ,0
6238,murrysville democratic committee,0
6239,"leach, daylin daypac                                        ",0
6240,protect our police pac,0
6241,"rosselot, chris friends of",0
6242,republican committee of indiana township,0
6243,citizen networking 4 progress,0
6244,"walsh, justin friends for",0
6245,mulqueen for judge,0
6246,penn national gaming inc political action committee,0
6247,friends of bobby mckinstry,0
6248,marco for pa,0
6249,marco attisano,1
6250,friends of tom giovanni,0
6251,friends of the 66a ward,0
6252,tri county fed of dem women,0
6253,ward 63 friends of dem exec com,0
6254,wyoming county democratic committee,0
6255,tri-county democrats,0
6256,taxpayers unite! blair county,0
6257,chester heights republican committee,0
6258,bipartisan committee to elect dulce ridder state representative,0
6259,17th ward democratic executive committee,0
6260,carlos barraza for judge,0
6261,protect and elect,0
6262,"curry, jeff friends of",0
6263,"gantt, jesse friends of",0
6264,friends of eric davamzo,0
6265,snyder county democratic committee,0
6266,metlife inc empl pol participation fund a                   ,0
6267,marty pac,0
6268,craig lehman for pa senate 13,0
6269,committee to re elect frank burns,0
6270,friends of john leshko,0
6271,"joy, christy d ",1
6272,area four democratic committee,0
6273,school nurse pac fund c/o valerie zanotti,0
6274,ridley park democratic committee,0
6275,plp pac (2004 277),0
6276,43rd ward dem exeutive com,0
6277,communication workers of america,0
6278,friends of tom leighton,0
6279,union pac,0
6281,"tarasi, beth friends of",0
6282,kane for state senate,0
6283,friends of mayor tom micozzie,0
6284,hapco pac (homeowners assn of phila),0
6285,graham gonzales,1
6286,leadership for enterprise and opportunity pac,0
6287,friends of maria,0
6288,friends of don cunningham,0
6289,"danielson, shanna friends of",0
6290,common sense pa,0
6291,repoint philadelphia,0
6292,friends of matthew areman for commissioner,0
6293,friends of ralph shicatano,0
6294,friends of judge caulfield,0
6295,taubenberger for philadelphia,0
6296,"ucb, inc political action committee",0
6297,pa college of emergency physicians pac (pep pac),0
6298,tiffany thomas-smith for judge pac,0
6299,redd for pa,0
6300,friends of danilo burgos,0
6301,"horton, andre r ",1
6302,tracie for pa,0
6303,sunrise pac,0
6304,sunrise pa,0
6305,"white, martina friends of",0
6306,democrat women of mercer county,0
6307,"waltz, joe friends of",0
6308,friends of mike heckmann,0
6309,media democratic committee,0
6310,donegal pa pac,0
6311,friends of rachel hendricks,0
6312,chester county democrats zone one,0
6314,friends of scott petri,0
6315,local 81 ibew c/o treasurer michael mcdermott,0
6316,pa sierra club pac,0
6317,"ricky's pride pac john d. lyon, treas",0
6319,voice of housing of chester and delaware co.,0
6320,toll bros. inc. pac,0
6321,york county young republicans,0
6322,york co fed of dem women,0
6323,120th district republican committee,0
6324,cement masons &amp; plasterers local 592 pac,0
6325,republican committee of lower merion and narberth,0
6326,pa oil marketers pac (pompac),0
6327,d.r.i.v.e. chapter 776,0
6328,john jack matson,0
6329,republican principles for york county,0
6330,joseph a. ellenberger,1
6331,north central democratic caucus,0
6332,greenberg traurig pennsylvania pac,0
6333,"friends of lou menna treasurer, chris baccari",0
6334,judith l schwank,0
6335,friends of michael clement,0
6336,re-elect angel cruz,0
6337,tina l. burgess,0
6338,financial business persons association,0
6339,d'angelo lee virgo,1
6340,crawford county republican committee,0
6341,friends of ed moeller,0
6342,onward pa,0
6343,brittain 2020,0
6344,upper perk democrats - area 2,0
6345,cozen o'connor political action committee,0
6347,committee to elect erin vecchio,0
6348,friends of evette thompson,0
6349,heather kass,1
6350,friends of jonathan kassa for state rep,0
6351,citizens for audrey mclain,0
6352,"leland, wendy graham ",1
6353,bikerspac bikepac c/o carol umbenhauer treasurer,0
6354,pa recreation pac,0
6355,concord - bethel democrat committee,0
6356,"fountain, tracie lynne ",1
6357,local no. 5 pac fund,0
6358,somerset co democrtic committee,0
6359,ascend pac,0
6360,heidelbaugh for attorney general inc ,0
6361,cozen o&#39;connor political action committee,0
6362,ward 1 executive committee,0
6363,"ciresi, joseph p ",1
6364,friends of collegeville democrats,0
6365,harry young cochran,1
6366,"friends of miles arnott c/o emiline i weiss, treasurer",0
6367,monroeville republican committee,0
6368,paft cope pittston area fed of teachers,0
6369,miles arnott,1
6370,friends of peter gaglio,0
6371,"ridge, dave committee to elect",0
6372,david g. argall,1
6373,int. longshoremen's assoc (ila) local 1291 pac,0
6374,silvis for pa,0
6375,lisa labrasca becker,1
6376,"dow, supreme friends of",0
6377,"clear channel outdoor, llc. pac",0
6378,vote scott jaillet,0
6379,integrity project,0
6380,area 15 republican committee of chester county,0
6381,hensel for state representative,0
6382,cnx resources corporation political action committee (cnx pac),0
6383,fox rothschild llp pennsylvania pac,0
6384,democratic governors association - pa,0
6385,boyer for chester county,0
6386,"matzie, robert f ",1
6387,"burman, brett w ",1
6388,pennsylvania great frontier pac,0
6389,sepa victory pac,0
6390,"drew, lindsay friends of",0
6391,"young, regina young 185",0
6392,friends to elect robin costenbader-jacobson,0
6393,"costenbader-jacobson, robin  ",1
6394,"dawkins, jason  t  ",1
6395,"davis, rose marie ",1
6396,friends of the 65th ward,0
6397,"smith, patty friends of",0
6398,mariaforpa,0
6399,friends of mike zabel,0
6400,democratic attorneys general association - pa,0
6401,friends of lissa,0
6402,"miller, dan friends of",0
6403,"scott, george b ",1
6404,friends of steve malagari,0
6405,great american pennsylvania fund,0
6406,"white, martina a ",1
6407,pa campground owners association (pcoa pac),0
6408,pennsylvania deer farmers association pac (pdfa pac),0
6409,rosemary brown for state rep,0
6410,be true to yourself-pac,0
6411,"erie management group, llc pac",0
6412,ed moeller friends of,0
6413,pac1742,0
6414,citizens for gleim,0
6415,lcar,0
6416,friends of tim kearney,0
6417,ward 31 rep com,0
6418,hartman for pa,0
6419,"runey, kevin t ",1
6420,ppg industries inc. pac,0
6421,fulton co rep com                                           ,0
6422,friends of charlie adcock,0
6423,"wherley, michele  ",1
6424,"lareau, malinda lauren  ",1
6425,impact pac,0
6426,yeadon democratic committee,0
6427,go to camp comm.,0
6428,energy harbor corp. political action committee,0
6429,quicken loans inc pac,0
6430,jason silvis,1
6431,voice of housing of chester and delaware counties,0
8029,western pennsylvania laborers political action fund,0
8030,society hill towers community pac,0
8031,friends of jed,0
8032,daga individual pac,0
8033,ward 14th democratic executive committee,0
8034,noyes j. lawton,1
8036,local majority,0
8037,tri-county fdw pac,0
8038,windstream corporate pac                                    ,0
8039,cappelletti for pa,0
8040,"hartwick, george iii citizens for                           ",0
8041,friends of shanna danielson,0
8042,friends of craig williams,0
8043,pa forward together fund,0
8044,turn pa blue,0
8045,danielle 4 pa,0
8046,staats for state rep,0
8047,susquehanna county democratic committee,0
8048,friends of mike puskaric,0
8049,friends of dave delloso,0
8050,friends of dianne herrin,0
8051,friends of ann flood,0
8052,"hennessey, tim friends of c/o treas: carol hennessey",0
8053,the committee to elect brad roae,0
8054,keystone leadership fund pac,0
8055,"larry yost, ii",1
8056,larry yost for state representative,0
8057,l-pec/pasr (pa assn of school retirees),0
8058,republican club of montgomery county,0
8059,lgbtq victory fund federal pac,0
8060,richard ruggieri for pa 13,0
8061,susan b. anthony list candidate fund,0
8062,walmart inc. pac for responsible government,0
8063,pfizer inc. pac,0
8064,pennridge democrats,0
8065,republican state leadership committee - ie committee,0
8066,tucker arensberg political action committee,0
8067,chester county democratics committee,0
8068,rothman institute pac,0
8069,christina sappey,1
8070,monroe co rep com                                           ,0
8071,friends of mary noldy,1
8072,elect parke wentling,0
8073,"keller, mark friends of",0
8074,manheim twp democratic committee                                 ,0
8075,friends of mark m gillen,0
8076,"skopov, emily elect 4 pa",0
8077,abbott laboratories employee political action committee,0
8078,gary spillane,1
8079,friends of aaron bashir,0
8080,friends of linda j book,0
8081,jobs america pac,0
8082,nationwide mutual insurance company political action committee,0
8083,diversified gas &amp; oil pac,0
8084,"sister district project, pennsylvania",0
8085,committee to elect david m. maloney,0
8086,flippable (federal),0
8087,enbridge (u.s.) inc. political action committee (enbridge-dcp pac),0
8088,roche diagnostics corporation pac (roche dxpac),0
8089,our states matter pac,0
8090,huntington bancshares inc. political action committee (hbi-pac),0
8091,andrew holter,1
8092,patty smith,0
8093,friends of danny devito,0
8094,human rights campaign pac,0
8095,lawrence d. frey iii,1
8096,paul friel,1
8097,friends of elvira n. berry,0
8098,elvira n. berry,1
8099,markosek campaign,0
8100,greater than,0
8101,mako for pa,0
8102,friends of ken lawrence,0
8103,holter for pa,0
8104,friends of tara zrinski,0
8105,the people for joanna bryn smith,0
8106,clean wave,0
8107,middletown township republican committee,0
8108,debbie wachspress for congress,0
8109,good day pac,0
8110,314 action victory fund,0
8111,service employees international union cope,0
8112,friends of bryan walters,0
8113,indian american impact fund,0
8114,friends of chris quinn,0
8115,cvs health pac,0
8116,lets go with yetsko,0
8117,aecom pac - pennsylvania account,0
8118,len iacono 4 the 156th,0
8119,michael thomas taylor,1
8120,"torsella, joe friends of",0
8121,"gainey, edward friends of                                   ",0
8122,"citizens for gleim, barb",0
8123,teamsaters local 8 pac,0
8124,dispac (distributors pac) pac,0
8125,pft 400,0
8126,"tioga county democratic party c/o robert wooley, treasurer",0
8127,daga pac,0
8128,friends of lisa goldman riley,0
8129,pennsylvania liberty fund,0
8130,venango county republican comm.,0
8131,philadelphia federal credit union-pac (pfcu),0
8132,pennylvania first,0
8133,committee to elect kelly bellerby-allen for state representative,0
8134,committee to elect sara-summer oliphant,0
8135,ortho pac (pa orthopaedic society),0
8136,friends of 65th ward,0
8137,friends of jeff c. wheeland,0
8138,"keenan, mary m   (lob)                                      ",0
8139,northumberland county democratic committee,0
8140,libertarian party of pennsylvania,0
8141,"delloso, friends of",0
8142,friends of the 21st ward democrats,0
8143,friends of nicole miller,0
8144,pennsylvania association of milk dealers (pamd pac),0
8145,friends of deb ciamacca,0
8146,neighbors for tim 2020,0
8147,friends of william kresge,0
8148,michael baker international holdco corporation political action committee,0
8149,committee to elect shelbie,0
8150,ann marie mitchell,1
8151,shelbie lynn stromyer,1
8152,planned parenthood votes,0
8153,friends of ellen fisher,0
8154,friends of brian kirkland,0
8155,friends of steve samuelson,0
8156,elect scott zelov,0
8157,josh maxwell for chester county,0
8158,pac 45,0
8159,friends of kyle mullins,0
8160,friends of chelsa wagner,0
8161,"dowling, matthew friends of",0
8162,tara zrinski,1
8163,"hepkins, rohan friends of",0
8164,citizens for jake wheatley,0
8165,robert melendez,1
8166,peter pj symons jr,1
8167,emrick joe comm to elect c/o joann cardello,0
8168,"molony, friends of dave",0
8169,"page-delahaye, airneezer com",0
8170,friends of bill monahan,0
8171,wanda logan for the 190th,0
8172,friends of miles arnott c/o emiline weiss treasurer,0
8173,citizens for todd eachus,0
8174,friends of howard terndrup,0
8175,krizan for state senate 47,0
8176,friends of tracy pennycuick,0
8177,doc clements for pa 101,1
8178,friends of rico elmore,0
8179,rose for pa,0
8180,tracy pennycuick,0
8181,active 55th ,0
8182,hemminger for judge political action committee,0
8183,lower makefield republican club,0
8184,michael for  pa,0
8185,"carroll, andre for pa",0
8186,friends of joe mcginn,0
8187,citizens for terence farrell,0
8188,day & zimmermann inc fed pac (daypac)                       ,0
8190,"lawpac (pa. association for justice, f/k/a pa trial lawyers)",0
8191,friends of michael c lambert,0
8192,covestropac a political action committee of covestro llc,0
8193,friends of thaddeus kirkland,0
8194,students first pac                                          ,0
8195,upper merion rep com                                        ,0
8196,"pashinski, edwin  ",1
8197,"schroeder, michael friends of",0
8198,"allone health resource, inc. pac",0
8199,"suplizio, john herm ",1
8200,"williams, wendell craig ",1
8201,greene co republican committee c/o clint blaney,0
8202,bedford county repub. committee,0
8203,pa manufactured housing pac c/o treasurer: dalene eisenhart,0
8204,kirsch 4 pa 39,0
8205,pa association of milk dealers pac (pamd pac),0
8206,"tai, helen committee to elect",0
8207,"slomski, julie l ",1
8208,york co fed of dem women                                    ,0
8209,"abdullah, fareed   ",1
8210,"bowers, kathleen  ",1
8211,"bassani, dominic",0
8212,"santanna, tom",0
8213,"mizgorski, lori a ",1
8214,"moyer, branden m. ",1
8215,friends of robin robinson,0
8216,"johnson rothman, sara friends of",0
8217,firstenergy corp political action committee,0
8218,alianza lehigh valley pac,0
8219,friends of jennifer lugar,0
8220,friends of nikil saval,0
8221,"saval, nikil  ",1
8222,"hensel, dale l. ",1
8223,"warner, ryan james ",1
8224,committee to elect darisha k parker,0
8225,"dowling, matthew david ",1
8226,"covert, ryan friends of",0
8227,milliron goodman pac (mg pac),0
8228,friends of milou mackenzie,0
8229,citizens alliance for pennsylvania pac,0
8230,friends of matt weintraub,0
8231,mifflin county democratic committee,0
8232,pa horse breeders association,0
8233,commonwealth leaders fund ,0
8234,plumstead democrats,0
8235,"emrick, joe committee to elect c/o treasurer joann cardello",0
8236,people with libby,0
8237,friends of jim roebuck,0
8238,friends of annamarie scannapieco,0
8239,friends of byron timmins,0
8240,todd eachus,1
8241,friends of mimi,0
8242,"legro, mimi",1
8243,friends of chris roland,0
8244,friends of carrie lewis delrosso,0
8245,tim defoor for auditor general,0
8246,katie evans for representative,0
8247,pa beverage pac,0
8248,northumberland cpunty republican committee,0
8249,progressive woman of nepa,0
8252,v. milou mackenzie,1
8253,"ahmad, nina for pa",0
8254,better lebanon county pac,0
8255,building for america's future,0
8256,rabb for the people,0
8257,danny devito,1
8258,ginny kerslake (virginia vivian marcille-kerslake),1
8259,ginny kerslake for pa 167 / courage pac,0
8260,friends of bob brooks,0
8261,citizens for stan saylor c/o brenda sue resh,0
8262,friends of don v,0
8263,annamarie scannapieco,1
8264,"leshko, john thomas ",1
8265,friends of jeanine mcgee,0
8266,catherine e. spahr,1
8267,friends of danyl patterson,0
8268,"lawpac (pa assoc. for justice, f/k/a pa trial lawyers)",0
8269,friends of 63rd ward democratic executive cmte,0
8270,arcadis u.s. inc. political action committee,0
8271,voters for resaon,0
8273,east pennsboro democratic committee,0
8274,"millard, david, committee to elect",0
8275,friends of diane marseglia,0
8276,"ryan, carol lynne ",1
8277,"martin, jared daniel ",1
8278,"nuss, roger w ",1
8279,peco pac                                                    ,0
8280,"smith, patricia a ",1
8281,heidelbaugh for attorney general inc,0
8282,"bradford, matthew d ",1
8283,school police assn of phila com for safe schools            ,0
8284,"webster, joseph  ",1
8285,"burrell, george r",0
8286,friends to elect mike doyle,0
8287,pennsylvania leadership fund,0
8288,monroeville republican comm.,0
8289,robert wilson mercuri,1
8290,team gillespie - c/o treasurer laura shoe,0
8291,emrick joe committee to elect c/o treasurer joann cardello,0
8292,"lawpac (p.a. assoc. for justice, f/k/a pa trial lawyers)",0
8293,wine &amp; spirits brokers association pac (wsba pac),0
8294,timothy f. twardzik,1
8295,new ideas pac,0
8296,federation of democratic women of indiana county,0
8297,pa concrete pavement pac (acpa pac),0
8298,chester county chamber pac,0
8299,friends of the 29th ward democrats,0
8300,friends of jay walker,0
8301,friends to elect fred owens,0
8302,"merck &amp; co., inc. employees political action committee (merck pac)",0
8303,"prospect medical holdings, inc. political action committee (prospectpac)",0
8304,steve kantrowitz for senate,0
8305,i am you! committee,0
8306,boscov's pac c/o treasurer kim kolakowski,0
8307,voteaudia.com,0
8308,"darryl audia, sr.",1
8309,"benninghoff, kerry for rep com                              ",0
8310,utu pac (united trans union pac)                            ,0
8311,friends of bryan cutler,0
8312,citizens for a better warminster,0
8313,"pennsylvania association of plumbing heating cooling contractors, inc.",0
8314,greene co. republican committee c/o clint blaney,0
8315,clarion county republican committee,0
8316,bethel park republican committee,0
8317,michael bagdes-canning (pa 64),0
8318,good government for eastern pennsylvania,0
8319,par id/a pac,0
8320,indian valley democrats c/o anthony clafardoni,0
8321,"plumstead democrats, paula lichtenstein, treasurer",0
8322,plumbers local union 24 political action committee,0
8323,byron timmins,1
8324,friends of janelle crossley,0
8325,copart pac,0
8326,allies for educational equity,0
8327,tri county democrats,0
8328,"ward 26, republican executive committee",0
8329,clinton co dem com                                          ,0
8330,larry for liberty,0
8331,interntional association of heat and frost insulators and allied worrkers political action committee,0
8332,aston township republcan party executive finance committee,0
8333,calpine corporation pac,0
8334,lower bucks leadership fund,0
8335,"local 0542, pittsburgh sprinkler fitters",0
8336,hampden township democratic club committee,0
8337,9th ward democrats,0
8338,casa in action pac,0
8339,"symons jr,, peter james",1
8340,tredyffrin twp rep com,0
8341,voteneft,0
8342,"gaydos, valerie for pa",0
8343,"o&#39;flynn, rich friends of",0
8344,"international association of sheet metal, air, rail and transportation workers political action league",0
8345,friends of miles arnott,0
8346,pennsylvania fund for change,0
8347,oxford area republican committee                            ,0
8348,cohen for judge,0
8349,saxton & stump llc pac,0
8350,friends of haste + pries,0
8351,pioga-pac,0
8352,voters for reason,0
8353,republican committee of lampeter strasburg,0
8354,centra pa republican conference,0
8355,amalgamated transit union cope account vol fund,0
8356,51st ward democratic executive committee,0
8357,mercer co dem women of                                      ,0
8358,rally at the rock,0
8359,"stuckey, dennis friends of",0
8360,solebury democrats,0
8361,"boyer, kyle juan ",1
8362,"henry, sue friends of",0
8363,"ross, douglas f ",1
8364,friends of isabella fitzgerald,0
8365,rudolph clarke leadership pac,0
8366,"foley, francis lamar jr",1
8367,"keegan, marian friends of",0
8368,"williams, dan citizens for",0
8369,"johnson, mark a ",1
8370,sunrise movement lancaster pa pac,0
8371,"rozzi, mark l ",1
8372,pa medical pac (pam pac)                                    ,0
8373,"krueger, leanne  ",1
8374,ward 26 republican executive committee,0
8375,scott timko,1
8376,friends of marisa shaaban,0
8377,rico t. elmore,1
8378,oxford area republican committee (oarc),0
8379,friends of heather macdonald,0
8380,"dush, cris friends of",0
8381,friends of joe webster,0
8382,northeast democratic caucus - pa dem state comm,0
8383,theresa gaffney for state representat,0
8384,public record pac,0
8385,citizens for vanessa mcgrath,0
8386,"farnese, lawrence m jr",1
8387,theresa gaffrey for state rep.,0
8388,joanna bryn smith,1
8389,friends of ed diasio,0
8390,matthew duvall,1
8391,john ritter for pa - 25 /monroeville republican comm.,1
8392,"ridder, dulce maria ",1
8393,chester county democratic committee,0
8394,"leith, jennifer friends of",0
8395,stronger pennsylvania pac,0
8396,int. long shoremen's assoc (ila) local 1291 pac,0
8397,timberpac                                                   ,0
8398,neighsbors for jeff dempsey,0
8399,mckean county democratic committee,0
8400,friends of teamsters 397,0
8401,friends of chris lupp,0
8402,christopher lupp,1
8403,friends of cathy spahr,0
8404,district council 33 political contributions ssf,0
8405,keystone free enterprise fund,0
8406,transport wrkrs local 234 cope                              ,0
8407,coghill for city council,0
8408,"brown, amen  ",1
8409,west goshen dems,0
8410,"bertha, robert the committee to elect",0
8411,friends of joe st pedro,0
8412,committee to elect joe toner,0
8414,gregory r. benjamin,0
8415,"langerholc, wayne for senate",0
8416,abington twp rockledge borough republican committee (atro),0
8417,tioga county democratic party c/o treasurer robt h wooley,0
8418,mcdonald's penna operator pac,0
8419,barlow for council,0
8420,friends of jay conners,0
8421,"killion, thomas victory com                                 ",0
8422,adrienne redd/redd for pa,0
8423,kutztown area democratic committee,0
8424,friends of judy hoover,0
8425,friends of ken hayes,0
8426,bowling proprietors association of pa pac (bowl pac),0
8427,warwick township democratic association,0
8428,montco dfa,0
8429,pa academy of otolaryngology pac (oto pac),0
8430,friends of john chura,0
8431,pa campground owners association pac (pcoa pac),0
8432,pa academy of nutrition &amp; dietetics pac (pand pac),0
8433,pa bus assn - motorcoach pac (motorcoach pac),0
8434,"friends of miles arnott, c/o emiline weiss, treasurer",0
8435,vote garret wassermann,0
8436,marc bozzacco,1
8437,friends of christine boyla,0
8438,"heatlh partners plans, pac",0
8439,vincent hughes,1
8440,friends of tom panzer,0
8441,lindsay drew,1
8442,international paper political action committee (ip-pac),0
8443,marci mustello,1
8444,"house rep campaign com 2004, inc                            ",0
8445,republican state leadership commitee - ie committee,0
8446,afl-cio cope political contribution committee - pa,0
8447,erie management group llc pac,0
8448,indian valley democrats c/o anthony j. ciafardoni,0
8449,se caucus democratic committ pac c/o tom herman,0
8450,friends of daniel wassmeer,0
8451,friends of patty smith,0
8452,the committee to elect kelly bellerby-allen for state representative,0
8453,psna pac (pa state nurses association),0
8454,andrew holtere,1
8455,friends of camera bartolotta pac,0
8456,diversified gas &amp; oil corporation pac,0
8457,montgomery county republica committe,0
8458,bedford co. republican committee,0
8459,pa interest citizens pac,0
8460,area 14 democratic committee,0
8461,acadia healthcare company inc.,0
8462,margie brown,1
8463,where america started,0
8464,"weinrich, john  sr",1
8465,pennsylvania automotive association political action commitee,0
8466,john a lawrence,1
8469,lower providence republican committee,0
8470,asbestos heat & frost insulators pac                        ,0
8471,lancaster county senior coalition ,0
8472,nuca pa pac,0
8473,brian samuel malkin,0
8474,"the chamber of commerce for greater philadelphia political action committee, aka chamberphl pac",0
8475,chesco victory,0
8476,wuf political action fund,0
8477,friends of carolyn bunny welsh,0
8478,"orrick, herrington & sutcliffe llp",0
8479,banks channel pac,0
8480,"rooney, terence j.",0
8481,pride mobility products corporation pac,0
8482,"the geo group, inc. political action committee fec # c00382150",0
8483,the lh pac,0
8484,friends of lou mincarelli,0
8485,lower gwynedd republican committee,0
8486,republican committee of upper chichester,0
8487,int. longshoremen's assoc. (ila) local 1291 pac,0
8488,pala pac,0
8489,greenpac / green party of pa                                ,0
8490,western pennsylvania building trades pac,0
8491,the scotts miracle-gro co stewardship pac fec #c00365254,0
8492,"rynd, louise a.                                             ",0
8493,neighborhoods united pac,0
8494,"spahr, cathy friends of",0
8495,"kaiser, annmarie",0
8496,"ditka, laura for judge",0
8497,"area 8 republican committee c/o treasurer, michael a. bieloski",0
8498,friends of staudenmeier and halcovage,0
8499,political action committee of the international alliance of theatrical stage employees,0
8500,hatch chester pac                  ,0
8501,philly for warren,0
8502,conduent incorporated political action committee (cndt pac),0
8503,"bullock, donna friends of",0
8504,"moton, ruth  ",1
8505,"mclain, audrey citizens for",0
8506,hanover adams leadership team,0
8507,"mitchell, ann marie",1
8508,americans against socialism,0
8509,defending the tax payer c/o joann cardello,0
8510,pa academy of nutrition &amp; dietetics (pand pac),0
8511,"parker, darisha k ",1
8512,ironworkers political action league,0
8513,"mcgrath, vanessa  ",1
8514,daulton for pa,0
8515,"solomon, jared  ",1
8516,buckingham democrats,0
8517,jennifer lugar,0
8518,windstream corporation political action committee,0
8519,friends of jim oswald,0
8520,james oswald,1
8521,aaron&#39;s inc pac,0
8522,committee to elect cuyler walker,0
8523,friends of bob donchez pac,0
8524,better prosecutors for pa,0
8525,committee for good government,0
8526,"williams, robert t sr",1
8527,progressive women of nepa,0
8530,warwick area republican committee,0
8531,120th republican committe,0
8532,citizens for smaller government,0
8533,miller pac,0
8534,byron f timmins,1
8535,michael 2020,0
8536,republican party of luzerne county,0
8537,committee to elect kevin d jones,0
8538,parke h. wentling,1
8539,committee to elect kevin d. jones,0
8540,greg hayes,1
8541,deb clamacca,1
8542,rosemary brown for state rep.,0
8544,peter j symons,1
8546,stephen k krizan,1
8547,hampden township democratic committee,0
8548,kevin jones,1
8549,louis c. schmitt,1
8550,leniacono4the156th,0
8551,dianne herrin,1
8552,rutledge democratic committee,0
8553,house dem campaign com                                      ,0
8554,"yaffe, peter  (lob)                                         ",0
8555,tinicum together,0
8556,newtown democrats (alexander treece-treasurer),0
8557,rural cuacus pa dems,0
8558,chester county republican party area 14,0
8559,q pac c/o treasurer: arthur d. martinucci,0
8560,montgomery county council of repub. women,0
8561,friends of deminski,0
8562,the next 50 pac,0
8563,william michael,1
8564,friends of william michael,0
8565,concord republican party,0
8566,democratic party of carbon county,0
8567,pike county democratic committee,0
8569,republican friends of area 4,0
8570,"ricky's pride pac j.d. lyon, treas",0
8571,friends to elect payne,0
8572,realjusticepac,0
8573,john lashko for pa state representative (amanda leshko-treasurer),0
8574,local union 354 pac,0
8575,montco victory,0
8576,pa young dems                                               ,0
8577,"smerechanskyy, taras for pa",0
8578,northeast delegation,0
8579,kevin runey for pa senate,0
8580,jefferson&#39;s preamble society inc,0
8581,franklin park rep com                                       ,0
8582,engie north america inc. pac (ena pac) fec id# c00375568,0
8583,bethel township republican party,0
8584,educate pac,0
8585,national association of chain drug stores pac,0
8586,"friends of miles arnott c/o emiline weiss, treasurer",0
8587,lkq corporation employee good government fund,0
8588,jam for pa,0
8589,"schmolze, nathanael  ",1
8590,"ruff, jason  ",1
8591,"kaminski, amy l.",0
8592,firepac 10                                                  ,0
8593,empower pac,0
8594,"sulman, dan friends of",0
8595,chester county lawyers for progress,0
8596,jim christiana for senate,0
8597,"atkins us holdings, inc. pac fec",0
8598,arkema pac (formerly atopac)                                ,0
8599,philadelphia young republicans,0
8600,"zabel, michael p ",1
8601,ltk pac                                                     ,0
8602,"freda, scott",0
8603,jamie l glasson,0
8604,wine & spirits brokers assoc of pa                          ,0
8605,where america started                     ,0
8606,"wagner, scott for governor, inc",0
8607,pa dem caucus county commrs                                 ,0
8608,bartos for pennsylvania,0
8609,civility and manners in politics pac (c.a.m.p. pac),0
8610,pa consulting engineers pac                                 ,0
8611,the action pac,0
8612,consumer advocacy pac,0
8613,joe hamm,1
8614,citizens for boyle,0
8615,"zabel, mike friends of",0
8616,pennsylvania deer farmers assocation pac (pdfa pac),0
8617,calvin clements,1
8618,friends of jonathan keeler,0
8619,jonathan keeler,1
8620,team gillespie keith - c/o treasurer laura shue,0
8621,"deluca, anthony for legislator committee",0
8622,paft cope pittston area fed,0
8623,republic committee of chester county,0
8624,republican women of chester county,0
8625,pennsylvania sierra club pac,0
8626,helen b. hughes federation of democratic women,0
8627,sheryl delozier,1
8628,katelina brennan,1
8629,kevin maxson,1
8630,"volunteers for argall, david",0
8631,john padora,1
8632,democratic society of new york,0
8633,committe to elect robert freeman,0
8634,neighbors for jeff dempsey,0
8635,"mackenzie, ryan citizens of",0
8636,citizens for stan saylor c/o brenda suc resh,0
8637,letsgowithyetsko,0
8638,"i'm for knowles, jerry",0
8639,friends for steve necaster,0
8640,friends of eileen cipriani,0
8641,friends for daryl melcalfe,0
8642,committee to elect matthew bartko,0
8643,knoll 4 pa 44,0
8644,"ritter, john d ",1
8645,friends f chris lupp,0
8646,"webster, joseph g. phd",1
8647,michele knoll,1
8648,brown james mark,1
8649,"shober, harlan g. jr.",1
8650,"shulman, melissa geiger ",1
8651,marco santino attisano,1
8652,umua local 686 committee political education fund,0
8653,jason ruff,1
8654,monroe future fund,0
8655,"battisti, eric p.                                           ",0
8656,"defrank, stephen m",0
8657,pennsylvania cannabis coalition pac,0
8658,"shafer, melissa",0
8659,"hartman, christina for pa",0
8660,the people for david hines,0
8661,"hines, david  ramsay ",1
8662,barbin for penn woods,0
8663,"alliance coal, llc pac",0
8664,pennsylvania citizen for progress,0
8665,springfield township democratic committee-montgomery county,0
8666,western chester county democrats,0
8667,mt. lebanon republican committee,0
8668,concord bethel democratic committee,0
8669,kevin d. jones,1
8670,"lawpac (pa. assoc. for justice, f/k/a pa trial lawyers)",0
8671,fund of pa leadership,0
8673,committee to delaware county's future,0
8674,"stambaugh, perry friend of",0
8675,afl-cio cope - state and local voluntary fund,0
8676,ryan bourinski,1
8678,montgomery co dem women's lead init,0
8679,pa liberty fund,0
8680,the national rural electric cooperative association action committee for rural electrification (acre),0
8681,"kavulich, sid friends of                           ",0
8682,rovito for judge,0
8683,matthew rogers for judge,0
8684,democratic college campaign fund of pennsylvania,0
8685,ward 03 dem exec com                                        ,0
8686,"mcgill, kate friends of",0
8687,rescare inc advocacy fund,0
8688,"sala, pete friends of",0
8689,caterpillar inc. political action committee (catpac),0
8690,"dudro, anne",0
8691,"zurich holding company of america, inc. committee for good government (z-pac, zurich pac)",0
8692,eastmanpac-political action committee of eastman chemical company,0
8693,friends of parthenia izzard,0
8694,northwest leaders pac,0
8695,"williams, anthony h friends of                           ",0
8696,"angelichio, leon for state rep",0
8697,montgomery co dem womens lead init                          ,0
8698,p & c pac                                                   ,0
8699,pa - better healthcare pa,0
8700,gina force for judge,0
8701,wachspress for congress,0
8702,united homecare workers of pa action,0
8703,pennsylvania future pac,0
8704,"mcgrath, vanessa citizens for",0
8705,marsy&#39;s law for pennsylvania llc,0
8706,alex minishak jr.,0
8707,elect jill beck,0
8708,intl longshoremens assn afl-cio com on pol education        ,0
8709,shell oil company employees' political awareness committee,0
8710,bank of america corporation state and federal pac,0
8711,"contura energy, inc. political action committee",0
8712,direct energy employee political action committee (deepac),0
8713,"dipillo, jennifer for judge",0
8714,pattern energy group inc. pac (pattern pac),0
8715,"scott, kara friends of ",0
8716,washington gas light company pac,0
8717,franklin park democratic committee,0
8718,warren co rep comm,0
8719,sara-summer oliphant,1
8720,commonwealth leders fund,0
8721,springfield township democratric committee-montgomery county,0
8722,northumberland county-democratic committee,0
8723,crawford county republican party,0
8724,"godshall, friends of",0
8725,committee for delaware country's future,0
8726,"mako, zachary for pa",0
8727,jerry carnicella,1
8728,go to camp comm,0
8729,lisa goldman riley,1
8730,amanda m cappelletti,1
8731,venango county republican comm,0
8732,"fingles, rachel for pennsylvania",0
8733,19th ward exec. committee,0
8734,phila food pac,0
8735,citizens for gleim barbara,0
8736,chester county chamber pac c/o martelli,0
8737,nicole ziccarelli,1
8738,friends of danyl patterson - 20190391,0
8739,smart local 44 political action leauge,0
8740,tom kirsch,1
8741,pennsylvania concrete pavement pac (acpa pac),0
8742,john lawrence,1
8743,friends of d'angelo virgo,1
8744,heather macdonald,1
8745,alvin q. taylor,1
8746,philadelphia voters united,0
8747,she can win,0
8748,citizens for jordan harris,0
8749,"opeiu, jb moss voice of the electorate (vote)",0
8750,tioga county democratic party c/o treasurer robert h. wooley,0
8751,friends of ruth schemm,0
8752,"feidstein grinberg lang &amp; mckee, p.c. (formerly fgsm, p.c.) c/o treasurer, francis c. rapp, jr., esquire",0
8753,qpac c/o treasurer: arthur d martinucci,0
8754,plan wpa,0
8755,montgomery co dem womens lead init,0
8756,snyder co dem,0
8757,pike county demoratic committee,0
8758,local 0405 iron workers pac,0
8759,"diaz, janet family and friends of",0
8760,pennridge democrats 20140248,0
8761,langhorne blue,0
8762,alliance of automotive svc providers of pa pac              ,0
8763,conservative citizens for liberty,0
8764,friends of bucks county democrats,0
8765,"kelley, aaron robert",0
8766,independent thinking pac,0
8767,"campbell, j duncan iii",0
8768,jason ortitay,1
8769,national association of chain drug stores political action committee,0
8770,newtown democrats (alexander treece - tres),0
8771,2999 group,0
8772,"toll bros, inc. pac",0
8773,"branco, kevin friends of",0
8774,jennifer o'mara,1
8775,jefferson co dem com                                        ,0
8776,"peck, christylee for superior court",0
8777,stevie for the people,0
8778,shields for judge,0
8779,commercial metals company pac (cmc pac),0
8780,"jukus, joel for supervisor",0
8781,commonwealth horizons pac,0
8782,warren co dem com                                           ,0
8783,chadds ford dem party                                       ,0
8784,"allen, bryan friends of",0
8785,friends of wendi barish,0
8786,pennsylvania justice & public safety pac,0
8787,cumberland county young republicans (ccyr),0
8788,celgene corporation political action committee,0
8789,bristol-myers squibb company political action committee (bms pac),0
8790,centurylink inc. employees political action committee,0
8791,centre county democratic committee,0
8792,judge lane for superior court,0
8793,maria mclaughlin for supreme court,0
8794,aon corporation political action committee,0
8795,skippack democrats,0
8796,jefferson hills democratic committee,0
8797,philly neighborhood networks pac,0
8798,rpm international inc. manufacturing in america pac dba manufacturing in america pac,0
8799,american kennel club political action committee,0
8800,lehigh valley committee for affordable housing,0
8801,nova chemicals inc.,0
8802,middletown first,0
8803,brandywine leadership pac,0
8804,ricky's pride pac,0
8805,haverford township republican campaign committee,0
8806,friends of cris dush c/o pamela d. ames,0
8807,"ness, laura",0
8808,"bedio, denise for office",0
8809,rebecca for philadelphia,0
8810,northern tier conservative p.a.c.,0
8811,bethel park democratic committee,0
8812,reading capital pac,0
8813,"pepsico, inc. concerned citizens fund",0
8814,forward together,0
8815,mars area republican club,0
8816,jacobs good government fund of jacobs engineering group inc.,0
8817,upper buxmont rising,0
8818,defend medicare,0
8819,"marisco, andrew j ",0
8820,"o&#39;connell, john",0
8821,young democrats of westmoreland county,0
8822,kenney for philadelphia,0
8823,pa society of physician assistants                          ,0
8824,tinu moss for judge,0
8825,the main street usa,0
8826,pa advocates and resources for autism and intellectual disabilities pac (par id/a pac),0
8827,national federation of independent business pennsylvania political action committee,0
8828,young republicans of delaware county,0
8829,committee to elect schimizzi judge,0
8830,lackwanna county democratic committee,0
8831,wheeler for pa,0
8832,capehart for judge committee,0
8833,friends of tamika washington for judge,0
8834,american solidarity party,0
8835,friends of bryan callahan,0
8836,apa ie pac,0
8837,friends of mary pugh,0
8838,citizens for good government pac                            ,0
8840,"linhardt, eric committee to elect for judge",0
8841,"clingerman, kristin committee to elect judge",0
8842,"murray, mary p ",1
8843,"marisico, ed friends of              ",0
8844,accountable leadership pac,0
8845,"prendergast, kathleen  j. ",1
8846,"clingerman, kristin anne ",1
8847,"sainovich, myron r ",1
8848,"giordano, emil for judge",0
8849,"lancos decostro, deborah for judge",0
8850,vedder for judge,0
8851,chuck hobbs,1
8852,"barish, wendi dawn ",1
8853,"mp murray campaign, inc t/d/b/a judge p murray committee",0
8854,"bompiani, l anthony ",1
8855,"sias, henry mcgregor ",1
8856,"canty, deborah committee to elect",0
8857,"conroy, david for judge",0
8858,"conroy , david  hugh ",1
8859,"barbin, bryan e ",1
8860,todd eagen for judge,0
8861,"johnson, shanese for judge",0
8862,"shahen, mitchell p ",1
8863,woodruff 2017,0
8864,"canty, deborah l ",1
8865,"berardinelli, james committee to elect",0
8866,"linhardt, eric r ",1
8867,roan j confer jr,1
8868,christine fizzano cannon,1
8869,friends of leonard deutchman,0
8870,leonard s. deutchman,1
8871,"major, rania friends of",0
8872,michael rozman,1
8873,judge julia munley,1
8874,ellen ceisler,1
8875,timothy barker,1
8876,royce morris,1
8877,john mcnally,1
8878,kagarise for superior court committee,0
8879,henry sias for judge,0
8880,peter m. vaughn,1
8881,maria mclaughlin,1
8882,amber anstine kraft,1
8883,wendy g. rothstein,1
8884,"menges, matthew d.",1
8885,vincent melchiorre,1
8886,leon goodman,1
8887,vikki kristiansson,1
8888,jeff conrad,1
8889,friends of lisa monzo,0
8890,charles e. kurowski,1
8891,joseph m. cosgrove,1
8892,friends of jenn for judge,0
8893,george r. twardy jr.,1
8894,"clemons, lucretia c.",1
8895,brandon p neuman,1
8896,joyce hatfield-wise,1
8897,jeffrey saltz,1
8898,melograne for judge,1
8899,irene mclaughlin clark,1
8900,lori k. serratelli,1
8901,"barbin, bryan for pennsylvania",0
8902,"vedder, clyde w ",1
8903,"hall, christopher r ",1
8904,"buchanan, diane zack committee for judge",0
8905,"buchanan, diane zack ",1
8909,"pavlack, melissa friends of",0
8910,friends of randy vulakovich,0
8911,common sense for pa,0
8912,"boyle, brian j",0
8913,pa radiology pac (paradpac),0
8914,"caum, mike committee to elect district judge",0
8915,pa judicial pac,0
8916,lawpac (pa association for justice f/k/a pa trial lawyers association),0
8917,saylor retention 2017,0
8918,friends of craig stedman,0
8919,friends of judge mclaughlin,0
8920,clarion county dem com c/o jennifer vinson,0
8921,dauphin co rep com,0
8922,committee to retain justice debra todd,0
8923,justice debra todd (candidate),1
8924,ward 41 rep exec com,0
8925,cartwright for congress,0
8926,"spurgeon, david keep judge",0
8927,david l. spurgeon,1
8928,phila fed credit union-pac,0
8929,v-pac,0
8930,diane e. gibbons,1
8931,"santora, jamie friends of",0
8932,"knowles, jerry i'm for com",0
8933,local 0012 sheet metal wrkrs pac,0
8934,"trauger, jeffrey elect judge (elect judge trauger)",0
8935,"edwards, janine committee to elect judge",0
8936,janine edwards,1
8937,lower merion and narberth rep com,0
8938,toll bros. inc pac,0
8939,action of pa.,0
8940,ironworkers pol action league-dc,0
8941,"tesla, kim committee to retain",0
8942,schuylkill co rep committee,0
8943,allegheny co bar association pac,0
8944,james j. panchik,1
8945,friends of judge julia munley,0
8946,pennsylvanians for qualified judges,0
8947,"depasquale, eugene for pennsylvania",0
8948,international association of asbestos heat,0
8949,"rothstein, wendy g for judge",0
8950,propac,0
8951,"haste &amp; pries, friends of",0
8952,tim barker for judge,0
8953,pa dental pac,0
8954,friends of vikki for judge,0
8955,dauphin county judicial pac,0
8956,york co rep com,0
8957,mark b. cohen,1
8958,friends for sallie mundy,0
8959,bucks montgomery com for housing affordability,0
8960,friends of patrick connelly,0
8961,western pennsylvania pac,0
8962,westmoreland bar retention committee for judge hathaway,0
8963,citizens to retain judge pam ruest,0
8964,montgomery county democratic womens leadership initiative,0
8965,friends of dan demarco,0
8966,rullo for judge,0
8967,daniel w. rullo,1
8968,berks co rep co,0
8969,conservation voters of pa action fund,0
8970,"tioga co dem party c/o treasurer, robert wooley",0
8971,fulton co rep committee,0
8972,local 81 ibew c/o treasurer paul casparro,0
8973,while rose pac,0
8974,pgh fire fighters local #1 pac fund,0
8975,local 0130 laborers pac,0
8976,"coles, sekela friends for",0
8977,"walsh, joseph citizens to elect judge",0
8978,trappe first,0
8979,pamela a. ruest,1
8980,upper gwynedd township republican committee,0
8981,montgomery twp republican committee,0
8982,horsham rep party,0
8983,"schaefer, elaine friends of",0
8984,armstrong co dem com,0
8985,local 830 teamsters pac,0
8986,"thompson, robert for senate",0
8987,"feliciani, westmoreland bar retention",0
8988,powr pac of women republicans,0
8989,tms corporation pac,0
8990,huntingdon county dem com,0
8991,d.r.i.v.e.,0
8992,chester county democratic womens leadership initiative,0
8993,perry co rep committee,0
8994,"whelan, jack for judge",0
8995,"boyle, michelle elect",0
8996,united democrate of mt pleasant township,0
8997,emerge usa pa,0
8998,friends of michael corr,0
8999,road forward pa,0
9000,pa pro life fed state pac,0
9001,"keystone fund, the",0
9002,jenkintown dem com,0
9003,"dastra, tony for mayor",0
9004,"king, richard, committee to elect",0
9005,berks county community for affordable housing,0
9006,montour co rep com,0
9007,"mcginn, joe friends of",0
9008,"griffin, david friends of",0
9009,committee to elect sandra thompson judge,0
9010,pat meehan for congress,0
9011,friends of the 58th ward executive committee,0
9012,cambria co rep com,0
9013,ceisler for pa,0
9014,judy hines for state representative,0
9015,school nurse pac c/o susan dalton,0
9016,local 0044 sheetmetal wrkrs pol act leag,0
9017,"ramirez, fred friends of",0
9018,the honorable kelly eileen bigley,1
9019,the honorable michael e. mccarthy,1
9020,columbia co rep com,0
9021,ward 19 exec com,0
9022,committee to elect nate craig,0
9023,neuman for judge,0
9024,"mcclister, chase gray ",1
9025,mary mcginley for judge,0
9026,"steinberg, robert for retention committee",0
9027,"rebarchak , jody friends of",0
9028,"abney, aerion friends of",0
9029,"rodriguez, emily for pennsylvania",0
9030,philadelphia grand renewal fund,0
9031,"popovich, mary friends of",0
9032,"solobay, tim com to elect                                   ",0
9033,"jansen, matt friends of",0
9034,argentum's silver pac,0
9035,"ciresi, joe friend of",0
9036,"deasy, dan com to elect",0
9037,pa amusement &amp; music machine association pac (pamma pac) e/o treasurer joseph calla,0
9038,"ravenstahl, adam friends of",0
9039,alliance of automotive service providers of pa pac c/o bret fadely,0
9040,"monroe co democratic women, anne fetherman, treasurer",0
9041,"hanlon mirabito, molly com to elect",0
9042,"wheeland, jeffe friends of",0
9043,punxsutawney area republican committee,0
9044,"block, philip friends",0
9045,"pyle, jeff friends of",0
9046,green party of philadelphia,0
9047,indiana armstrong builders for affordable housing,0
9048,"fike, harry the friends of",0
9049,tioga co dem com c/o treasurer robert h. wooley,0
9050,"bradford co council, rep women",0
9051,"michalek, gregory committee to elect",0
9052,tri-county fed of dem women,0
9053,pa assn of milk dealers (pamd),0
9054,"thomson, rhodes &amp; cowie pc pac",0
9055,"hartwick, george iii citizens for",0
9056,defending the taxpayer c/o joann cardello,0
9057,committee to elect a republican council,0
9058,"zupancic, joe friends of",0
9059,cgi technologies and solutions inc. pac,0
9060,gillespie keith - team gillespie,0
9061,"boling, daryl friends of-common sense for the commonwealth",0
9062,ward 58 dem com of philadelphia,0
9063,juniata county republican women,0
9064,ward 5 republican committee,0
9065,"braslawsce, william friends of",0
9066,"nanes, ezra friends of",0
9067,"brooks, michele people to elect",0
9068,pa ag rep,0
9069,"logan, sean for senate",0
9070,uaw v-cap c/o gary casteel,0
9071,"kasunic, richard a. camp comm, % richard a. kasunic treas",0
9072,pa social work pace,0
9073,radnor twp dem com,0
9074,"wuf political action fund c/o: robert l. kmecak, jr., secretary-treasurer",0
9075,"gleim, barbara citizens for",0
9076,"farry, frank friends of",0
9077,pennsylvania democratic state committee new americans caucas,0
9078,"marshall, brian citizens for",0
9079,"marshall,brian k ",1
9080,"mahoney, tim committee to re-elect",0
9081,"te connectivity, inc. political action committee telpac",0
9082,anadarko petroleum corporation political action committee,0
9083,dr pepper snapple group pac,0
9084,mango for governor,0
9085,campaign for quality schools-pittsburgh,0
9086,northeast regional council of carpenters pec - pa,0
9087,walgreen co pac,0
9088,"dougherty, patrick for judge",0
9089,friends of mark pinsley,0
9090,national association of letter carriers of u.s.a. political fund (letter carrier political,0
9091,local 405 iron workers pac,0
9092,firepac - philadelphia,0
9093,phila future pac,0
9094,take back pa,0
9095,"lewis, kelly r",0
9096,"denham, joe committee to elect",0
9097,"enterprise holdings, inc.  political action committee",0
9098,keystone republicans for visionary change ,0
9099,pa towing assn                                              ,0
9100,the trustwave pac,0
9101,"andreassi, scott for judge",0
9102,"helm, sue for st house com                                  ",0
9103,"bartoli, anthony vote",0
9104,friends of maggie borski,0
9105,"wyatt, tom south philly for",0
9106,the people&#39;s pac,0
9107,pennsylvania for tax fairness,0
9108,"english, hal friends of",0
9109,david wills house pac,0
9110,"laughlin, dan committee to elect",0
9111,committee to elect john taylor,0
9112,"clark, mike for judge",0
9113,4 we the people-cook,0
9114,tinibum township republican finance committee,0
9115,pgh metro builders (housing industry for resp govt),0
9116,york - democratic society of,0
9117,york-democratic society of,0
9118,democratic society of,0
9119,"paulson, gregory for pa senate",0
9120,"cardillo, catherine judge",0
9121,"peck, michele zappala com to elect                          ",0
9122,"korbel, sabrina for judge",0
9123,morrisons cove rep club                                     ,0
9124,"howsie, elliot friends of",0
9125,friends of cheri honkala,0
9126,sears for state house,0
9127,belfanti robert rep. p,0
9128,green party of delaware county,0
9129,chamberphl pac,0
9130,nfg papac national fuel gas patricia m. delavern,0
9131,"western pennsylvania pac c/o: robert l. kmecak, jr. sec/treasurer",0
9132,montgomery county republican comm,0
9133,"dickie mccamey &amp; chilcote, political action committee",0
9134,committee to elect judge serratelli,0
9135,timothy barry for commonwealth court committee,0
9136,friends of glick,0
9137,"pittsburgh federation of teachers, pft400",0
9138,mermelstein for judge,0
9139,friends of sallie mundy,0
9140,giordano for judge,0
9141,committee to elect judge paula patrick to superior court,0
9142,david barton 2017 committee,0
9143,pennsylvania committee for affordable housing/joseph harcum treasurer,0
9144,committee to elect mike caum district judge,0
9145,rebecca warren for superior court,0
9146,neighbors for kevin ressler,0
9147,franklin county republican committee,0
9148,herco inc pac,0
9149,committee to elect eric solomon,0
9150,campaign for qualified judges,0
9151,bedford cty. republican committee,0
9152,friends of ward 39b,0
9153,citizens for george p. hartwick iii,0
9154,local 592 cement masons &amp; plasterers,0
9155,committee to elect david neely judge,0
9156,friends of marty qually,0
9157,"tioga county democratic party c/o treasurer, robt h. wooley",0
9158,fulton county committee,0
9159,local 81 ibew c/o treasurer rick schraeder,0
9160,"pritchard, eric j",0
9161,bethlehem city democratic committee,0
9162,48th democratic ward,0
9163,judge joe cosgrove for pa,0
9164,friends of david griffin,0
9165,friends of jim raith,0
9166,mary kilgus,0
9167,21st ward citizens for good government,0
9168,republican committee of lower merion &amp; narberth,0
9169,"pittsburgh federation of teachers, pft 400",0
9170,goodman for judge,0
9171,43rd ward democratic executive committee,0
9172,crystal powell for judge,0
9173,washington county democrats committee,0
9174,mann for judge committee,0
9175,friends of chuck hobbs,0
9176,committee to elect lawrence j. bozzelli,0
9177,sherman toppin,0
9178,committee to re elect sandra major,0
9179,boscov's pac c/o treasurer dean e. sheaffer,0
9180,montour co. republican committee,0
9181,peter vaughn for judge,0
9182,pa radiological society (pa radpac),0
9183,patriot pac,0
9184,jack whelan for judge,0
9185,colorofchange pac,0
9186,citizens to elect judge joe walsh,0
9187,elect sweeney district judge,0
9188,"toll bros, inc pac",0
9189,lead pac,0
9190,neighborhood networks ie pac                          ,0
9191,pennsylvanians for well qualified judges,0
9192,mid penn bank pac,0
9193,voice of housing of chester delaware co,0
9194,pa dem caucus county commrs,0
9195,"goodman, neal friend of",0
9196,citizens for george p. hartluck iii,0
9197,"bane, john p",0
9198,"mcclister, chase for judge",0
9199,friends of maureen madden,0
9200,"andreassi,scott j ",1
9201,keystone priorities state pac,0
9202,community candidates for east pennsboro,0
9203,ross township republican committee,0
9204,aston township republican party,0
9205,ward 56 dem com friends of,0
9206,rac pac,0
9207,pittston area fed of teachers,0
9208,"dent, charlie for congress",0
9209,fulton county rep com,0
9210,"o'neill, bernie friends of",0
9211,"miccarelli, nick friends of",0
9212,international association of heat and frost insultors and allied workers political action committee,0
9213,committee to elect heath himes,0
9214,"ruest, pamela a ",1
9215,first responders of western pa pac,0
9216,"neuman, brandon friends of",0
9217,pa radiological society (paradpac),0
9218,"allone health resources, inc. pac",0
9219,"york building products co., inc., political action committee",0
9220,committee to elect richard king,0
9221,friends of philip block,0
9222,"tioga democratic party c/o treasurer, robert h. wooley",0
9223,"tri-county democrats (berks, chester, mont)",0
9224,"driscoll, mike friends of",0
9225,mcnally for judge,0
9226,montgomery twp rep com,0
9227,area 9 rep com,0
9228,krawchuk '18,0
9229,"lang, adam for state representative",0
9230,road forward pennsylvania,0
9231,howard f knisely,1
9232,"murray,mary p ",1
9233,"shahen,mitchell p ",1
9234,penn communities organizing for change pac,0
9235,"zappala, stephen a for pennsylvania",0
9236,kim tesla,1
9237,"hickernell, dave friends of",0
9238,leonard s deutchman,1
9239,"deluca, anthony for leg com",0
9240,"zimmerman, dave supporters of",0
9241,"brown, rosemary for state rep",0
9242,friends of warren kampf,0
9243,"weaver, linda friends of",0
9244,macoretta for judge,0
9245,"korns, michael friends of",0
9246,"weidman, david friends of",0
9258,constitution party pennsylvania,0
9259,abington township rockledge borough republican organization (atro),0
9260,"bradford county democratic committee c/o jeffrey m. gonzalez, treasurer",0
9261,5th ward democratic executive cmte,0
9262,general building contractors assn pac (gbca pac),0
9263,friends of andy lee,0
9264,area ii gop,0
9265,upper darby rep camp committee,0
9266,amalgamated transit union cope account vol. fund,0
9267,friends of jim knapp,0
9268,val digiorgio for pa gop chairman,0
9269,friends of brian gondek,0
9270,ray sosa for a better pennsylvania,0
9271,local 2026 faculty fed/comm college,0
9272,american muslim democratic committee,0
9273,elect michelle boyle,0
9274,clark mitchell,0
9275,pamela s. wilson,1
9276,"lynch, jessica friends of for judge",0
9277,friends of donald cunningham,0
9278,wayne co builders for afford housing,0
9279,"black, jeff friends of",0
9280,"jefferson county democratic com (carole a. briggs, treasurer)",0
9281,"conklin, scott friends of",0
9282,citizens networking 4 progress,0
9283,"mayernik, dave comm. to elect",0
9284,engie north america inc. political action commitee (ena pac),0
9285,talen energy corporation pac,0
9286,friends of tom lynch,0
9287,venango co dem com-61,0
9288,chairman's pac/bill cole,0
9289,turn out pac,0
9290,friends of casey mcclain,0
9291,engineers political education committee (epec)/international union of operating engineers,0
9292,lehman for pa,0
9293,schuylkill bar pac                                          ,0
9294,brian fitzpatrick for congress,0
9295,local no. 5 pac fund iuec,0
9296,schreiber for york,0
9297,mont county rep women's leadership,0
9298,washington county republican party,0
9299,pa diatetic assn,0
9300,the campaign for equality in pennsylvania,0
9301,committee to elect dan butler judge,0
9302,"ed eichenlaub, eich, ed friends of",0
9303,campaign for theresa wright,0
9304,bernard a williams for state representative,0
9305,matthew j. darragh,0
9306,jeffrey mcguire,0
9307,"wayland, sean patrick committee to elect",0
9308,cheltenham twp dem party of,0
9309,cheltenham twp dem party,0
9310,"murt, tom friends of                                        ",0
9311,int.l longshoremen's assoc.local 1291 pac,0
9312,ksmrs pac,0
9313,"micozzie, nicholas friends of                               ",0
9314,"keep judge spurgeon (f/k/a spurgeon for judge); c/o eric l. bradley, treasurer",0
9315,friends of joe pitts,0
9316,lancaster county association of realtors political action committees,0
9317,run with rossi,0
9318,mercer county democrat committee,0
9319,north star pac c/o daphne goggins,0
9320,"mackereth, beverly",0
9321,"butt, jim friends of",0
9322,"clark, michael t ",1
9323,transystems corporation pac,0
9324,"cervone, jason friends of",0
9325,society for leading ledgislation on transportation,0
9326,amber anstine kraft for judge,0
9327,committee to elect janine edwards,0
9328,friends of dawn tancredi,0
9329,"stern, jerry for assembly",0
9330,"butchko, dominic j friends of",0
9331,northeast regional council of carpenters  pec-pa,0
9332,wells fargo &amp; co. connecticut employees good government fund,0
9333,wendy g. rothstein for judge,0
9334,friends of rob wilkinson,0
9335,lackawanna co rep party of,0
9336,lawpac (pa association for justice),0
9337,pgh firefighters local #1 fire pac,0
9338,local 0030 teamsters pac,0
9339,pa com for affordable housing,0
9340,ppg better govt team,0
9341,"stephens, todd friends of inc",0
9342,montgomery co rep com,0
9343,southeast regional pac (serpac),0
9344,pac 2005,0
9345,delaware co rep finance com,0
9346,pa. interested citizens pac (pic pac),0
9347,fulton co dem com,0
9348,tms international corporation pac,0
9349,franklin co rep com,0
9350,pard phil pac,0
9351,"block, philip friends of",0
9352,transport wrkrs local 234 cope,0
9353,juniata co rep com,0
9354,"pac pard philpac c/o burt zazlow, treasurer",0
9355,tom casciola election committee,0
9356,12th ward democratic executive committee,0
9357,hospital &amp; healthsystem assoc of pa pac (hapac),0
9358,"mcvay, jack for judge                                       ",0
9359,york county republican com,0
9360,jackie for judge committee,0
9361,jackie bernard,1
9362,pft pol action fund,0
9363,elephant fund,0
9364,united steelworkers of america pac,0
9365,dauphin county republican com,0
9366,"stedman, craig friends of",0
9367,"martin, scott friends of",0
9368,"white, dave friends of",0
9369,nichols for pa,0
9370,"monroe energy, llc fueling the climb political action committee",0
9371,united steelworkers of america,0
9372,ward 35 dems friends of,0
9373,robert thompson committee,0
9374,lower merion &amp; narberth rep com,0
9375,berks co rep com,0
9376,luzerne county republican party,0
9377,philadelphia dem campaign com of,0
9378,"clark, irene for judge",0
9379,"mcglaughlin, ron for judge",0
9380,ronald s mcglaughlin,1
9381,friends of dan gilman,0
9382,southeast pa citizens for honorable elected official,0
9383,"kopas, committee for",0
9384,regular republican campaign committee of chester,0
9385,horsham republican committee,0
9386,university city republican committee,0
9387,6th ward democratic committee,0
9388,committee to elect kelly eckel,0
9389,local 0250 teamsters political action committe (charles gaston),0
9390,fayette republican committee,0
9391,25th ward democratic club,0
9392,school nurse pac fund c/o susan dalton,0
9393,"united democrat committee of mt pleasant, scottdale east huntindo",0
9394,ulli pac,0
9395,pamela wilson for judge,1
9396,"ercoli, chris",0
9397,smart local #44 political action comm,0
9398,committee to elect janine edwards judge,0
9399,marvin l. williams,1
9400,"argall, david volunteers for",0
9401,donald r. totaro,1
9402,sandra thompson,1
9403,wade kagarise,1
9404,"monzo, lisa friends of",0
9405,jeffrey j. reich,1
9406,"hackman, christopher a",1
9407,gregory h. chelak,1
9408,"prendergast,kathleen  j. ",1
9409,"deleon, james maurice iii",1
9410,joyce o webb eubanks,1
9411,"saltz, jeff for judge",0
9412,brad moss,1
9413,"deleon, james com to reelect judge",0
9414,"morris, royce for judge",0
9415,"cannon fizzano, christine friends of",0
9416,"clemons,lucretia c ",1
9417,macy&#39;s inc. retail issues fund                              ,0
9418,"murphy, terrence j ",0
9419,"teva pharmaceuticals usa inc. political action committee (teva pac"")""",0
9420,"scandale murnin, cheryl friends of",0
9421,"apollo education group, inc. state pac",0
9422,friends of mike o'pake for district attorney,0
9423,school nurse pac,0
9424,friends of braslawsce,0
9425,friends of dave hall,0
9426,ward 44,0
9427,gang of 100,0
9428,central susquehanna builders association,0
9429,warren co rep com,0
9430,tinicum township republican finance,0
9431,the friends of claudette,0
9432,lawrence krasner for district attorney,0
9433,"ciach, michael j friends of",0
9434,"eckel, kelly d ",1
9435,"barish, wendi friends of ",0
9436,moniak for judge committee,0
9437,committee to re-elect albert j augustine magistererial judge,0
9438,lucinda little,1
9439,friends of lucinda little,0
9440,"mccabe, christopher i. ",1
9441,"mclaughlin, brian  ",1
9442,"mclaughlin, brian committee to elect",0
9443,sallie mundy,1
9444,"berardinelli, james f ",1
9445,charles j. hobbs,1
9446,"moniak,stephen  ",1
9447,"bompiani, anthony committee to elect",0
9448,firends of cheri honkala,0
9449,cheri honkala,1
9450,"kyriakakis, anthony for judge",0
9451,"furlong, vincent  ",1
9452,ward 08 dem exec com                                        ,0
9453,"decostro, deborah l ",1
9454,people for menges for judge,0
9455,"moulton, h geoffrey jr",1
9456,voice of housing of chester/delaware,0
9457,"pennsylvania committee for affordable housing/joseph harcum, treasurer",0
9458,say no to robot rob,0
9459,"dougherty, patrick   ",1
9460,"van mol, hans friends of",0
9461,springfield twp dem (mont. co),0
9462,afscme council 13 pol &amp; leg acct,0
9463,hershey co pac (hcpac),0
9464,"kilgus, mary committee to elect judge",0
9465,clarion co dem com c/o jennifer vinson,0
9466,"nfg papac national fuel gas patricia m. delavern, tresurer",0
9467,wsp usa pac,0
9468,"goodman, neal friends of",0
9469,indiana co rep com,0
9470,"tioga co dem com c/o treasurer, robert wooley",0
9471,hapco-pac (homeowners assn of phila),0
9472,friends of elaine schaefer,0
9473,montgomery county democratic women's leadership initiative,0
9474,smart local #44 political action committee,0
9475,"fgsm, p.c. pac",0
9476,local 0250 teamsters,0
9477,cement masons and plasterers local 592 pac,0
9478,erie co dem com pac,0
9479,teamsters jt council no. 53 pac drive,0
9480,mifflin co rep com,0
9481,pottsville city dem com,0
9482,"dickie, mccarney &amp; chilcote political action committee",0
9483,lycoming co dem com,0
9484,galloway john - for state rep,0
9485,york co rep com (operating),0
9486,better pa pac,0
9487,teamsters local 384 pac                                     ,0
9488,local 0830 teamsters pac,0
9489,intl brotherhood of electrical workers political action committee,0
9490,phila fed credit union pac,0
9491,local 0542 iuoe oper eng (norristn),0
9492,friends with dana,0
9493,"gallagher, ryan friends of",0
9494,ridley twp rep campaign fund,0
9495,phila builders for affordable housing,0
9496,the east wind project,0
9497,blawnox dem party,0
9498,local 0001 bac pac (bricklayers),0
9499,towamencin rep com,0
9500,lower providence rep com,0
9501,upper moreland repub com,0
9502,pft pol. action fund (pgh fed teachers),0
9503,lucretia clemons for judge,0
9504,"woodruff, dwayne d ",1
9505,"moore, mark j frends of",0
9506,ward 25 dem club                                            ,0
9507,"marsico, ed friends of              ",0
9508,"decostro,deborah l ",1
9509,"silvis,james philip ",1
9510,judge furlong election committee,0
9511,"shaffer, zac friends of",0
9512,"wolf, matt committee to elect",0
9513,"wolf, matt s ",1
9514,"lupas, david  w ",1
9515,stephen g. baratta,1
9516,"shahen, mitchell committee to elect judge",0
9517,"furlong,vincent ",1
9518,michael erdos,1
9519,"brumbach, marissa joan",1
9520,"mehaffie, tom friends of",0
9521,linda a. carpenter,1
9522,phil melograne,1
9523,"cohen, mark for judge",0
9524,"boyd,tina ",1
9534,itc holdings corp. pac,0
9535,rozman for judge,0
9536,todd debra for justice com,0
9537,neuman for pa,0
9538,irene m. clark,1
9539,joseph p. walsh,1
9540,"thompson, sandra com to elect judge",1
9541,"prendergast, kathleen",1
9542,"shaffer, zac",1
9543,"vedder,clyde w ",1
9544,36th ward committee pac,0
9545,school police assn-committee for safe schools,0
9546,"judge tesla, kim committee to retain",0
9547,"new, robbins shelley",1
9548,jewish community pac of pgh,0
9549,greater lehigh valley realtors pac,0
9550,sottile for judge,0
9551,pa manufactured housing pac c/o treas: mike sienkiewicz &amp; sienkiewicz holdi,0
9552,laborer's local union no. 130,0
9553,southeast regional pac (serpa),0
9554,friends of matthew currie monroe,0
9555,"ravenstahl, adam friends of                                 ",0
9556,w.m. democrats for progress,0
9557,manheim township democrate club,0
9558,west chester millennial congress,0
9559,committee to retain judge kim tesla,0
9560,payr pac,0
9561,"sulman,daniel r ",1
9562,"roberts, joshua h ",1
9563,"confer jr, roan  committee to elect",0
9564,"confer, roan j jr",1
9565,mark cohen for judge,0
9566,"linhardt,eric r ",1
9567,"clemons, lucretia c ",1
9568,thomas a. kauffman for judge committee,0
9569,seafarers political activity donation,0
9570,26th ward republican executive committee,0
9571,"ben for berks (nevius, ben for berks)",0
9572,timothy barry for commonwealth court,0
9573,dnb financial good govt pac                                 ,0
9574,retention 17,0
9575,keystone leader's pac,0
9576,"reese, george friends of",0
9577,"eckel,kelly d ",1
9578,friends of chuck mcillhinney,0
9579,"harper, kate friends of",0
9580,delaware co rep women's com,0
9581,lcar-pac,0
9582,delaware co rep state com of,0
9583,"nevius, john benjamin ",1
9584,"connelly,patrick ",1
9585,susquehanna co rep com,0
9586,bracey for mayor committee,0
9587,ross twp republican com,0
9588,brush wellman good govt fund,0
9589,"james, r lee com to elect state representative",0
9590,fayette rep com,0
9591,"mcilhinney, chuck friends of",0
9592,guy k bard dem club,0
9593,committee to elect joseph e sinnett,0
9594,wyoming co dem,0
9595,dist 1199c pac,0
9596,friends of linda fields,0
9597,teamsters local # 30 political action committee,0
9598,pike co dem committee,0
9599,tobash for a better 125th,0
9600,friends for justin walsh,0
9601,northeast republican house delegation,0
9602,honesty integrity &amp; performance committee,0
9603,"their party, your problem pac",0
9604,fund for a better pennsylvania pac,0
9605,washington co dem com,0
9606,judeg joe cosgrove for pa,0
9607,arise usa pac,0
9608,jones mike-jones for pa,0
9609,ward 01 rep com,0
9610,voit for pa,0
9611,perkiomen township republican committee,0
9612,callender for pa,0
9613,friends of madeleine dean,0
9614,"liriano, cesar for the 101",0
9615,"collett, maria",0
9616,hospital & healthsystem assoc of pa pac(hapac)              ,0
9617,"wirs, peter friends of",0
9618,"seale, kristin committee to elect ",0
9619,friends of rick nelms,0
9620,papsa,0
9621,"maxwell, josh committee to elect",0
9622,"patel, ayaan anand",0
9623,school police assn of phila com for safe schools,0
9624,chartwell law pac,0
9625,"hines, judy for state representative",0
9626,"hanbidge, liz friends of",0
9627,united dem com of mt pleasant twp,0
9628,greater mon valley pac,0
9629,"o'brien, mike citizens to elect",0
9630,"benyak, alan friends of",0
9631,kunselman 2017,0
9632,psna pac (pa state nurses assn),0
9633,huntingdon co dem com,0
9634,worcester twp rep com,0
9635,moving philly forward,0
9636,"saccone, rick friends of",0
9637,"castille, ron friends of",0
9638,"pawlowski, ed friends of",0
9639,allegheny co dem com,0
9640,"crawford, rosemary the committee to elect judge",0
9641,"gilman, dan friends of",0
9642,friends of fred ramirez,0
9643,"gainey, edward friends of",0
9644,friends of ethan keedy,0
9645,bedford co rep com,0
9646,sullivan co dem com,0
9647,"fazio, amy for pa",0
9648,1st ward gop,0
9649,musto raphael senate committee,0
9650,pa young democrats,0
9651,citizens for a better pennsylvania,0
9652,pio for pa,0
9653,chester co. chamber pac,0
9654,pa court reporters association pac (pcra),0
9655,"devine, michael friends of",0
9656,moulton 2017,0
9657,"eckel, kelly committee to elect",0
9658,our turn pac,0
9659,friends of james craig,0
9660,rep state com of pennsylvania,0
9661,orthopac,0
9662,centre park political action committee,0
9663,pro-life political development com se pa,0
9664,"pallone, frank jr for magisterial district judg",0
9665,bucks county progressive action fund,0
9666,"burke, laura elect",0
9667,trinity industries employee pac                             ,0
9668,invenergy pac,0
9669,"murphy, tim for congress                                     ",0
9670,"marino, thomas for congress",0
9671,"behrens, justin friends for",0
9672,"yaw, gene friends of for senate",0
9673,ward 41 friends of the dems,0
9766,house dem campaign com,0
9767,allentown city dem com,0
9768,local 0032bj seiu american dream fund,0
9769,venango co. rep. comm,0
9774,zeneca inc. political action committee (az pac),0
9775,dlcc pennsylvania,0
9776,ward 31 pac 31 31st ward dem ex com.,0
9777,philadelphia dem progressive caucus,0
9778,citizens to elect dwight evans,0
9779,"connelly, patrick  ",1
9780,"marshall, brian k ",1
9781,"knowles, jerry i&#39;m for com                                  ",0
9782,sunbury area dem com                                        ,0
9783,"steinke, paul friends of",0
9784,"cozen, o'connor political action committee",0
9785,pharmpac (pa pharmacy pac),0
9786,upper morelana republican committee,0
9787,friends of noah marlier,0
9788,committee to elect harry lewis jr,0
9789,nfgpac national fuel gas,0
9790,"kaplin stewart meloff reiter &amp; stein, p.c. c/o neil a. stein, esquire",0
9791,bill rice for judge,0
9792,"szefi, andy for judge",0
9793,pa manufactured housing pac c/o treas: mike sienkiewicz &amp; sienkiewicz holding,0
9794,custom pac c/o treas: james b. ohrn,0
9795,mcguire for judge,0
9796,bedford republican committee,0
9797,friends of jamie santona,0
9798,local 0095 intl union operating eng,0
9799,lawrence j. bozzelli,0
9800,zac shaffer,1
9801,jennifer schultz,1
9802,jeffrey allen conrad,1
9803,john macoretta,1
9804,financial businesspersons assn,0
9805,"ruest, pam citizens to retain judge",0
9806,bucks/montgomery committee for housing afforability,0
9807,northumberland co rep com,0
9808,matthew menges,1
9809,"crystal b. powell, esquire",1
9810,"patrick, paula committee to elect judge to superior court",0
9811,monroe co democratic honorary society,0
9812,mifflin co dem com,0
9813,local 0542 pgh sprinkler fitters,0
9815,potter co rep com                                           ,0
9817,ufcw (untd food/comm wrkr act ballot clb),0
9818,"mundy, sallie friends of",0
9819,"qually, marty friends of",0
9820,21st century township,0
9821,"todd, debra committee to retain justice",0
9822,"mcclister,chase gray ",1
9823,"nevius, ben for berks",0
9824,"notarianni, jay for pa com",0
9825,wayne co rep com,0
9826,carbon co. dem com,0
9827,"york builders association, inc.",0
9828,lower makefield dem club,0
9829,bethlehem dem city com,0
9830,"bikers pac bikepac c/o carol umbenhauer, treasurer",0
9831,"lower macungie republican committee c/o marilyn l. marles, treasurer",0
9832,local 0012 sheet metal wrks pac,0
9833,tms int corporation pac,0
9834,foundrymen's association pac,0
9835,ksmrs,0
9836,tenet healthcare corp pac                                   ,0
9837,"pa, automatic merchandising council mark craney",0
9838,north pittsburgh democratic volunteer corps,0
9839,keaton associates pac,0
9840,"wolfkiel, rebeccah",0
9841,"severoni, anthony",0
9842,equality pa pac,0
9843,"ceisler, ellen  ",1
9844,"leach, daylin daypac",0
9845,office/prof empl union (vote),0
9846,harper kate friends of,0
9847,"tallman, will - willftallman.com",0
9848,"hughes, vincent citizens for",0
9849,ward 17 democratic executive committee,0
9850,ward 17 dem executive com,0
9851,"canty,deborah l ",1
9852,"tomlinson, robt tommy"" for state sen""",0
9853,camera for senate,0
9854,carolyn nichols,1
9855,"honkala, cheri friends of",0
9856,christian dicicco,1
9857,friends of alex charlton,0
9858,"george r. twardy, jr.",1
9859,"greenleaf, stewart citizens for",0
9860,milliron goodman pac,0
9861,regular republican organization of prospect park,0
9862,citizens for integrity,0
9863,michael baker international holdco company political action committee (michael baker international pac),0
9864,local 0107 teamsters,0
9865,chase mcclister for judge,0
9866,chase mcclister,1
9867,ben for berks,0
9868,"j. benjamin (ben"") nevius""",1
9869,committee for fiscal responsibility 20130376,0
9870,friends of ryan gallagher 20160022,0
9871,elect sweeney for district judge,0
9872,lower bucks leadership fund 2002345 pac,0
9873,erie refocused pac,0
9874,elect judge trauger,0
9875,walter timothy barry,1
9876,friends of emilio,0
9877,bradford county democratic committee (c/o jeffrey m. gonzalez),0
9878,friends of marc grammes,0
9879,local 0500 political;action fund,0
9880,friends of patrick conelly,0
9881,andreassi for judge,0
9882,citizens for joyce,0
9883,the committee to elect mitchell p. shahen judge,0
9884,bring babette back,0
9885,"sandra thompson, candidate judge york county court of common pleas",0
9886,amalgamated transit union cope acct. vol. fund,0
9887,bloc party,0
9888,working families party independent expenditure committee,0
9889,"clark,michael t ",1
9890,western pa laborers pac,0
9891,robert steinberg,1
9892,indian valley dem com,0
9893,"metcalfe, douglas for pa",0
9894,"petri, scott a friends of",0
9895,"quinn, marguerite friends of",0
9896,intl brotherhood electrical workers,0
9897,"faccrw (first armstrong county council of republican women) c/o myra l. miller, treasurer",0
9898,"caltagirone, thomas friends of",0
9899,irene for judge,0
9900,local 0354 pac,0
9901,pard phil. pac,0
9902,penn business pac,0
9903,pa automotive association political action committee,0
9904,pa. interested citizens pac,0
9905,local #30 teamsters political action committee,0
9906,p.h.b.a.,0
9907,"fgsm, p.c.",0
9908,custom pac c/o james b. ohrn,0
9909,kutztown area dem club,0
9910,tredyffrin twp dem committee,0
9911,sullivan county rep committee,0
9912,"york building products co., inc. political action committee",0
9913,the honorable cathleen bubash,1
9914,"the honorable john t. mcvay, jr.",1
9915,columbia co dem com,0
9916,the honorable jacqueline o. shogan,1
9917,"mt. lebanon dem com c/o geoffrey r. hurd, treasurer",0
9918,friend's of rick nelms,0
9919,hershey co political action committee (hcpac),0
9920,comcast corp &amp; nbcuniversal political action committee - usa,0
9921,michael baker international political action committee (michael baker international pac),0
9922,"roe, eric friends of campaign finance com",0
9923,carolyn nichols (candidate),1
9924,"shaffer, jeremy friends of",0
9925,citizens for michael geiselhart,0
9926,north star pac,0
9927,bikers pac bikepac c/o carol unbenhauer treasurer,0
9928,"walker-montgomery, v fawn committee to elect",0
9929,"davis, austin friends of",0
9930,friends of gary scarpello,0
9931,ward 14 dem exec com,0
9932,"hays, mike friends of",0
9933,"corcoran, joseph j. for pa senate com                       ",0
9934,ward 66-a friends of the,0
9935,"gabler, matt friends of",0
9936,property casualty insurers pac                     ,0
9937,vote the odds,0
9938,union co rep com,0
9939,"schweiker, mark citizens for",0
9940,"schemel, paul committee to elect",0
9941,friends of education in west mifflin &amp; whitaker,0
9942,the hershey co political action committee (hcpac),0
9943,chester co rep com of,0
9944,laborers local 1174 pol action,0
9945,"shaw, andy friends of",0
9946,unisys corporation employees pac,0
9947,chester county rep com,0
9948,"freeman, robert com to elect",0
9949,"diamond, russ friends of",0
9950,"shusterman, melissa friends of",0
9951,"panepinto, paul p. friends of judge",0
9952,"harkins, pat friends of",0
9953,"irvin, rich committee to elect",0
9954,"fabrizo, flo com to elect",0
9955,franklin park rep. comm c/o laura coombs,0
9956,democratic committee of sharon hill,0
9957,"quigley, tom com to elect",0
9958,local 0044 sheet metal wrkrs pol act leag,0
9959,juniata co dem com                                          ,0
9960,the scotts miracle-gro co stewardship pac,0
9961,select medical corporation pac,0
9962,purdue pharma inc. political action committee (purdue pac),0
9963,"evankovich, eli friends of                                   ",0
9964,"probst, tarah friends of",0
9965,parts pac pa automotive recycling trade soc,0
9966,local 0107 pac teamsters,0
9967,women's political action committee of nepa,0
9968,costello ryan for congress,0
9969,rural conservatives of pennsylvania,0
9970,c/o treas: paula bronstein - pa ballot access coalition,0
9971,ue local 506 legislative action committee,0
9972,turn chester county blue,0
9973,green party of delaware county pa,0
9974,clinton co dem committee,0
9975,coaltion for real leadership,0
9976,aft-pennsylvania,0
9977,"snell, steve for pa house committee",0
9978,dynegy inc. good government fund,0
9979,"didonato, nicholas j jr friends of",0
9980,"hendricks, rachel friends of",0
9981,regional leaders,0
9982,miller dan friends of,0
9983,rpm international inc manufacturing in america pac dba rpm manufacturing in america pac,0
9984,rural leaders pac,0
9985,citizens for sara,0
9986,the caterpillar inc. employee political action committee,0
9987,re-elect angel cruz for the 180th,0
9988,"washington, craig m com to retain judge                     ",0
9991,voice of housing of chester &amp; delaware,0
9992,58 ward democratic philadelphia,0
9993,lower makefield democratic club 9500217,0
9994,"naylor, dan friends of                                       ",0
9995,moveon.org political action,0
9996,pennsylvania video gaming association pac (pavga pac),0
9997,committee to elect deborah clanfrani,0
9998,"woodruff,dwayne d ",1
9999,roberts for judge,0
10000,"macoretta, john angelo ",1
10001,"mclaughlin, maria",1
10002,jeffery d. wright,1
10003,"brumbach,marissa joan ",1
10004,"wolf,matt s ",1
10005,rosalyn k. robinson,1
10006,m. teresa sarmina,1
10019,excellence in goverment comm,0
10020,"dorney, samantha x ",1
10021,casa- commonwealth association of school administrators,0
10022,bradford county-republican committee,0
10023,"pa com for affordable housing/joseph harcum, treasurer",0
10024,phila dem campaign com of,0
10025,"rodriguez, adam committee to elect",0
10026,mercer county dem women of,0
10027,american insurance association political action committee state individual account,0
10028,mckean county republican,0
10029,ufcw,0
10030,team bream,0
10031,beaver county dem committee,0
10032,"urban engineers, inc. pac",0
10033,friends of ernest lemoncelli,0
10034,"sernell, joseph committee to elect",0
10035,capital region stonewall dems                               ,0
10036,transport workrs union local 234,0
10037,"berringer, aryanna join",0
10038,ellsworth for governor,0
10039,state conservation voters action fund,0
10040,sprint corporation pac                                      ,0
10041,pa reynolds american inc pac               ,0
10042,jpmorgan chase & co. pac,0
10043,"dethomas, joseph friends of",0
10044,phila leadership council                                    ,0
10045,lcv political engagement fund,0
10046,bristol-myers squibb co. employee political advocacy fund for innovation,0
10047,"covestropac, a political action committee of covestro llc",0
10048,"molloy, martin friends of",0
10049,campaign for compassion committee,0
10050,"wilkins, charles friends of",0
10051,friends of diane cornman-levy,0
10052,rep friends of area 4,0
10053,"team to elect lawrence wojcik, jr.",0
10054,"dinniman, andy friends of",0
10055,pa truck pac,0
10056,"mauck, shawn for senate",0
10057,urologists for patients access to care pac (u-pac pac),0
10058,bowl pac (bowling proprietors assn),0
10059,pa society of physician assistants pac (pspa pac),0
10060,pa campground owners pac (pcoa pac),0
10061,(pdfa pac) pa deer farmers association pac,0
10062,(oto pac),0
10063,outdoor advertising association of pennsylvania pac (oaap pac),0
10064,"citizens for smaller government, inc.",0
10065,"t-mobile usa, inc. political action committee (t-pac)",0
10066,edgewood rep com,0
10067,friends of josh camson,0
10068,pa beverage association pac,0
10069,rga pennsylvania 2018 pac,0
10070,"dowling, mathew friends of",0
10071,"applebach, tom friends of",0
10072,"lee, summer friends of",0
10073,"outfront media, inc. political action committee (ofpac)",0
10074,"prospect medical holdings, inc. pac",0
10075,color of change pac,0
10076,rouse for pa,0
10077,joshua nulph for pennsylvania state house of representatives,0
10078,committee to elect frank pryor,0
10079,levdansky for legislature,0
10080,snyder co dem committee,0
10081,ruth mackley democratic club,0
10082,cna citizens for good government,0
10083,gp/np pac,0
10084,sunovion pharmaceuticals inc. good governance fund,0
10085,schuylkill co rep com,0
10086,chester co rep. com of,0
10087,"paphcc (pa assoc plumbing, heating cooling cont)",0
10088,"killough, doug for 53",0
10089,"ruest, pamela a",1
10090,"causer, martin friends of",0
10091,bipart pac/bank of ny mellon corp,0
10092,"walsh, stephanie friends of",0
10093,"hill, ronald friends of",0
10094,"harhart, julie com to elect",0
10095,"wansacz, jim friends of",0
10096,action for pa,0
10097,"kilkenny, sean elect",0
10098,"friends of glick, bryant",0
10099,"hamby, dale  allen ",1
10100,citizens for pier hess,0
10101,friends of alan benyak,0
10102,alan benyak,1
10103,"pace, michael p ",1
10104,"williams, lloyd a friends of",0
10105,amalgamated transit union cope acct vol fund                ,0
10106,"nelson, eric r",1
10107,mark amsdell,1
10108,jarbola for judge                                ,0
10109,michael scott travis,1
10110,"rieger, christian m ",1
10111,"rieger, christian for pennsylvania",0
10112,american dental political action committee,0
10113,"costa, paul  ",1
10114,"mcdowell, latryse friends of",0
10115,pa horse breeder association - pac,0
10116,the committee to elect joe denham,0
10117,"edward joseph denham, do, jd",1
10118,"hall, alan m ",1
10119,kraig william bruder,1
10120,"siviy weldon, denise",0
10121,friends of nick selch,0
10122,"rohanna mcclure, elizabeth l ",1
10123,windstream corporate pac,0
10124,voice of housing of chester/delaware counties,0
10125,friends of greg lucas,0
10126,friends of hans van mol,0
10127,christopher j beichner,1
10128,faccrw (first armstrong county council of republican women c/o myra l. miller,0
10129,carolyn t. comitta,1
10130,committee elect v faunwalker-montgomery,0
10131,local 0433 uwva c/o brian dixon,0
10132,vote for estilow,0
10133,friends to elect mark alterici,0
10134,"joseph wm billotte, ii",1
10135,friends of thaddues kirkland,0
10136,smith committee to elect for state representative,0
10137,john kluck,1
10138,friends of steven jones,1
10139,darryl thomas,1
10140,pottsville city dem com                                     ,0
10141,"holston, jr., joseph d.                                     ",0
10142,school police association - committee for safe schoold,0
10143,campaign for quality schools - pittsburgh,0
10144,"mccabe, william j. for judge now",0
10145,"mcdonald, robert john ",1
10146,"rossi, michael run with",0
10147,"madden, maureen e",1
10148,"reames, andre  ",1
10149,friends of neil,0
10150,"salka, rod friends of",0
10151,"warren,perry s jr",1
10152,"schaefer,elaine paul ",1
10153,pioforpa,0
10154,"rodgers-morrisette, patti friends of",0
10155,"popovich,mary e ",1
10156,jamar izzard,1
10157,mike hanna,1
10158,"hall, allan friends of",0
10159,jonathan a. fritz,1
10160,joanne jackson,1
10161,"charles mrlack, jr.",1
10162,friends of bill coyle,0
10163,friends of ryan gallagher,0
10164,friends for behrens,0
10165,ted smith,1
10166,justin behrens,1
10167,"groff, duane for state assembly",0
10168,"perry, patriots for",0
10169,"snyder, pamela  ",1
10170,lawpac (pa association for justice f/k/a pa trial association),0
10175,friends of patrick leyland,0
10176,kate klunk,1
10177,friends of cheryl scandale murnin,0
10178,friends to elect anthony scalfaro,0
10179,friends of linda weaver,1
10180,jannie l. blackwell,0
10181,"roae, bradley t ",1
10182,"zappala,stephen a ii",1
10183,"torsella ,joseph m ",1
10184,"disanto,giovanni m ",1
10185,"jackson, joanne friends of",0
10186,"hendricks, rachel lynn ",1
10187,"bagdes-canning, michael 2016",0
10188,"iezzi, linda",0
10189,citizens for mark amsdell,0
10190,betsy summers,1
10191,"iezzi,linda l ",1
10192,mark e amsdell,1
10193,"neuman, brandon p ",1
10194,melinda s. fee,1
10195,"nesbit,tedd  c ",1
10196,"sanders, edward friends for state rep",0
10197,"sanders , edward thomas iii",1
10198,"gibbons,jaret a ",1
10199,"hanna, michael  k sr",1
10200,"pounds, bill friends of",0
10201,friends of rick saccone,0
10202,jerri buchanan for senate,0
10203,"emrick, joe committee to elect c/o treas jo ann cardello",0
10204,fred keller,1
10205,friends of charlie klein,0
10206,"dermody, frank",1
10207,york county leadership committee,0
10208,"corbett, tom friend of",0
10209,local 0081 ibew cope fund c/o treasurer richard schraeder,0
10210,friends of bob mcdonald,0
10211,lou jasikoff,1
10212,pa now pac,0
10213,"kirkland, brian friends of",0
10214,"major, sandra j com to elect state rep",0
10215,"butkovitz, alan friends of",0
10216,maxim healthcare services inc political action committee,0
10217,friends of matthew j. darragh,0
10218,"fagan, jimmy friends of",0
10219,armstrong for pa,0
10220,"armstrong, phillips m sr.",1
10221,"micozzie, nicholas friends of",0
10222,damarys fight for fairness,0
10223,friends of john craig hammond,0
10224,friends of larry mullins,0
10225,russ diamond,1
10226,friends of ed flocco,0
10227,kutztown area demotratic club,0
10228,local 0506 leg action comm,0
10229,montgomery county house republican committee,0
10230,coggins for judge,0
10231,"roae, bradley t",1
10232,"zahalsky, andrew j ",1
10233,"dean, nancy friends of",0
10234,neil friends of,0
10235,"zimmer, peter friends of",0
10236,"cernic, ed for senate",0
10237,jay for pa,0
10238,"mcginley, mary for judge",0
10239,exxon mobil coporation pac                                  ,0
10240,friends of bernie oneill,0
10241,friends of daryl metcalfe,0
10242,unisys corporation employees pac                            ,0
10243,"nelson, eric friends of",0
10244,"harris, jordan citizens for",0
10245,"mari, james friends of",0
10246,"mari, james m ",1
10247,"cook-artis, tonyelle friends of",0
10248,"long, jake for the 102",0
10249,pa tha pac (thoroughbred horsemen),0
10250,"boyle, brendan friends of                                   ",0
10251,"savage, lynwood friends for",0
10252,albert baker knoll for pa,1
10253,"stephen a. zappala, ii",1
10254,josh shapiro,1
10255,boscovs pac c/o treasurer dean e. sheaffer,0
10256,"cook-artis, tonyelle  ",1
10257,"pace, michael committee to elect",0
10258,friends of movita c/o theresa thomas,0
10259,friends of jimmie moore,0
10260,"rossi, michael",1
10261,"westrick, martin j committee to elect",0
10262,cecilia houser,1
10263,"lenhart, lester l",1
10264,"gregory,gary ",1
10265,rick. rogers,0
10266,"fritz, jonathan friends of",0
10267,"weaver,linda j ",1
10268,"mahoney, timothy s ",1
10269,"fuller,patrick j ",1
10270,"fuller, patrick friends of",0
10271,"london, jack samuel ",1
10272,"houtz, thomas friends of",0
10273,"griffith, jeffrey w friends of",0
10274,pennsylvanians for union reform pac,0
10275,"kunkel, stephen fager ",1
10276,"nesbit,tedd  c. ",1
10277,"mullen, paul friends of",0
10278,mike turzai,1
10279,"rzucidlo, susan f ",1
10280,"cole, vera friends of ",0
10281,"kunkel, stephen 2016",0
10282,"molloy, martin w ii",1
10283,friends for newland,0
10284,friends of lorraine scudder,0
10285,friends of thomas lukasewicz,0
10286,"pa amusement &amp; music machine association pac(pamma pac) c/o exe. dir., john p. milliron",0
10287,"keffer, barbarann  ",1
10288,"laughlin,daniel j ",1
10289,"lewis,andrew james ",1
10290,"koger, todd elliott ",1
10291,"brown, vanessa l 190",0
10292,friends of jim butt,0
10293,keystone freedom pac,0
10294,tenet healthcare corporation political action committee,0
10295,"hughes, chris friends of",0
10296,"springer, charles e jr",1
10297,"winck, dwight jr for pa senate",0
10298,"francis, ron for congress c/o douglas price, treasurer",0
10299,friends for lorraine scudder,0
10300,john bosha for state senate,0
10301,metlife inc. employees' political participation fund,0
10302,mid-atlantic laborers political league,0
10303,"lytle, gabe elect",0
10304,"cleary, david g ",1
10305,"krueger-braneky,leanne t ",1
10306,lynda j schlegel culver,1
10307,"popovich, mary e ",1
10308,committee to elect tom quiley,0
10309,democrats of crosslands,0
10310,lorraine helen scudder,1
10311,"bikers pac bike pac c/o carol umbenhauer, treasurer",0
10312,friends of jim burns,0
10313,milliron &amp; goodman pac,0
10314,"pa society of physician assistants pac (pspa pac) c/o treas., andrew goodman",0
10315,"pa com for affordable housing/richard clawson, treasurer",0
10316,citizens for affordable housing,0
10317,go to camp comittee,0
10318,lackawanna co rep party,0
10322,"united democratic committee, mt pleasant, scottdale, east huntingdon",0
10323,"york professional firefighters 627, iaff",0
10324,joel sears for state house,0
10325,pa deer farmers association pac (pdfa pac),0
10326,"bikers pac bikepac c/o carol umbenhaver, treasurer",0
10327,sheet metal workers #44 c/o j schmuder,0
10328,r. lee james,1
10329,ryan costello for congress,0
10330,safe families pa pac,0
10331,committee to elect john kluck,0
10332,friends of latryse mcdowell,0
10333,pa amusement &amp; music machine association pac (pamma pac),0
10334,brthrhd locomotive enginrs &amp; trainmen pac fund,0
10335,working america coalition,0
10336,marc gergely,1
10337,"dickie, mccarney &amp; chilcote, p.c.",0
10338,voices of the american federation of government employees,0
10339,judicial excellence matters,0
10340,"fumo, vincent for senate",0
10341,damary fight for fairness,0
10342,afl-cio cope political contributions committee,0
10343,nextgen climate action committee - pa,0
10344,sweeney for state rep 117,0
10345,judith d. hines,1
10346,chira smith,1
10347,rob teplitz,1
10348,bill kortz,1
10349,"gehosky, kenneth elect senator committee",0
10350,melanie patterson,1
10351,"cox,james a jr",1
10352,nova chem inc & nova chem serv inc com for pol act & engage ,0
10353,ortho pac (pa orthopaedic soc)                              ,0
10354,"solomon,jared g ",1
10355,lou lanni 4 pa,0
10356,sheetmetal workers local #44,0
10357,pa republican caucus of county commissioner,0
10358,"keller, mark k ",1
10359,"henderson, donn for state representative",0
10360,"fleck, mike friends of                                      ",0
10361,pennsylvanians for bernie sanders,0
10362,jonathan david keeler,1
10363,geico new york pac,0
10364,"chubb-ace group holdings, inc. political action committee",0
10365,albert baker knoll for pennsylvania,0
10366,pad pac,0
10367,"savage, lynwood",1
10368,"williams, leon",1
10369,jim manderino ii campaign committee,0
10370,james john manderino ii,1
10371,"scarnati, joseph  b.  iii",1
10372,friends of steve elliott,0
10373,"scarnati,joseph  b.  iii",1
10374,committee to re-elect peter j. daley,0
10375,voice of housing of chester &amp; delaware c,0
10376,"friends of kraig bruder, kraig bruder for state representative of 92nd district",0
10377,"storrs, craig committee to elect",0
10378,"pa college of emergency physicians pac (pep pac) c/o treas., john p. milliron",0
10379,citizens to elect mike obrien,0
10380,"pa deer farmers association pac (pdfa pac) c/o treas., harry strawser",0
10381,"pa society of physician assistants pac (pspa pac) c/o treas., john p. milliron",0
10382,perry bentley for state house,0
10383,cmac investment corp employee pac,0
10384,pa horse breeders association - pac,0
10385,friends of christopher cowan,0
10386,committee to elect tom quiglely,0
10387,friends of christopher j beichner,0
10388,valli victory committee,0
10389,"howard, reggie the people's power committee to elect",0
10390,friends of cecilia houser,0
10391,friends of stephanie borowicz,0
10392,committee to re elect sandra j major state rep.,0
10393,emrick joe committee to elect c/o tres. joann cardello,0
10394,susquehanna co. democratic committee,0
10395,friends of david parker,0
10396,mike regan for senate,0
10397,citizens for stan saylor c/o brenda resh,0
10398,movita johnson-harrell,1
10399,chester county democratic womens leadership initiative c/o maryann f. piccioni,0
10400,"hanley, john",0
10401,national federation of independent business/ pa s.a.f.e. trust,0
10402,anthony pugliese,1
10403,joshua shapiro,1
10404,pa assn private stal admin pac,0
10405,friends of mary ann buckley,0
10406,"tallman, will-willftalman.com",0
10407,pa assn private schl admin pac,0
10408,friends of robert bigley,0
10409,friends of frederick weaver,0
10410,friends of cliff glovier,0
10411,clifford glovier,1
10412,johnstown professional firefighters pac,0
10413,greene co republican committee c/o mary sue crayne - treasurer,0
10414,the committee to elect troy m. clawson,0
10415,robert bigley,1
10416,friends of carlwalker metzgar,0
10417,committee to elect joe szpara,0
10418,friends of melody,0
10419,friends of darryl thomas,0
10420,friends of chuck,0
10421,edward thomas sanders iii,1
10422,committee to elect gordon marburger,0
10423,dennis nichols for better government,0
10424,"evankovich, eli  ",1
10425,"salka,rod a jr",1
10426,"keffer,barbarann ",1
10427,"flynn, martin b ii",1
10428,"roae, brad com to elect                                     ",0
10429,pa manufactured housing pac c/o treas: mike sienkiewicz * sienkiewicz holding,0
10430,"urologist for patients aaccess to care pac (u-pac pac) c/o treas., andrew goodman",0
10431,"bowling proprietors association of pa pac (bowl pac) c/o treas., andrew goodman",0
10432,"pa deer farmers accociation pac (pdfa pac) c/o treas., andrew goodman",0
10433,"pa academy of ophthalmology pac (pao pac) c/o treas., andrew goodman",0
10434,"pa academy of otolaryngology pac (oto pac) c/o treas., andrew goodman",0
10435,"outdoor advertising association of pa pac (oaap pac) c/o treas., andrew goodman",0
10436,unitedhealth group inc pac (fed pac)                        ,0
10437,"pa college of emergency physicians pac (pep pac) c/o treas., andrew goodman",0
10438,"pa amusement &amp; music machine association pac (pamma pac) c/o exe. dir., john p. milliron",0
10439,committee to elect fawnwalker-montgomery,0
10440,"butt,james frederick ",1
10441,"tolbert, christine friends of",0
10442,"ward, judith f ",1
10443,"ciresi,joseph p ",1
10444,"mattei, friends for",0
10445,greene co republican committee c/o mary sue crayne: treas.,0
10446,friends of matthew dowling,0
10447,east central house rep com,0
10448,friends of melody fleck,0
10449,committee to elect neale dougherty,0
10450,local 0044 sheetmetal wrkes pol act leag,0
10451,"pard phil pac c/o frank a. rubino, treasurer",0
10456,emerge usa pac pa,0
10457,friends of albert j. dermovsesian,0
10458,"rogers, richard friends of",0
10459,first natl bank of pa pac                                   ,0
10460,"the hartford financial services group, inc pac                          ",0
10461,upper moreland republican assoc.,0
10462,united we can,0
10463,cheryl scandale murnin,1
10464,pennsylvanians for good govt.,0
10465,sierra club pa,0
10466,pa academy of otolarngology pac (oto pac),0
10467,"gregory, gary citizens for",0
10468,thomas j. quigley,1
10469,rosemary brown state rep,0
10470,philadelphia friends for ross feinberg,0
10471,friends of inder bains,0
10472,inderjit singh bains,1
10473,"rodgers morrisette, patti friends of",0
10474,"molloy,martin w ii",1
10475,friends of martin molloy,0
10476,pa society for bariatric surgery pac,0
10477,benepac,0
10478,franklin park rep comm c/o laura coombs,0
10479,pa society of physciains assistants pac (pspa pac),0
10480,green party of allegheny county,0
10481,"popovich, mary e. ",1
10482,"keefer, dawn wetzel ",1
10483,international association of heat and frost insulators and allied workers political action comittee,0
10484,"levy, diane c ",1
10485,"weaver, linda j ",1
10486,"armstrong, phillips m. sr.",1
10487,"armstrong, phillips for pa",0
10488,"fuller, patrick j ",1
10489,"peters, joe friends of                                      ",0
10490,"weismantle, brian 4 pa rep",0
10491,"westrick, martin j ",1
10492,"paulson, gregory  ",1
10493,"garay, brendan anthony ",1
10494,"garay, brendan for pa",0
10495,"local 9 bricklayers &amp; allied craftworkers, c/o treas: norman l. ringer jr",0
10496,maisano 4 senate committee,0
10497,"carnicella, jerry for state senate",0
10498,"hess, pier noll ",1
10499,local 0098 ibew cope (phila)                                ,0
10500,petroleum retailers &amp; auto repair association,0
10501,moshannon valley democratic club,0
10502,"carnicella, gerald s ",1
10503,"iezzi, linda  ",1
10504,"kavulich, michael george ",1
10505,jennifer newland,1
10506,"winck, dwight a jr",1
10507,deluca for legislative committee,0
10508,"snyder,marni jo ",1
10509,mark e. amsdell,1
10510,rosemary brown fr. state rep,0
10511,so. phila pac,0
10512,pennsylvania republican outreach propac,0
10513,nelms for the northeast,0
10514,david a burgerhoff,1
10515,friends of elect anthony scalfaro,0
10516,friends of melanie patterson,0
10517,communitte political action committee pa,0
10518,18th ward democratic executive committe,0
10519,damary's fight for fairness,0
10520,"santoni, dante, jr. for state rep                           ",0
10521,citizens for nate curtis,0
10522,hempfierld area democratic committee,0
10523,"truitt, daniel george sr",1
10524,"harper,scott ",1
10525,brice arndt,1
10526,jay for pa committee,0
10527,lower bucks leadership (200345 pac),0
10528,freinds of cheryl scandale murnin,0
10529,"cornman-levy, diane friends of",0
10530,education management corp employees pac                     ,0
10531,wells fargo &amp; co. new jersey employees good government fund,0
10532,seiu (service emp intl union) d.c.,0
10533,"flocco, ed friends of",0
10534,"brown, john friends of",0
10535,greg rothman,1
10536,richard s. irvin,1
10537,david h zimmerman,1
10538,volunteer for argall,0
10539,thom estilow,1
10540,steve mccarter,1
10541,"gehosky, kenneth  ",1
10542,ernest lemoncelli,1
10543,gene yaw,1
10544,citizens for gary gregory,0
10545,"eich, ed for senate",0
10546,rosemary brown fr. state rep.,0
10547,joe szpara,1
10548,"mattei,dave d ",1
10549,"martin, jim com to elect",0
10550,"dougherty, neale comm to elect",0
10551,"hutchinson, scott com to elect",0
10552,tioga county democratic party c/o treasurer robt. h. wooley,0
10553,team rohanna mcclure,0
10554,friends of drew kreiling,0
10555,denise bedio for office,0
10556,betsy rohanna mcclure,1
10557,friends of christopher j. belchner,0
10558,"houtz,thomas m ",1
10559,anita astorino kulik,1
10560,"fgsm p.c pac c/o treasurer, francis c. rapp, jr.",0
10561,"hamby,dale  allen ",1
10562,"hamby, dale elect",0
10563,friends for kristen phillips-hill,0
10564,smithfield clean water alliance,0
10565,pa diatetic assn (padapac),0
10566,cozen o'connor federal pac,0
10567,friends of patrick edwards,0
10568,committe to elect john kluck,0
10569,duane milne,1
10570,cement masons &amp; plasterers,0
10571,friends of peter t. kobylinski,0
10572,the committee to elect troy m clawson,0
10573,eich for senate,0
10574,"miller, brett r ",1
10575,stephanie borowicz,1
10576,kristin phillips-hill,1
10577,neale dougherty,1
10578,justin m walsh,1
10579,john d. ritter,1
10580,"local 827 i.b.e.w., pac",0
10581,"mccaffery, seamus friends of                                ",0
10582,wayne co builders for afford housing                        ,0
10583,committee to elect rosemary crawford,0
10584,"american airlines political action committee (aa pac"")""",0
10585,"regan,michael r ",1
10586,committee to elect harry enggasser,0
10587,"hanna,michael  k sr",1
10588,democratic jewish outreach pa,0
10589,erie county leadership comm. % tres. barbara j. boyes,0
10590,pa automatic merchandising council mark craney tr,0
10591,committee to elect mike leyda,0
10592,michael krankowski,1
10593,pennsylvanians for jobs,0
10594,"rohanna mcclure,elizabeth l ",1
10595,friends of jody l rebarchak,0
10596,alcoa inc. employees voluntary state and federal political action committee,0
10597,"torsella , joseph m. ",1
10598,barbarann keffer,0
10599,"warren, perry s jr",1
10600,"harper, scott  ",1
10601,"cox, james a. jr.",1
10602,anthony scalfaro,1
10603,matthew dowling,1
10604,"rabb, chris for state representative",0
10605,"ellis, brian l. ",1
10606,"bullock, donna  ",1
10607,friends of jeff griffith,0
10608,marc j. grammes,1
10609,friends for lynwood savage,0
10610,"wolfe, jessica z ",1
10611,committee to reelect sandra major state rep,0
10612,valli victory comittee,0
10613,greg lucas,1
10614,tim murphy for congress,0
10615,"emrick, joe committee to elect c/o tres. jo ann cardello",0
10616,"hoch, lewis",0
10617,friends of kraig bruder,0
10622,"wrona, jason patrick                                        ",0
10623,"manderino, jim ii campaign committee",0
10624,"denbowski, frank b friends of",0
10625,"boyle, brendan  citizens for",0
10626,troy morrow clawson,1
10627,honesty integrity performance committee,0
10628,mary jo white for pa senate,0
10629,committee to elect joe billotte,0
10630,sims4pa,0
10631,chris rabb,1
10632,northeast caucus of pennsylvania democratic party,0
10633,kevin haggerty,1
10634,re-elect angelcruz for the 180th,0
10635,peter t. kobylinski,1
10636,"ward,judith f ",1
10637,domb for council,0
10638,"heckler, committee to re-elect da",0
10639,lancaster city democratic cimmittee,0
10640,duane groff for state assembly,0
10641,york democratic society of,0
10642,"fgsm pc pac c/o treasurer, francis c. rapp, jr., esquire",0
10643,seiu (service employees int union cope,0
10644,deni for da campign committee,0
10645,"kelly, mike for congress",0
10646,committee to elect harry lewis jr.,0
10647,"barbin,bryan e ",1
10648,teladoc inc. political action committee,0
10649,"teva pharmaceuticals usa inc political action committee (teva pac"")""",0
10650,pentecostal clergy political awareness,0
10651,"scalfaro,anthony m iii",1
10652,pennsylvanians for union reform (pfur),0
10653,"kasunic, richard a. camp. com. c/o richard a. kasunic treas.",0
10654,friends of christine fizzano cannon,0
10655,dorsey national fund,0
10656,rice for judge,0
10657,friends of the 35th ward,0
10658,"casa (commonwealth association of school administrators) robin cooper, president",0
10659,friends of rohan hepkins,0
10660,faculty federation pac fund/community college of philadelphia,0
10661,edgewood republican committee,0
10662,104 south republican committee,0
10663,berger and montague state pac,0
10664,john w. herron,0
10665,rothman institute keystone pac,0
10666,"snyder,pamela ",1
10667,"keller,mark k ",1
10668,"mcdonald,robert john ",1
10669,southeast senate leadership pac,0
10670,the committee to elect troy clawson,0
10671,5th ward democratic executive committee,0
10672,logan pac 190 district,0
10673,cindy miller,1
10674,o'brien mike citizens of,0
10675,committee elect v. faun walker-montgomery,0
10676,friends of nancy dean,0
10677,greene county republican committee c/o mary sue crayne: treasurer,0
10678,tobacco &amp; candy pac (tac pac),0
10679,"schaefer, elaine paul ",1
10680,tom mehaffie,1
10681,john d mcginnis,1
10682,stephen a. zappala ii,1
10683,mary ann buckley,1
10684,steven burda,1
10685,mifflin cointy republican committee,0
10686,mc candless republican committee,0
10687,pa deer farmers association pac (pdfa pac) c/o tres. harry strawser,0
10688,"pa society of physician assistants pa (pspa pac) c/o treas., john p. milliron",0
10689,bowling proprieotrs association of pa pac (bpap pac) c/o treas. john p. milliron,0
10690,"pa academy of otolaryngology pac (oto pac) c/o treas., john p. milliron",0
10691,outdoor advertising association of pa pac (oaap pac) c/o treas john p. milliron,0
10692,"mt. lebanon democratic committee c/o geoffrey r. hurd, treas",0
10693,"rabb, christopher m ",1
10694,voice of housing of chester/del. co.,0
10695,d.r.i.v.e chapter 776,0
10696,wyoming county democrat committee,0
10697,"rodgers morrisette, patti a ",1
10698,"birmelin, jerry friends of",0
10699,"gibbons, jaret a. ",1
10700,brett r. miller,1
10701,justin m. walsh,1
10702,jay notarianni,1
10703,"elliott, steve friends of",0
10704,"parker, david friends of",0
10705,racpac,0
10706,"gerlach, jim for congress com",0
10707,"smith, chira for state rep",0
10708,local 0001 bac pac,0
10709,united services automobile assn usaa employee pac           ,0
10710,comcast corporation &amp; nbcuniversal political action committee-usa,0
10711,"digirolamo, joseph com to elect mayor",0
10712,sprint corporation political action committee,0
10713,democratic attorneys general association,0
10714,southwestern energy company pac federal fund,0
10715,mifflin county democratic women's club,0
10716,venango co. council of republican women,0
10717,amadio for commissioner,0
10718,"newland, jennifer friends of",0
10719,tms international corp pac,0
10720,local 0044 sheetmetal workers pol act leag,0
10721,local 0012 metal workers pac,0
10722,"daley, peter j com to elect st rep",0
10723,voice of housing of chester / delaware co.,0
10724,pgh fire fighters local 1 fire pac,0
10725,brad roae,1
10726,"garay,brendan anthony ",1
10727,"paulson,gregory ",1
10728,"selch, nick friends of",0
10729,joseph w. billotte ii,1
10730,local 0542 iuoe oper eng,0
10731,spectra energy corp political action committee (spectra-dcp pac),0
10732,amalgamated transit union cope acct vol fund,0
10733,"blake, john friends of senator                              ",0
10734,"quinn, chris friends of",0
10735,michael j. ciach,1
10736,local 623 teamsters pac,0
10737,ward 04 dem com,0
10738,friends of judy schwank,0
10739,jordan harris,1
10740,central pa republic conference,0
10741,we the people pac,0
10742,"takeda pharmaceuticals america, inc. political action committee",0
10743,"knapp, jim friends of",0
10744,"sinnott, joseph com to elect",0
10745,"wagner, scott for governor, inc.",0
10746,committee to elect carmella jacquinto,0
10747,friends of donad cunningham,0
10748,jenkintown democratic commitee,0
10749,bayada home healthcare pac,0
10750,indian valley democrats c/o stephanie ferreti,0
10751,"pennsylvania academy of nutrition and dietetics, political action committee",0
10752,"mellow, bob friends of",0
10753,bradford co council of republican women,0
10754,"maloney, david m com to elect",0
10755,petri for congress,0
10756,american association for justice political action committee (aaj pac),0
10757,defending our progress,0
10758,fund for a better pennsylvania,0
10759,"corr, michael friends of",0
10760,"arkoosh, val friends of",0
10761,"haste &amp; fries, friends of",0
10762,"rabb, chris for state rep",0
10763,national treasury employees union advocacy committee,0
10764,guy k. bard club,0
10765,ward 31 pac 31 31st ward dem. ex. com,0
10766,dominion resources inc pac                                                ,0
10767,ed cernic jr,1
10768,allentown city democratic comm.,0
10769,"dawkins, jason t ",1
10770,committee to re elect sandra major state rep,0
10771,friends of 14th ward,0
10772,"flynn,martin b ii",1
10773,joe peters,1
10774,the home depot inc. political action committee,0
10775,"tsai, stella com to elect judge",0
10776,pier hess,1
10777,"barker, tim for rep state com",0
10778,"dante santoni, jr. for state representative",0
10779,"mayernik, dave committee to elect",0
10780,seth williams victory committee,0
10781,citizens for chris dietz,0
10782,people for jess johnson,0
10783,francis nelms,1
10784,"keller, mark k",0
10785,"teladoc, inc. political action committee",0
10786,"williams, lloyd allen ",1
10787,"hess, pier citizens for",0
10788,eric nelson,1
10789,robert l. kepics,1
10790,"iezzi,linda ",1
10791,"gregory, gary  ",1
10792,joseph p. ciresi,1
10793,chris pfaff,1
10794,brice d. arndt,1
10795,"hess,pier noll ",1
10796,thomas houtz,1
10797,pa realtors pac                                             ,0
10798,"carnicella,gerald s ",1
10799,republican attorneys general association pa-individual account,0
10800,friends of john j siptroth former representative 189th district,0
10801,bipart pac/ bank of ny mellon corp,0
10802,"pennsylvania motor truck association pac (pa truck pac) c/o treas., kevin stewart",0
10803,restore integrity pa pac,0
10804,friends of jim massey,0
10805,daga pa direct contribution pac,0
10806,citizens watch 2000 pac                                     ,0
10807,james r lee com to elect,0
10808,friends to elect anthony scalforo,0
10809,will f tallman,0
10810,greene co republican committee c/o mary sue crayne-treas.,0
10811,"brown, vanessa friends to elect                             ",0
10812,"boyle, kevin j ",1
10813,tioga county rebublican committee c/o mane seymour,0
10814,teamsters local #30 political action comm.,0
10815,general building contractors assn pac (gsca pac),0
10816,citizens to elect hess state representative,0
10817,edison international civic action committee,0
10818,edison international pac,0
10819,"markosek, joseph for state leg com",0
10820,thomas p. murt,1
10821,papsa (pa assn private schl admin),0
10822,"vicites, vincent friends of",0
10823,citizens for political responsibility,0
10824,new hope solebury republican club,0
10825,local 0433 uwua c/o,0
10826,lower bucks leadership fund #2002345 pac,0
10827,"toohil, tarah com to elect",0
10828,afl-cio cope (erie),0
10829,abington township rockledge borough republican org.,0
10830,friend of jack wagner,0
10831,friends of carla cain,0
10832,the chartwell law pac,0
10833,"trujillo, ken friends of",0
10834,clinton county democratic committee,0
10835,future leaders pac,0
10836,wilmot leadership pac,0
10837,intermountain pac,0
10838,fourth ward democratic committee,0
10839,"western pennsylvania laborers' pac c/o: robert l. kmecak, jr., secretary - treasurer",0
10840,forward pennsylvania pac,0
10841,"parker, cherrelle friends of",0
10842,pepsico inc. concerned citizens fund,0
10843,local 0351 ibew cope fund,0
10844,marisa for pa,0
10845,anthony kyriakakis for judge,0
10846,armtrong county democratic committee,0
10847,friends of w. curlis thomas,0
10848,"iezzi, linda committee to elect",0
10849,"kavulich,michael george ",1
10850,hilton worldwide political action committee,0
10851,citizens for a better norristown                            ,0
10852,argentum&#39;s silver pac,0
10853,"fagan, jimmy j jr",1
10854,"houtz, thomas m ",1
10855,committee to elect marc duome,0
10856,michael m. geiselhart,1
10857,thomas lukasewicz,1
10858,"iezzi, linda l ",1
10859,"english,harold a ",1
10860,"snyder, marni jo ",1
10861,"white, jesse com to elect                                   ",0
10862,"johnson, jestine",1
10863,leon williams,1
10864,"cintron, hector friends of",0
10865,joel sears,1
10866,cement masons and plasterers local 592 pac                ,0
10867,"armstrong,phillips m sr",1
10868,fulton county bemocrat committee,0
10869,ethan demme,1
10870,wells fargo & co pa emp good govt fund                      ,0
12719,"mcgraw, kate  ",1
12720,genworth financial inc pac                                  ,0
12721,"marburger, gordon l",1
12722,casa (commonwealth assoc of school admin),0
12723,"reese, mike friends of committee",0
12724,"buggey, stanley  ",1
12725,natl italian american pac                                   ,0
12726,beaver county democat committee,0
12727,doyle for congress committee,0
12728,belfanti robert rep pac,0
12729,robert clark bennett,0
12730,south central pa mfg good gov. committee,0
12731,central susquehanna builders assoc. pac,0
12732,mv pac,0
12733,perkiomen valley area 15 democrats,0
12734,"griffith, jeffrey w. friends of",0
12735,robert marcoccio,1
12736,commonwealth pac for economic growth,0
12737,new frontier fund,0
12738,jefferson county democratic committee c/o treasurer carole a briggs,0
12739,"bechtold, wanda friends of camp",0
12745,"hahn, marcia friends of",0
12746,kenneth t walker jr,1
12747,peter starr,1
12748,"lewis, andrew james ",1
12751,gordon marburger,1
12752,"brumbaugh, stacey for senate",0
12753,monroe future funds,0
12754,committee to elect kevin flaherty,0
12755,pa society of physician assistants,0
12756,comm to elect brian ellis,0
12757,pa counties for good goverment,0
12758,committee to elect brian j. merdian,0
12759,keystone comeback pac,0
12760,pittsburgh dsa political action committee,0
12761,zeke for judge,0
12762,jen for judge,0
12763,team grant,0
12764,committee for judicial integrity,0
12765,daneri for da,0
12766,committee to elect kathryn waters,0
12767,citizens networking 4 progredd,0
12768,wyoming county dem com,0
12769,friends of robert klock,0
12770,revive pa pac,0
12771,"bloom, stephen for the 199th com",0
12772,jason richey for governor,0
12773,laura wentz for pa,0
12774,securitas security services usa pac,0
12775,the friends of 39b,0
12776,libertarian party of bucks county,0
12777,ridley park republican committee,0
12778,friends of mark grey,0
12779,community political action committee pa,0
12780,friends of sajda purple blackwell,0
12781,friend of bill monahan,0
12782,friends of matt mccullough,0
12783,citizens for smaller government inc,0
12784,joe gale for pennsylvania,0
12785,friends of vicki markovitz,0
12786,"lucas, margaret committee to elect judge",0
12787,"cardamone, andrea for judge",0
12788,committee to elect ryan mergl judge,0
12789,kennedy township republican committee,0
12790,nicole shultz for lt governor,0
12791,progress 2000,0
12792,43rd ward dem executive com,0
12793,david oh,0
12794,committee to elect allen arthur anderson,0
12795,charles a rosenbaum,0
12796,montco limerick democratic committee,0
12797,mark klemmer,0
12798,friends of jim bobeck,0
12799,friends of tony george,0
12800,allegheny co corrections officers pac,0
12801,democracy for all,0
12802,vic stabile for judge,0
12803,pac 1742                                                    ,0
12804,steve irwin for pa,0
12805,paul for pa,0
12806,18th ward democrats,0
12807,allegheny county justice for all,0
12808,glaxosmithkline llc pac (fka smithkline beecham corp pac)   ,0
12809,flyers victory fund                                         ,0
12810,indian american pac of lehigh valley,0
12811,frankling park democratic committee,0
12812,committee to elect kelly bellerby,0
12813,conservative women of the main line,0
12814,nea advocacy fund,0
12815,apex clean energy inc pac,0
12816,"bennington, lisa com to elect",0
12817,erie county democratic party pac,0
12818,marlene f lachman for commons pleas court committee,0
12819,berksaction,0
12820,protectpa,0
12821,newtown democrats,0
12822,friends of claudette williams,0
12823,mattus liberty fund,0
12824,sam for d.a.,0
12825,1515 pac,0
12826,constitution party of a.c.,0
12827,kristen celeste trusty,0
12828,pac local union no 451,0
12829,geishauser for judge,0
12830,south philadelphia pac,0
12831,key-pac c/o robyn thompson,0
12832,committee to elect mayernik,0
12833,state conservation voters action fund - pennsylvania,0
12834,american concrete pavement association pa chapter pac (acpa pac),0
12835,"barrack, rodosamp; bacine state pac",0
12836,pennsylvania republican outreach pac,0
12837,babst calland clements & zomnir pc political action committee,0
12838,"bruder, kathleen",0
12839,national taxpayers union state victory fund,0
12840,fayette co. republican committee,0
12841,friends of tract pennycuick,0
12842,committee to elect john weinrich ,0
12843,pa independent oil &amp; gas assn,0
12844,cenpenn pac,0
12845,friends of joe flood,0
12846,gertrude stein political club of greater pittsburgh,0
12847,genworth financial inc and enact political action committee,0
12848,indian valley democrats c/o anthony j. cia fardoni,0
12849,women for the the future pittsburgh,0
12850,tamara s. stine,0
12851,kevin f. kelly judicial retention committee,0
12852,"john p. capuzzi, sr. judicial retention committee",0
12853,kathrynann w. durham judicial retention committee,0
12854,spiros e. angelos judicial retention committee,0
12855,g. michael green judicial retention committee,0
12856,mimi legro,0
12857,"plumstead gop harry ferguson, treasurer",0
12858,smart local 44 sheet metal workers pal,0
12859,friends of osmer deming,0
12860,dawood engineering pac,0
12861,"paphcc (pa association of plumbing heating cooling contractors, inc.",0
12862,leader of the pac 2022,0
12863,capozzi adler pac,0
12864,chrissy houlahan for congress,0
12865,vgts4pataxes,0
12866,pa independent oil &amp; gas assn - pioga pac,0
12867,pa future fund,0
12868,dnc services corp. /democratic national committee,0
12869,mkkeller pac,0
12870,mercer co dem com,0
12871,committee to elect mcconnell judge,0
12872,bender for judge committee,0
12873,friends of marty flynn,0
12874,deb truscello for judge,0
12875,right track chester county,0
12876,friends of ken bach,0
12877,"pennsylvania committee for affordable housing/jill pento, treasurer; richard clawson, assist",0
12878,"aqua america, inc. political action committee",0
12879,civil justice reform pac,0
12880,"albert, wade friends of",0
12881,"engie north america, inc. pac (ena pac)",0
12882,friends of mark j. moore,0
12883,reilly. andrew j. esq,0
12884,the pilots' association for the bay and river delaware pac,0
12885,friends of john b. lewis,0
12886,exxon mobil corporation political action committee (exxonmobil pac),0
12887,bgaf fund for growth pac,0
12888,pa insurance pac (pipac)                                    ,0
12889,friends of robb luther,0
12890,laborers local 1174 pol. action,0
12891,ridley twp campaign fund,0
12892,patrick for justice,0
12893,judge brobson for supreme court,0
12894,local 0044 sheetmetal works pol act leag,0
12895,laborers local 1174 pol action com,0
12896,"kelly, brian w.                                             ",0
12897,citizen for a better warminster,0
12898,"kirkland, thaddeus friends of                                ",0
12899,friends of jannie blackwell,0
12900,meagher for judge committee,0
12901,vistra employee political action committee of vistra corp.,0
12902,pennsylvanians for the disabled,0
12903,bring people together,0
12904,major for pa,0
12905,friends of jeff payle,0
12906,keystone republicans for visionary change,0
12907,susquehannacountyrepublicancommittee,0
12908,rock time capital,0
12909,york pac - york county chamber of commerce,0
12910,leaders for newtown borough,0
12911,pa ski pac,0
12912,pennsylvania for well qualified judges,0
12913,the committee to elect kerstetter for judge,0
12914,friends of stacy wallace,0
12915,the center pac,0
12916,judge spurgeon for commonwealth court,0
12917,restore the dream pac,0
12918,"santarsiero, steve for state senate ",0
12919,friends of tiffany sizemore,0
12920,friends of jason cervone,0
12921,"friends of charley martin, 2010451",0
12922,marlene 4 senate,0
12923,arora for judge,0
12924,for-ward pac,0
12925,betsy wahl for judge,0
12926,committee to re-elect jay costa c/o gay costa treas.,0
12927,moving central dauphin schools forward,0
12928,baldwin borough democratic organization,0
12929,moving fairview forward,0
12930,moving derry township schools forward,0
12931,proven justice,0
12932,gothie for judge,0
12933,the people for kearni,0
12934,friends of thom welby,0
12935,friends of christina hale,0
12936,represent pac (state),0
12937,salavantis for judge,0
12938,jessel costa for judge,0
12939,pj redmond for judge,0
12940,leone for pa,0
12941,usacs pac,0
12942,keystone taxpayers unite,0
12943,peg pac,0
12944,flaherty for judge,0
12945,pa oil marketers (pompac),0
12946,remember parkhouse,0
12947,"borski, maggie friends of",0
12948,friends of mike giannetta,0
12949,local 0081 i.b.e.w. cope account,0
12950,swatara township republican committee,0
12951,tinicum township republican finance committee c/o tammy bucol,0
12952,movement voter pac (iec),0
12953,"munroe, brian better bucks government",0
12954,mvp pa pac (pac),0
12955,vote the ridge,0
12956,committee to elect gina florez for judge,0
12957,committee to elect nicola henry-taylor,0
12958,pa-67 strong pac,0
12959,"hdr, inc. employee owners pac",0
12960,friends of paul prescod,0
12961,abby major,1
12962,"hreha, andrew  ",1
12963,"frank c. prazenica, jr.",1
12964,friends of tarik khan,0
12965,marshall j. piccinini,1
12966,john j trucilla,1
12967,john j. trucilla,1
12968,charles saylor,1
12969,thomas g. parisi,1
12970,jeffrey k sprecher,1
12971,kurt b. geishauser,1
12972,"gavin, james",1
12973,"nadirov, catherine",1
12974,"deming, osmer  ",1
12975,berks co rep com                                            ,0
12976,tina boyd for judge,0
12977,alexandra kokura kravitz,1
12978,gina force,1
12979,"dougherty, patrick  ",1
12980,"dougherty, patrick",1
12981,thomas m. bianco,1
12982,patrick dougherty,1
12983,patrick dougherty for judge 21,0
12984,committee to elect christopher welch judge,0
12985,travis w. livengood,1
12986,christopher m. gebhard,1
12987,mcmaster for pa 48,0
12988,friends of david brown,0
12989,joanne murphy,1
12990,"leonard g. brown, iii",1
12991,kimberly j. simon-pratt,1
12992,zeke rediker,1
12993,jeff grimes,1
12994,"pratt, kimberly",1
12995,kimberly simon-pratt,1
12996,jesse pettit,1
12997,gary gilman,1
12998,joyce a hatfield - wise,1
12999,schmotzer for state representative,0
13000,thom welby,1
13001,"flaherty, bonnie",1
13002,bonnie flaherty,1
13003,"phillips, a nicole",1
13004,richard p. haaz,1
13005,thomas c. branca,1
13006,friends of nicole phillips,0
13007,holston for judge,0
13008,friends of chris cerski,0
13009,murrysville export republican committee,0
13010,jeffrey b. engle,1
13011,kathryn waters,1
13012,la tasha c. williams,1
13013,latasha c. williams,1
13014,kathryn l. waters,1
13015,mcquillan for judge committee,0
13016,engle for judge,0
13017,"smith, suzanne s ",1
13018,joseph n. gothie,1
13019,mary walsh dempsey,1
13020,nisha arora,1
13021,"ware, paul j ",1
13022,mary walsh dempsey for judge,1
13023,vito p. geroulo,1
13024,andrea marceca strong,1
13025,joseph gothie,1
13026,suzanne s. smith (court of common pleas - york county),1
13027,"stambaugh,steve ",1
13028,stambaugh for judge,0
13029,committee to elect suzanne s smith york co judge,0
13030,soloski for governor,0
13031,friends of megan sullivan,0
13032,friends of judge dumas for commonwealth court,0
13033,libertarian party of beaver county,0
13034,cocalico democrats,0
13035,clinton county democratic women political action committee,0
13036,springfield forward,0
13037,rural caucus pa dems,0
13038,whitney for east penn,0
13039,ward 56 dem com friends of                                  ,0
13040,ridley township republican organization,0
13041,black women for a better education,0
13042,venango county republican committee,0
13043,friends of chris hall,0
13044,hempfield area rep com,0
13045,amerisourcebergen corporation associates pac (ab associates pac),0
13046,luso pac,0
13047,venango county council of republican women,0
13048,central montco progress pac,0
13049,vote mullen,0
13050,22nd ward republican executive committee,0
13051,lancaster county pro-life committee,0
13052,erie county bar association judicial plebiscite committee,0
13053,murrysville export democratic club,0
13054,"kranz, w hannah",0
13055,area 12 republican committee of chester county,0
13056,friends of matt cresta for judge,0
13057,bucks co dem com                                            ,0
13058,committee to elect amanda hammock,0
13059,"post &amp; schell, p.c., pac",0
13060,dist 143 dem assembly (new),0
13061,plumstead gop,0
13062,joe d'orsie,0
13063,citizens for christopher freind,0
13064,sinatra judge,0
13065,friends of miles arnott c/o emiline weiss,0
13066,"loeper, joseph f. (lob)                                     ",0
13067,indiana armstrong central labor council,0
13068,palmyra first,0
13069,q pac c/o treasurer arthur d martinucci,0
13070,rossi for pa house,0
13071,pennsylvania young republicans,0
13072,friends of lori hackenberg,0
13073,repko for judge,0
13074,friends of george a heym,0
13075,lackawanna county democratic committee,0
13076,476 pac,0
13077,"singel, mark",0
13078,better chester county pac,0
13079,republican committe of lower merion and narberth,0
13080,north penn republican committee,0
13081,life pac,0
13082,friends of linda bobrin,0
13083,trappe's hometown team,0
13084,"committee to re-elect jay costa c/o treasurer, guy costa",0
13085,cdm smith pennsylvania pac,0
13086,"eller, timothy",0
13087,"longenecker, thomas",0
13088,western pennsylvania liberty pac,0
13089,afscme council 3,0
13090,friends of steve schlauch,0
13091,local 32bj service employees international union american dream political action fund,0
13092,chris rabb for the people,0
13093,mscpac,0
13094,pgh sustainability pac,0
13095,empower pa ,0
13096,friends of gwendolyn stoltz,0
13097,"godshall, robert friends of",0
13098,friends of meredith buck,0
13099,diversifield gas &amp; oil corporation pac,0
13100,pa clean water action vote environment,0
13101,gun owners of america inc political victory fund,0
13102,gun owners of america inc committee,0
13103,schultz for judge,0
13104,colleen for pa,0
13105,friends of bryant glick,0
13106,pa real estate investment trust pac,0
13107,thomson rhodes &amp; cowie pc pac,0
13108,people 4 pennsylvania,0
13109,friends of tom murt,0
13110,mccaffery for pennsylvania superior court,0
13111,zeigler for a better tomorrow,0
13112,friends of gail newman,0
13113,protect &amp; elect,0
13114,frank scavo,0
13115,friends of pam brown margolis,0
13116,cna citizens for good govt                                  ,0
13117,"innamorato, sara friends of",0
13118,"varischetti, nick",0
13119,ceasefire pa                                                ,0
13120,cemex inc employees  pac                                               ,0
13121,international union of painters and allied trades political action together political committee - pa,0
13122,friends of pier hess graf,0
13123,"costa, paul for st rep",0
13124,"sabatina sr., john friends of",0
13125,the mantua/powelton republican committee,0
13126,uaw vcap c/o ray curry,0
13127,the philadelphia county republican committee,0
13128,the mantua republican committee,0
13129,the powelton village republican committee,0
13130,pennsylvania for good government,0
13131,"novolex holdings, llc responsible government fund",0
13132,make pa great again,0
13133,dauphin county democratic values pac,0
13134,friends of ilan zur pac,0
13135,friends of mark m. gillen,0
13136,west phila. citizens,0
13137,"youngblood, rosita com to elect",0
13138,bikerspac bikepac c/o carol umberhauer treasurer,0
13139,toohil for judge,0
13140,com for free enterprise,0
13141,local #81 i.b.e.w. c/o treasurer michael mcdermott,0
13142,crawford co rep com,0
13143,committee to elect la tasha c williams,0
13144,orange wave for gun safety pac,0
13145,phila jt board victory pac,0
13146,"dando, william ",0
13147,chermak for pa,0
13148,smithson mary k. committee to elect,0
13149,friends of dominick manetti,0
13150,dana 4 pa,0
13151,friends of paul takac,0
13152,republican committee of oakdale,0
13153,friends of deluca for judge,0
13154,national federation of independent business pennyslvania political action committee,0
13155,bringing america together pac,0
13156,coterra energy inc. political action committee,0
13157,fmc corporation good government program,0
13158,beaver co dem com                                           ,0
13159,peruto for da,0
13160,harrisburg regional chamber pac,0
13161,coalition for pa&amp;#39;s future,0
13162,friends of jeff rocco,0
13163,pennsylvania psychiatric society pac,0
13164,gleene co. republican committee,0
13165,mccrw,0
13166,republican committee of lancaster,0
13167,bikespac bikepac c/o carol umbenhauer treasurer,0
13168,friends of gene yaw,0
13169,allegheny freedom works,0
13170,steele for pa,0
13171,golgowski bruce friends of c/o treasurer: linda jackson,0
13172,"molony, dave friends of",0
13173,friends of angela reese,0
13174,mariah fisher,1
13175,"luther, robb",1
13176,leslie rossi,1
13177,"malkin, brian samuel friends of for judge",0
13178,paul ware for judge,0
13179,john c. tylwalk,1
13180,john c tylwalk,1
13181,judge charles m. miller,1
13182,julie a. werdt,1
13183,christina hale,1
13184,"hobbs, christopher",1
13185,"conville, james  ",1
13186,charles m. miller,1
13187,julie werdt,1
13188,james p goodman,1
13189,"judge miller, charles, m.",1
13190,judge james p. goodman,1
13191,sibert for judge,0
13192,eastern schuylkill dems                                     ,0
13193,friends of james conville,0
13194,"green hawkins, amanda for judge",0
13195,friends of judge dumas for commonwealth court of pa,0
13196,committee to elect judge sierra street,0
13197,brian l. kerstetter,1
13198,lori r. hackenberg,1
13199,carlos rodriguez,1
13200,maraleen shields,1
13201,"jarrah, eman h ",1
13202,"caffrey, tom  ",1
13203,"mulqueen, patricia fuentes",1
13204,"capehart, tom  ",1
13205,"mulqueen, patricia fuentes ",1
13206,"cohen, zachary  ",1
13207,friends of lisa middleman,0
13208,patrick sweeney for judge,0
13209,giuseppe rosselli committee to elect for judge,0
13210,chuck porter for judge,0
13211,friends of mik pappas,0
13212,the committee to elect alyssa cowan for judge,0
13213,sinatra for judge,0
13214,jimmy for judge,0
13215,friends of dan k for judge,0
13216,vote watson 4 judge,0
13217,andy szefi for judge,0
13218,keep judge beemer committee,0
13219,jessel costa iii,1
13220,"korbel, sabrina",1
13221,"mission critical partners, inc pac",0
13222,committee to elect richard ernsberger,0
13223,"sullivan , megan  ",1
13224,john t. bender,1
13225,the honorable mary jane bowes,1
13226,renee cohn jubelirer,1
13227,kevin brobson,1
13228,drew crompton,1
13229,"dumas, lori a ",1
13230,ren'ee cohn jubelirer,1
13231,patricia mccullough,1
13232,sierra street,1
13233,jill beck,1
13234,julie werdt for judge,0
13235,michael a. george,1
13236,joffie pittman iii,1
13237,david ritter,1
13238,rashid santiago,1
13239,douglas g. reichley,1
13240,jarrah for judge,0
13241,"murphy, joseph patrick ",1
13242,wrenna watson,1
13243,"pappas, mik  ",1
13244,matthew rogers,1
13245,nicola henry-taylor,1
13246,thomas p. caulfield,1
13247,pauline calabrese,1
13248,dean a. birdy,1
13249,lisa g middleman,1
13250,"hafer, barbara friends of                                   ",0
13251,guy for governor,0
13252,"lumen technologies, inc. political action committee",0
13253,mayernik dave committee to elect,0
13254,friend of david j gabauer,0
13255,mercer county dem. com.,0
13256,sga pac,0
13257,uhs good government fund,0
13258,"transcanada usa services, inc. pac (tc pac)",0
13259,"atkins us holdings, inc. pac",0
13260,gateway health associate poltical action committee                                    ,0
13261,pa state pipe trades assoc pac,0
13262,zeneca inc. political action committee (azpac),0
13263,friends of michelle schmidt,0
13264,sister district project pennsylvania,0
13265,for a better pa fund pac,0
13266,ruggieri for judge,0
13267,dist 154 dem party of,0
13268,berks co com for affordable housing,0
13269,republican women of the main line,0
13270,the pac for america's future - pa,0
13271,riverwards area democrats,0
13272,friends for doc clements,0
13273,carbon co rep com,0
13274,macy's inc. retail issues fund,0
13275,rossman for pa,0
13276,upper &amp; lower salford democrats,0
13277,women judges pac,0
13278,committee to elect mary k. smithson,0
13279,pa health care leadership pac,0
13280,associates of pa pac (appac),0
13281,committee to elect judge marshall piccinini,0
13282,air products pa pol alliance                                ,0
13283,the pac for america&#39;s future-federal ,0
13284,"keenan, mary m (lob)",0
13285,capozzi adler pac c/o jaclyn tran,0
13286,jeff grimes for judge,0
13287,kdpf pac(kozloff diener payne fegley)                       ,0
13288,concord republican pty,0
13289,friends of rick hosking,0
13290,capozzi adler pac c/o christina mahady,0
13291,montgomery county council republican women,0
13292,friends of mark j moore,0
13293,committee to elect marc daffner,0
13294,pa manufacturing housing pac c/o treasurer: dalane eisenhart,0
13295,mercer county democrat comm.,0
13296,friends of michael c. lambert,0
13297,depasquale for pa,0
13298,"dickie, mccamey &amp; chilcote",0
13299,pa federation of sportsmen,0
13300,citizens for ch frederickson c/o treas janice b frederickson,0
13301,north east central alliance (necra),0
13302,committee to elect alexis barbieri,0
13303,commonwealth leaders cup,0
13304,friends for denise maris,0
13305,joe swartz for lower allen,0
13306,lyme disease alliance of pa,0
13307,brad moss for judge c/o carl s. primavera klehr harrison,0
13308,bedminster and dublin republican club,0
13309,elect judge denis p. cohen,0
13310,realtors assn metro pgh pac - ramp pac,0
13311,newtown borough leaders for,0
13312,mccloskey for judge,0
13313,deja for pa,0
13314,let's go with yetsko - steve yetsko,0
13315,"macpete, we back jack",0
13316,dan meuser for congress,0
13317,nichole m. thompson for district judge,0
13318,"kronenberg, amy",0
13319,"geo group inc. pac, the                                     ",0
13320,citizens for chris frye,0
13321,new york life insurance company political action committee,0
13322,friends of maria p. donatucci,0
13323,committee to elect frank bernhardt,0
13324,rose valley democratic committee,0
13325,"blaylock, frazier",0
13326,nicholas for pa,0
13327,satellite broadcasting &amp; comm assoc of america pac,0
13328,keeping america competitive pac,0
13329,zach pac,0
13330,friends of sam mirarchi,0
13331,"shade, russ friends of",0
13332,friends of dom costa,0
13333,pa alliance jobs &amp; energy community action network,0
13334,pennsylvania conservative energy forum political action committee,0
13335,friends of mike ksiazek,0
13336,julio guridy for mayor,0
13337,area 17 republican committee,0
13338,friends for kathy barnette,0
13339,cigna corpation employee political action committee                                        ,0
13340,bowl pac (bowling proprietors assn)                         ,0
13341,capital region stonewall dems,0
13342,community committed,0
13343,liberty over bureaucracy,0
13344,blumling &amp; gusky pac,0
13345,friends of andrew hayman,0
13346,black progress political action committee,0
13347,215 people's alliance,0
13348,financial services pol com,0
13349,psna pac (pa state nurses assn.),0
13350,friends of brian o'neill,0
13351,central pennsylvania for berrier,0
13352,republican committee indiana township,0
13353,american real voice pac,0
13354,friends of jose rosado,0
13355,northeast philadelphia democrats state,0
13356,northwest political alliance,0
13357,reform party of pa c/o - thomas w rake,0
13358,friends of sean quinlan,0
13359,transport workers union of america political contributions committee,0
13360,petroleum retailers &amp; auto repair assn.,0
13361,pennslyvania automotive association political action committee,0
13362,greene co. republican committee,0
13363,east pennsboro dem club                                     ,0
13364,chris chermak,1
13365,steve leskinen,1
13366,ann marie wheatcraft,1
13367,"redmond, pj  ",1
13368,"rovito,alita ",1
13369,"mincarelli, lou  ",1
13370,lou mincarelli,1
13371,tony verwey,1
13372,"barraza,carlos ",1
13373,"mincarelli, lou friends of",0
13374,"rovito, alita  ",1
13375,deborah krull,1
13376,spiros e. angelos,1
13377,john p. capuzzi sr.,1
13378,atinuke b. moss,1
13379,deborah truscello,1
13380,kathrynann w. durham,1
13381,g. michael green,1
13382,kevin f. kelly,1
13383,michael ruggieri,1
13384,tinu moss,1
13385,"santarelli, raymond",1
13386,"santarelli, raymond  ",1
13387,"truscello, deborah",1
13388,santarelli for judge,0
13389,joe kubit,1
13390,"yeager, s michael",1
13391,"vanasdale,jen gv gilliland ",1
13392,richard a. goldinger,1
13393,friends of joe kubit,0
13394,william caye,1
13395,nicola henry - taylor,1
13396,bruce r. beemer,1
13397,mark flaherty,1
13398,"malkin, brian samuel ",1
13399,richard ernsberger,1
13400,"watson, wrenna  ",1
13401,"daniel j. konieczka, jr",1
13402,david lee spurgeon,1
13403,"neft, bryan",1
13404,timika lane,1
13405,"dumas,lori a ",1
13406,"mclaughlin, maria   ",1
13407,paula patrick,1
13408,caffrey for judge committee,0
13409,kathleen stirba for judge,0
13410,amy zanelli for judge,0
13411,friends of tim brennan ,0
13412,"street, sharif friends of                                   ",0
13413,sabrina korbel,1
13414,daniel j konieczka jr,1
13415,"howsie, elliot",1
13416,r. anthony deluca,1
13417,richard l. weiss,1
13418,tiffany sizemore,1
13419,chelsa wagner,1
13420,giuseppe rosselli,1
13421,jason j cervone,1
13422,marc daffner,1
13423,elliott howsie,1
13424,"porter, chuck",1
13425,citizens for joyce hatfield-wise,0
13426,goldinger for judge,0
13427,friends for john malinchok,0
13428,"fabius, michael",0
13429,the honorable alexander p. bicket,1
13430,alexander p. bicket,1
13431,randy todd,1
13432,"daniel j. konieczka, jr.",1
13433,ilan zur,1
13434,patrick a. sweeney,1
13435,elliot howsie,1
13436,lisa middleman,1
13437,andy szefi,1
13438,rosemary crawford,1
13439,daniel j. konieczka,1
13440,upper & lower salford democrats ,0
13441,christopher g. hauser,1
13442,"grine, jonathan d ",1
13443,committee to elect nathan covington for state senate pa-22,0
13444,"covington, nathan  ",1
13445,"momasso, janine d",0
13446,elect cateria r mccabe judge,0
13447,indiana-armstrong central labor council,0
13448,republican national hispanic assembly of pa,0
13449,"dickle, mccamey &amp; chilcote political action committee",0
13450,fulton colunty republican committee,0
13451,"kasunic, richard a. campaign comm c/o richard a. kasunic, treas",0
13452,shipley eneregy pac,0
13453,american conservative union pac,0
13454,cleveland-cliffs inc. political action committee,0
13455,friends of jared solomon,0
13456,sims 4 pa,0
13457,jacobs engineering group inc. political action committee (jacobs pac),0
13458,mayernik committee to elect,0
13459,"ksiazek, mike friends of",0
13460,"barrack, rodos &amp;amp; bacine state pac",0
13461,"valli, dawnlyn victory committee",0
13462,greater pennsylvania comeback,0
13463,friends of mary f. rinaldi,0
13464,blair county second amendment coalition,0
13465,friends of will gross,0
13466,jenkintown rep com,0
13467,berksaction pac,0
13468,chelsa wagner for judge,0
13469,the democratic society of york,0
13470,the new 66th ward republican committee,0
13471,martell for the people,0
13472,custom pac c/o treasurer james b. ohm,0
13473,"marks, bruce frends of",0
13474,dem womens#39;5 forum of bucks co,0
13475,jobs america,0
13476,friends of jake george,0
13477,adulting together,0
13478,committee to elect robert s. andrews,0
13479,jason rubin,0
13480,friends of samantha pheiffer,0
13481,lehigh valley democratic progressive coalition,0
13482,friends of greg moreland,0
13483,"jneso, district council 1, iuoe-afl-cio",0
13484,exploratory committee of shawn berger for governor,0
13485,brandywine valley democrats - zone 4,0
13486,friends of leah duncan,0
13487,friends of peters twp,0
13488,blue atlas project,0
13489,fifth third bancorp pac,0
13490,charlie for governor,0
13491,retail. wholesale &amp; department store union,0
13492,wendy fink for pa,0
13493,"kasunic, richard a. campaign comm. c/o richard a. kasunic, treasurer",0
13494,kwbh pac,0
13495,keystone alliance for progress,0
13496,friends of gabe lerman,0
13497,friends of michele hangley,0
13498,westmoreland bar retention committee for judges bononi and scherer,0
13499,united assoc political,0
13500,friends of pete weeks pac,0
13501,finnspiration pac,0
13502,pennsylvania pac,0
13503,friends of jarrett coleman,0
13504,friends of anthony deluca jr,0
13505,kenney pac,0
13506,township forward,0
13507,friends of tracey gordon,0
13508,national democratic law enforcement association,0
13509,feldstein grinberg lang &amp; mckee formerly fgsm pc treasurer francis raff,0
13510,"latsha davis &amp;amp; mckenna, pc pac",0
13511,committee to elect delisio judge,0
13512,"hauser, john friends of",0
13513,"coder, kathy voice for pa",0
13514,genentech inc. political action committee (genenpac),0
13515,"tiboni, brian j     lob                                     ",0
13516,"campbell, mark (lob)",0
13517,"high, jason",0
13518,cumbeland county leadership pac,0
13519,somerset county leadership committee,0
13520,king for state senate,0
13521,mvp pa pac,0
13522,"smith, daniel for hd12",0
13523,friends of laura dennis,0
13524,first capital democratic pac,0
13525,vote for verwey for judge,0
13526,local 44 sheet metal worker pal,0
13527,pennsylvania for the disabled,0
13528,team kate for judge,0
13529,the pilots association for the bay and river delaware pac,0
13530,civil justice,0
13531,the red brick committee,0
13532,smart local 44 sheetmetal workers pal,0
13533,local 827 ibew pac,0
13534,eastern lancaster co. republican pac,0
13535,pa automatic merchandising council mark craney,0
13536,friends of stefanie salavantis,0
13537,pa motor truck association pac (pmta pac),0
13538,pennsylvania academy of ophthalmology pac (pao pac),0
13539,pennsylvania college of emergency physicians (pacep pac),0
13540,afscme local 1739 pac,0
13541,"committee to re-elect jay costa c/o guy costa, treasurer",0
13542,lower paxton twp rep com,0
13543,good neighbor political action committee,0
13544,friends of mariah fisher,0
13545,friends of bob solfanelli,0
13546,pa towing assn,0
13547,friends of brian cutler,0
13548,friends of chris gebhard,0
13549,harrisburg strong pac,0
13550,hobbs for judge,0
13551,thornbury township republican party,0
13552,norwood democratic committee,0
13553,bpw pa pac,0
13554,anheuser-busch companies llc political action committee,0
13555,mon valley change,0
13556,fayette county democratic committee,0
13557,ila local 1291 pac,0
13558,bradford county libertarian committee,0
13559,venango county republican com,0
13560,pregressive women of nepa,0
13561,"planned parenthood action fund inc pac, dba planned parenthood federal pac",0
13562,prime ae federal pac,0
13563,"committee to elect frank m. felici, jr.",0
13564,buzzi unicem usa inc pac,0
13565,friends of brian gralnick,0
13566,thomas a kauffman for judge committee,0
13567,mercer co. dem. comm.,0
13568,friends of priscilla brandon,0
13569,angela grant for pa lt governor,0
13570,burns white llc pac,0
13571,brian fitzpatrick for all of us,0
13572,sue helm,0
13573,libertarian party of lebanon county pa,0
13574,area ii republican committee,0
13575,papsa - pac,0
13576,coatesville democrats zone 20,0
13577,cortez for judge campaign,0
13578,lycoming county libertarian committee,0
13579,chadds ford dem party,0
13580,norwood for 6th district,0
13581,kara scott,0
13582,corman for governor,0
13583,committee to elect jim costello,0
13584,berksaction pac                                             ,0
13585,bethel park republican party,0
13586,strong public schools pittsburgh,0
13587,friends of jesse pettit,0
13588,craig levin for judge,0
13589,yorgey- girdy for philly,0
13590,kamau for judge,0
13591,friends of monica gibbs,0
13592,friends of dan sulman,0
13593,turner for judge pac,0
13594,yorgey-girdy for philly,0
13595,"dow, laurie friends of for judge",0
13596,moran for judge,0
13597,bruce beemer,1
13598,lisa middle man,1
13599,"watson, wrenna",1
13600,anthony deluca,1
13601,clint kelley,1
13602,"porter, chuck  ",1
13603,george heym,1
13604,"flaherty, brian d ",1
13605,"cowan, alyssa  ",1
13606,tiffany e. sizemore,1
13607,"shuter, david c. com to elect judge",0
13608,national fraternal order of police pac,0
13609,george twardy,1
13610,michael c. lambert,1
13611,george twardy *,1
13612,tamika washington,1
13613,"barish, wendi",1
13614,caroline turner,1
13615,"sulman, daniel r ",1
13616,"mccabe, cateria r ",1
13617,"levin,craig ",1
13618,"kamau, nick  ",1
13619,angelo foglietta,1
13620,mark p flaherty,1
13621,black wall pa pac,0
13622,leanne l. litwin,1
13623,"hall, chris  ",1
13624,"wright, edward c ",1
13625,"hope, christine m ",1
13626,deborah canty,1
13627,"yorgey-girdy, greg  ",1
13628,betsy wahl,1
13629,rose marie defino-nastasi,1
13630,michele hangley,1
13631,"kamau, nick",1
13632,mark j. moore,1
13633,judge denis p. cohen,1
13634,"john p. sabatina, jr.",1
13635,doyle for congress,0
13636,friends of steve corr,0
13637,coalition for pa&amp; #39;s future,0
13638,bradford woods republican committee,0
13639,ward 59 dem com,0
13640,ward 09 dems of phila,0
13641,philadelphia federation of teachers comm to support,0
13642,committee to elect don robertson,0
13643,friends of tarah probst,0
13644,red lion home care creates jobs pac,0
13645,friends of joe waltz,0
13646,punxsutawney area republican,0
13647,progress pa pac,0
13648,yinzvote pac,0
13649,citizens for tracy roman,0
13650,northeast republican caucus pac,0
13651,dist 145 assembly dem org,0
13652,leadership for educational equity-pennsylvania pac,0
13653,pafp pac (pa acdmy family physicians),0
13654,cypress solar pa pac,0
13655,"tucker, kevin lob",0
13656,"windstream holdings ii, llc political action committee",0
13657,coleman for pa,0
13658,change pa pac,0
13659,allegheny com for affordable h,0
13660,associated builders and contractors of wpa,0
13661,pa interested citizens pac c/o denis w. payne asst. treasurer,0
13662,friends of jonathan kassa,0
13663,schuylkill bar pac,0
13664,friends of stephen paccione,0
13665,robinson bill comm. to elect,0
13666,rpm international inc. manufacturing in america pac dba rpm manufacturing in america pac,0
13667,alexandra kokura kravitz for judge,0
13668,"szekely, andy friends of",0
13669,"doyle, mike friends to elect",0
13670,friends of tedi kotori ,0
13671,the keystone reckoning project,0
13672,reichley for judge,0
13673,asbestos heat & frost insulators pac,0
13674,back to school pa,0
13675,keystone taxpayers united,0
13676,abington twp. rockledge borough republican comm. (atro),0
13677,54th ward democratic executive committee,0
13678,prazenica for pa,0
13679,women for the future of pittsburgh,0
13680,"bruder, katheleen ",0
13681,friends of judge mccullough,0
13682,helen b. hughes federation of dem women,0
13683,dean birdy for judge,0
13684,hatboro rep organization,0
13685,keep jobs in the usa,0
13686,"frank, gale, bails, murcko, pocrass, p.c. pac",0
13687,black women for better education,0
13688,ua union plumbers &amp; pipefitters vote! pac,0
13689,19th ward ex. comm.,0
13690,christopher r. hall,1
13691,"moran, patrick j ",1
13692,john r. padova jr.,1
13693,"cataldi, rick  ",1
13694,diana l. anhalt,1
13695,jonathan q. irvine,1
13696,friends of tiffany thomas-smith pac,0
13697,james m. mcmaster,1
13698,tiffany thomas-smith,1
13699,"thomas-smith, tiffany michelle ",1
13700,amir m. stark,1
13701,robert joseph mellon,1
13702,charles hayden,1
13703,george w. overton,1
13704,margaret t. murphy,1
13705,"gibbs, monica",1
13706,francis w. mccloskey jr,1
13707,"wright, edward c",1
13708,"gibbs, monica g",1
13709,christian a. dicicco,1
13710,diana anhalt,1
13711,charles ehrlich,1
13712,sean f. kennedy,1
13713,sharon williams losier,1
13714,wendi barish,1
13715,nick varischetti,0
13716,butler co dem com,0
13717,committee to elect nicola henry taylor,0
13718,peco energy company state political action committee (peco pac),0
13719,bp corporation north america inc political action committee,0
13720,"reese, mike friends of com",0
13721,stephen a. corr,1
13722,christylee peck,1
13723,michelle sibert,1
13724,elizabeth jackson,1
13725,vincent l. johnson,1
13726,barbara a. mcdermott,1
13727,rose marie defino - nastasi,1
13728,francis w. mcclosky jr.,1
13729,harley-davidson pac of pa,0
13730,matthew l. meagher,1
13731,committee to elect don zagurskie,0
13732,"zagurskie, don  ",1
13733,"bender, andrew j ",1
13734,"bender,andrew j ",1
13735,barbara wevodau,1
13736,joe matika,1
13737,roger n. nanovic,1
13738,"booker, terri friends and family of",0
13739,"barish, wendi friends of",0
13740,gary e. norton,1
13741,"long, lloyd friends of",0
13742,lansdowne demcratic committee,0
13743,dow inc. pac (dowpac),0
13744,dylan altemara 4 pennsylvania,0
13745,friends of omy for pa,0
13746,equitrans midstream corporation pac,0
13747,american society of anesthesiologists political action committee (asa pac),0
13748,cumberland county leadership pac,0
13749,range resources energy independence pac,0
13750,friends of bob topper,0
13751,"robey, annmarie",0
13752,democratic jewish outreach pennsylvania,0
13753,zama for pa,0
13754,philly progress pac,0
13755,lou barletta for governor,0
13756,the tyme is now,0
13757,mcswain for governor,0
13758,"krumenacker, norman com to retain",0
13759,blair county builders association - pac,0
13760,juniata county republican committee,0
13761,state college borough dem com,0
13762,philadelphia leadership counsel,0
13763,uwl,0
13764,dla piper political action committee (dla piper pac),0
13765,pennsylvania for legal reform,0
13766,pennsylvanians for legal reform,0
13767,upper merion rep com,0
13768,leadership for educational equity -pennsylvania pac,0
13769,democrats for educational equity,0
13770,williamsport area womens dem com,0
13771,pennsylvania medical cannabis research pac,0
13772,pa economic growth pac,0
13773,friends of deborah love,0
13774,hawley democratic,0
13775,scott twp dem club,0
13776,"caliguiri, friends of mayor com",0
13777,central susquehanna builders assc. pac fund,0
13778,laborers local 1174 pol. action pac,0
13779,republican women of luzerne county,0
13780,friends of devlin robinson,0
13781,exelon corporation political action committee,0
13782,franklin park republican committee c/o laura coombs,0
13783,friends of pete weeks,0
13784,angel cruz for council,0
13785,"frank, gale, bails &amp; pocrass, p.c. pac",0
13786,donatucci pac,0
13787,david m kralle,0
13788,jamie l glasser,0
13789,p j redmond for judge,0
13790,keystone state auctioneers pac                              ,0
13791,friends of jesse petit,0
13792,"bradford county democratic committee, c/o jeffrey m. gonzalez, treasurer",0
13793,amir stark for judge,0
13794,pennsylvania psychiatric society pa,0
13795,pittsburgh fire fighters local # pac fund,0
13796,pa manufactured housing pac c/o treasurer: delana eisenhart,0
13797,"treasurer, ruggieri for judge",0
13798,"francis j. schultz, esq.",1
13799,john f. spataro,1
13800,hon. francis j. schultz,1
13801,francis j. schultz,1
13802,committee to elect d neil mcewen,0
13803,committee to elect mcconnell for judge,0
13804,joanow for judge,0
13805,"joanow, michael a",1
13806,"mcewen, d neil ",1
13807,"william g. mcconnell, jr",1
13832,"joanow, michael a ",1
13833,"william g. mcconnell, jr.",1
13834,michael a. joanow,1
13836,kelly bellerby-allen,1
13837,stacy marie wallace,1
13873,friends of chris rodkey,0
13874,huntington bancshares inc pac (hbi-pac)                     ,0
13875,neil o'donnell for senate committee,0
13876,"miller, wayne for pa state senate / c/o treasurer: shaine lynn kelly",0
13877,friends of chad saylor,0
13878,moving lower dauphin schools forward,0
13879,washington county chamber of commerce political action committee,0
13880,citizens for taubenberger,0
13881,pacan pac,0
13882,bittle r. harry state leg,0
13883,"cook, 4 we the people",0
13884,northeast democratic caucus,0
13885,rick for lg,0
13886,lawrence county committee for affordable housing,0
13887,pa republican caucus of county commissioners prccc,0
13888,clarice for pa,0
13889,c/o tres: paula bronstein - pa ballot access coalition,0
13890,"people to elect brooks, michele",0
13891,duke whiting committee,0
13892,elect scott zelov the committee,0
13893,folmer for state senate,0
13894,friends of kathy silcox,0
13895,ward 16 dem exec com,0
13896,caithness services pac,0
13897,unity2001,0
13898,"lumen technologies, inc. pac of pennsylvania",0
13899,freedom pa,0
13900,friends of izzy ,0
13901,concord - bethel democratic committee,0
13902,jefferson county democratic committee,0
13903,"solobay, tim com to elect",0
13904,emrick joe committee to elect c/o joann cardello,0
13905,temons for pa,0
13906,bs pac,0
13907,"the presidential coalition, llc ",0
13908,friends of parker,0
13909,vote 4 ventre,0
13910,flagship fund,0
13911,east central house republican committee,0
13912,christian r muniz,0
13913,pa win committee,0
13914,greater pa carpenters pac                     ,0
13915,"stefan, michael",0
13916,"moton, ruth friends of",0
13917,greater reading chamber pac,0
13918,one york political action committee,0
13919,penn national gaming inc. political action committee,0
13920,"dickie, mccamey &amp; chilcote pac",0
13921,gina h. curry,1
13922,friends of gina h. curry,0
13923,greene co. republican cmte,0
13924,canty for pa,0
13925,"qpac c/o treasurer, arthur d martinucci",0
13926,friends of gina curry,0
13927,friends of lovitz for pa,0
13928,tarah toohil,1
13929,committee to elect kelly bellerby-allen for state rep,0
13930,friends to elect ed gainey,0
13931,"ms consultants, inc. political action committee mscpac",0
13932,pittston area,0
13933,intl brotherhood electrical workers com on pol ed,0
13934,kdpf pac(kozloff diener payne fegley),0
13935,make a difference pac                                       ,0
13936,mifflin countty republican committee,0
13937,local 0433 uwua c/o brian dwon,0
13938,"mcvay, jack for judge",0
13939,friends of edward gainey,0
13940,friends of raja,0
13941,young republicans of allegheny county,0
13942,pennsylvania young republicans pac,0
13943,york building products co inc political action committee,0
13944,pa democratic state committee senior caucus,0
13945,young republicans of lebanon county,0
13946,pspa-political support for political action,0
13947,westmont pac,0
13948,friends of vincent gordon,0
13949,people for abigail salisbury,0
13950,phila fed,0
13951,owens-illinois inc employees good citizenship fund,0
13952,making america great pac,0
13953,friends of matthew seagrist,0
13954,franklin co democratic com,0
13955,marian for chester county,0
13956,ray sosa lt gov 2022,0
13957,bayer us llc employee political action committee (bayerpac),0
13958,"friends of anton andrew, anton andrew",0
13959,friends of the 41st ward dems,0
13960,acape pac,0
13961,friends of daniel wassmer c/o kelly laseree,0
13962,36th ward gop pac,0
13963,203 pac,0
13964,emilio a vazquez for the 179th,0
13965,grayson for pa state house,0
13966,guy k bard club,0
13967,judith schwank,1
13968,"friends to elect amy marcinkiewicz- treasurer, chris nonevski",0
13969,elect bob stewart,0
13970,nato of pa pac,0
13971,hart for pennsylvania,0
13972,bucks county young democrats,0
13973,o'briens for bucks county,0
13974,their party your problem,0
13975,kevin mccarthy for judge,0
13976,citizens for good government pac,0
13977,pa geopac,0
13978,microsoft corporation stakeholders voluntary pac - msvpac,0
13979,pca pac,0
13980,people for opportunity and progress,0
13981,"united democratic committee of mt pleasant, scottdale, east huntingdon township",0
13982,michael for pa,0
13983,sam party of pennsylvania,0
13984,rev david s smith for us senate,0
13985,"linta, jill for pa house 106",0
13986,friends of jason monn,0
13987,friends of steve renz,0
13988,builders assoc of nw pa - citizens for affordable housing,0
13989,montour co rep com                                          ,0
13990,the fifth square pac,0
13991,"maxim healthcare services, inc pac",0
13992,friends of jason cervone cervone cpc,0
13993,friends of michael harvey,0
13994,green for philadelphia cpc,0
13995,sullivan cty council of rep women,0
13996,friends of david jones,0
13997,paradise republican committee,0
13998,committee for a better pennsylvania,0
13999,friends of korns cpc,0
14000,"rich, br for senate",0
14001,bucks county council of republican women,0
14002,friends of jamie mogil,0
14003,esd pac,0
14004,better courts for pa,0
14005,friends of joe metzinger,0
14006,friends of jeremy shaffer,0
14007,cesar liriano for the 101,0
14008,watson land co. political action committee,0
14009,"corcoran, joseph j. for pa senate com",0
14010,north pgh democratic volunteers corps,0
14011,richland township democratic committee,0
14012,"1776 freedom's calling, inc.",0
14013,common sense soultions,0
14014,friends of joe peters,0
14015,friends of dov,0
14016,"law pac (pa assoc. for justice, f/k/a pa trial lawyers)",0
14017,area 28 republican committee,0
14018,friends of cindy bass,0
14019,"isaacson, marylouise friends of                             ",0
14020,friends of mary hopper,0
14021,friends of ian everhart,0
14022,the colab pac,0
14023,bikers pac bike pac c/o carol unbenhauer treasurer,0
14024,forge ahead lancaster ,0
14025,"geiger shulman, lissa friends of",0
14026,friends of newtown pac,0
14027,pa legislative victory pac,0
14028,jim bobeck,1
14029,"laura c dennis, esq",1
14030,joseph f. sklarosky jr,1
14031,stefanie salavantis,1
14032,judge lesa s. gelb,1
14033,fred a. pierantoni,1
14034,jennifer rogers,1
14035,richard m. hughes iii,1
14036,metroplitan harrisburg builders pac,0
14037,berks count republican committee,0
14038,mccandless rep com,0
14039,michael t. vough,1
14040,toohil tarah,1
14041,michael t vough,1
14042,"gartley, tina polachek for judge",0
14043,orso for judge,0
14044,committee to elect kim tesla judge,0
14045,steve higgins,1
14046,david j. willliamson,1
14047,david j. williamson,1
14048,stephen w. higgins (steve higgins),1
14049,john henry foradora,1
14050,be true to yourself pac,0
14051,indiana co fed of dem women,0
14052,mercer co dem women of,0
14053,local 44 sheet metal workers pal,0
14054,warwick townshp democratic association,0
14055,friends of ryan kiray,0
14056,eastern pa laborer's lpl,0
14057,committee to elect nicole henry-taylor,0
14058,19th executive committee,0
14059,friends of daniel wassmer c/o kelly laserre,0
14060,committee to elect latasha c. williams,0
14061,payr,0
14062,lancaster county senior coalition,0
14063,cigna corporation employee political action committee,0
14064,five six ward,0
14065,"fischer, matthew e ",1
14066,mcginley for judge committee,0
14067,"hammond, sarah the people for",0
14068,"fischer, matt committee to elect",0
14069,chester county women's leadership initiative,0
14070,mccaffery for district attorney,0
14071,democratic sixth ward,0
14072,friends of daniel smith jr.,0
14073,different kind of democrat (dkod),0
14074,"clepper, derek  ",1
14075,"dooley, clare friends of",0
14076,yeager for judge,0
14077,matthew d. menges,1
14078,gregory weyer,1
14079,melissa schwartz sterling,1
14080,mark aaron,1
14081,daniel d. mccaffery,1
14082,"carlucci, bill friends of ",0
14083,kay yu,1
14084,joyce a hatfield-wise,1
14085,"schimizzi, matthew richard",1
14086,dan higgins,1
14087,"stewart, mike friends of",0
14088,vicki markovitz,1
14089,wayne p. mcgrew,1
14090,committee to elect knafelc,0
14091,jonelle eshbach for judge,0
14092,daniel j. maisano,1
14093,george dawson for judge,0
14094,ward 21 friends of,0
14095,"truscello, deborah friends of",0
14096,"shapiro, shari",0
14097,leadership 215,0
14098,food &amp; water action pac,0
14099,unisys corporation associates political action committee,0
14100,"toadvine, allen for judge",0
14101,judge wendy roberts for common pleas,0
14102,"tocci, laura committee to elect judge",0
14103,"ehrlich, william for judge committee",0
14104,ridley park republican party,0
14105,ortho pac (pa orthopaedic soc),0
14106,"mulvey, sue friends of",0
14107,afscme council 13 pol & leg acct                            ,0
14108,citizens to elect brandi j. hershey,0
14109,gaza for judge,0
14110,friends of melissa schwartz sterling,0
14111,samuel doctor,1
14112,"rager-kay, jennifer friends of",0
14113,quaker valley region gop committee,0
14114,commonwealth childrens choice fund,0
14115,"richman, gregg friends of for judge",0
14116,patrick t. kiniry,1
14117,vote yardley 2019,0
14118,"road sprinkler fitters local union no. 669, ua, afl-cio pac",0
14119,"sondergaard, analisa citizens for judge",0
14120,citizens for joshua kall,0
14121,fiscal responsibility of pennsylvania,0
14122,better govt for pa,0
14123,"solebury 2019, mark and john for",0
14124,ward 19 exec. committee,0
14125,retain judge brobson committee,0
14126,political info com of cpa's,0
14127,lawpac (pa assoc. for justice f/k/a pa trial lawyers association),0
14128,friends of lisa boeving-learned,0
14129,kim diane eaton,1
14130,conroy david for judge,0
14131,william p. mahon,1
14132,moving pa forward,0
14133,phila fed teach committee to support,0
14134,helen b. hughes federation of democratic women pac,0
14135,"republic services, inc. emp for better govt pac             ",0
17288,judicial integrity pac,0
17289,"gilliland vanasdale,jennifer ",1
17290,"serpico, chris for judge",0
17291,"kline, john p  (lob)                                        ",0
17292,"mitsubishi hitachi power systems americas, inc. political action committee",0
17294,dowdle 2019,0
17295,"james, ryan for judge",0
17296,"bowman, denise for judge",0
17297,"binder, bret for judge",0
17298,"sondergaard,analisa ",1
17299,venango co. rep com,0
17300,local 0542 pgh sprinklerfitters,0
17301,"william c. robinson, jr.",1
17302,david g. ridge,1
17303,ridley twp rep finance committee,0
17304,robert o. baldi,1
17305,greene co. rep com c/o clint blaney,0
17306,cambria co rep committee,0
17307,"kearney, tim friends of",0
17308,"yaney,tara friends of",0
17309,"sosniak, linda committee to elect",0
17310,hampden twp rep assn                                        ,0
17311,"hyams, carrie e ",1
17312,"masland, albert h ",1
17313,"binder, bret  ",1
17314,lawrence co rep com                                         ,0
17315,pennsylvania justice &amp; public safety pac,0
17316,westmoreland bar retention committee,0
17317,"grayson, lisa  ",1
17318,"warren, rebecca l ",1
17319,"mcdonald- kemp, traci friends of",0
17320,"mcdonald-kemp,traci ",1
17321,"peck,christylee ",1
17322,patricia a. mccullough,1
17323,"mccarthy king, megan  ",1
17324,"thompson, sandra i ",1
17325,"thompson, sandra com to elect judge          ",0
17326,"mccaffery, daniel d ",1
17327,"zigmund, robert andrew ",1
17328,amanda green-hawkins,1
17329,"smith, edwin w  ",1
17330,proven judges pa,0
17331,friends of yardley borough,0
17332,ward 61 pac                                                 ,0
17333,international longshoremen's association (ila) local 1291 pac,0
17334,friends of tara shakespeare,0
17335,friends of dawn wetzel keefer committee,0
17336,"newtown democrats, regina gairo, treasurer",0
17337,indiana twp rep party of,0
17338,friends of mike freedman,0
17339,committee to reelect sandra major,0
17340,friends of margie brown,0
17341,professional acupuncture in pa c/o treas: linda j. silva,0
17342,local 0249 teamsters drive fund,0
17343,perry co rep com,0
17344,"nesbit, tedd for judge",0
17345,serianni for judge,0
17346,"grossman, beth  ",1
17347,"geiger, gerard committee to elect judge",0
17348,"barish, wendi  ",1
17349,"menges, matthew d ",1
17350,"geiger, gerard j ",1
17351,"capehart, thomas for judge committee",0
17352,dianne c. magee,1
17353,greene co. republican committee c/o clinton blarey,0
17354,beth naughton beck for judge,0
17355,friends of eric epstein,0
17356,crumlish james 19,0
17357,committee to elect gil rocco,0
17358,friends of dan muroff,0
17359,kaufer now,0
17360,tucker arensberg pac,0
17361,michael thomas farrell,1
17362,"marks, anna-kristie morffi",1
17363,"thurner, nicole lynn committee to elect",0
17364,"vanderkam, jessica for judge",0
17365,"vanderkam, jessica l",1
17366,capozzi adler c/o christina a mahady,0
17367,"galloway, john - for state rep",0
17368,pocono builders assn pac,0
17369,oxgrove democratic committee,0
17370,"payne, john citizens to elect",0
17371,d.r.i.v.e. chapter 778,0
17372,john h. pavlock,1
17373,lancaster city dem com,0
17374,montgomery co dem com,0
17375,fayette co rep com,0
17376,"grell, glen for house ctte.",0
17377,"delozier, sheryl friends of",0
17378,"lawrence, ken friends of",0
17379,phila fed teach (pft) com supt pub edu,0
17380,"kirkland, thaddeus friends of",0
17381,"walko jr, donald r",1
17382,allegheny co bar assoc pac,0
17383,"evashavik dilucente, susan",1
17384,"ignelzi, philip a",1
17385,"klein, arnie",1
17386,"manning, jeffrey a",1
17387,"sasinoski, kevin g",1
17388,"clark, kim berkeley",1
17389,"colville, robert j",1
17390,"williams, joseph k",1
17391,mary mcginley,1
17392,phila federal credit union-pac (pfcu),0
17393,matt smith,1
17394,friends of virgil walker,0
17395,montgomery co dem women's leadership initiative,0
17396,christylee peck for superior court,0
17397,chester co democratic committee,0
17398,butler co dem committee,0
17399,"western pennsylvania laborers political action fund c/o: william brooks, secretary-treasurer",0
17400,mifflin co rep committee,0
17401,"deon, grace  ",1
17402,"shank,mary  beth ",1
17403,maureen t. belms,1
17404,judge judy olson for supreme court,0
17405,gary b. gilman,1
17406,"wallace h. bateman, jr.",1
17407,rick lowe for delco,0
17408,conroy for judge,0
17409,justice for bucks 20190279,0
17410,asbestos,0
17411,kenneth a. mummah,1
17412,"morganelli,john m ",1
17413,"lucas, margaret t ",1
17414,"seidle-patton,sara j ",1
17415,craig w. stedman,1
17416,"morganelli, john for judge committee",0
17417,friends of tiffany palmer,0
17418,tiffany palmer candidate,1
17419,"powell, crystal friends of",0
17420,patricia e. coonahan,1
17421,victor scomillio,1
17422,"sterling, melissa schwartz",1
17423,judy olson,1
17424,chamberphl pac            ,0
17425,worcester twp rep com                                       ,0
17426,commonwealth licensed beverage assoc pac                    ,0
17427,ward 30 republicans                                         ,0
17428,"baughman, deb friends of",0
17429,akm for judge,0
17430,"heym, george for judge committee",0
17431,friends of montgomery township,0
17432,citizens to elect suzanne delahunt,0
17433,sheet metal workers int&#39;l assoc political action league,0
17434,theresa thomas c/o friends of movita johnson-harrell,0
17435,"hanna, jared for judge",0
17436,"costa, jay jr. for state senate                              ",0
17437,berks future fund,0
17438,friends of amen brown,0
17439,friends of frank scavo,0
17440,pastor pamm 4 progress,0
17441,marathon petroleum corporation employees pac (mpac),0
17442,"cohen, zachary jay ",1
17443,committee to elect erin myers,0
17444,kelly gaughan for judge,0
17445,"friends of raja, inc.",0
17446,mifflin co dem committee,0
17447,"kraus, bradley j ",1
17448,"rashid, nusrat  ",1
17449,"mclaughlin, brandi friends of",0
17450,megan mccarthy king,1
17451,virgil walker,1
17452,david h. conroy,1
17453,friends for sue walker,0
17454,"mccrae, kendra committee to elect for judge",0
17455,"mccrae, kendra ilene ",1
17456,"amrhein, ronald d jr",1
17457,erich spessard,1
17458,joyce a. hatfield-wise,1
17459,matthew t. hovey,1
17460,jennifer scultz,1
17461,"roberts, joshua for judge",0
17462,james c crumlish iii,1
17463,"baxter, kyle marie friends of",0
17464,"roberts, joshua  ",1
17465,"stewart, michael j. ii",1
17466,"booker, terri m ",1
17467,"spessard, erich team",0
17468,committee to elect francesca for judge,0
17469,steven n. necaster,1
17470,"morganelli, john m ",1
17471,"joanow, michael for judge",0
17472,"grossman, beth for judge",0
17473,hilles for judge,0
17474,"hilles, henry s iii",1
17475,"carlucci, william  philip ",1
17476,"nesbit, tedd c ",1
17477,steve gerber for judge,0
17478,go to camp committee,0
17479,sinnott joseph com to elect,0
17480,gaza charles for judge,0
17481,charles d. gaza,1
17482,committee to elect laura tocci judge,0
17483,"topper, jesse friends of",0
17484,"paulson, gregory republicans for",0
17485,"paulson,greg ",1
17486,"stewart,michael j. ii",1
17487,"seidle-patton, sara for judge 2019",0
17488,"tira, ryan committee to elect lycoming county judge",0
17489,"tira,ryan ",1
17490,gregory j. hammond,1
17491,"hovey, matt friends of for judge",0
17492,"walker, cuyler committee to elect",0
17493,bensalem democratic organization,0
17494,fgsm pc pac,0
17495,indian valley democrats c/o anthony ciafardoni,0
17496,"mirabito, rick com to elect",0
17497,friends of jannie l. blackwell pac,0
17498,kaufer now cpc,0
17499,ward 31 republican committee,0
17500,local 0250 teamsters political action committee (charles m. gaston),0
17501,concord rep party,0
17502,vanderkam jessica for judge,0
17503,jessica l vanderkam,1
17504,friends of jenn 4 judge,0
17505,fayette co. rep. committee,0
17506,"cardamone, andrea m ",1
17511,"boser, susan friends of",0
17512,brandi j. hershey,1
17513,linda rovder fleming,1
17514,ward 39-b friends of,0
17515,local 0743 ibew pol. education com,0
17516,karen shreeves-johns,1
17517,the bipartisan committee to elect kassis judge,0
17518,daniel anders,1
17519,"amrhein, ronald committee to elect judge",0
17520,"amrhein,ronald d jr",1
17521,"rafferty, jessica for judge committee",0
17522,abraham p. kassis,1
17523,"walsh, justin for judge",0
17524,"palmer, tiffany friends of",0
17525,"palmer, tiffany  ",1
17526,thomas r. campbell,1
17527,theresa brunson,1
17528,pa dental,0
17529,maureen t. belme,1
17530,"paphcc (pa assoc plumbing, heating cooling cont)            ",0
17531,"sondergaard, analisa  ",1
17532,"pawlowski, ed friends of                                    ",0
17533,friends of enid santiago,0
17534,"the geo group, inc. political action committee fec id c00382150",0
17535,committee to elect brian ellis,0
17536,38th ward gop,0
17539,lafargeholcim usa employees pac,0
17540,committe to re elect frank burns,0
17541,tina davis for state senate,0
17542,bridget malloy koslerwski,1
17543,d. raja,1
17544,francesca a. iocovangelo,1
17545,"levin, craig committee to elect",0
17546,"levin, craig  ",1
17547,4we the people - cook,0
17548,friends of carolyn committa,0
17549,friends of sue henry,0
17550,north-east central republican alliance (necra pac),0
17551,elect robun colajezzi,0
17552,pasr/l-pec (pa assn ofr school retirees),0
17553,committee to elect william al jacobs,0
17554,friends of james roman,0
17559,michael baker international holdco corporation political action committee (michael baker international p,0
17560,williamsport area women's democratic committee pac,0
17561,afl-cio (erie),0
17562,friends to elect cateria r. mccabe judge,0
17563,"cohen, zachary cohen4judge",0
17564,"logan, tom friends of",0
17565,us acute care solutions pac,0
17566,tarasi for superior court,0
17567,asbestos heat,0
17568,pft,0
17569,"aaron, mark for judge",0
17570,mont co rep women's leadership,0
17571,grayson lisa for judge,0
17572,chaddsford democratic party,0
17573,local 0044 sheetmetal,0
17574,"bradford co dem committee c/o jeffrey m. gonzalez, treasurer",0
17575,pa pro-life federation state pac,0
17576,"mergl, ryan committee to elect judge",0
17577,"warren, rebecca for judge",0
17578,bridget malloy kosierowski,1
17579,amen brown,1
17580,"mccabe, cateria friends to elect judge",0
17581,"pennsylvania committee for affordable housing/lori venema, treasurer; jill pento, assist tre",0
17582,"gambardella, gary friends of",0
17583,"truscello, deborah marie ",1
17584,"tomasko, ron for judge",0
17585,"kasunic, richard a campaign comm c/o richard a. kasunic, treas.",0
17586,shawn t. mcmahon,1
17587,andrea cardamone for judge,0
17588,"pennsylvania committee for affordable housing/lori venema, treasurer, jill pento, assist tre",0
17589,william a. ehrlich,1
17590,"dipillo, jennifer m ",1
17591,keeping america competitive                                 ,0
17592,"rashid, nusrat friends of",0
17593,"sulman,daniel robert ",1
17594,"baxter, kyle marie ",1
17595,"seidle-patton, sara j ",1
17596,"dow, laurie t ",1
17597,springfield twp democratic committee - montgomery county,0
17598,friends of langhorne manor,0
17599,local 0249 teamsters drive fund c/o treasurer: kevin m. schmitt,0
17600,sullivan county dem com,0
17601,elk co rep committee,0
17602,mercer co dem women,0
17603,"western pa laborers pac c/o: william brooks, secretary-treasurer",0
17604,abington township rockledge borough republican committee (atro),0
17605,"artom-ginzburg, lionel for judge 2019 committee",0
17606,"rafferty, jessica l ",1
17607,montgomery co dem committee,0
17608,allied craftworkers local 1 pa/de pac,0
17609,smerechanskyy taras for pa,0
17610,bipart political action committee/the bank of new york mellon corporation bipac/bnym,0
17611,thomas capehart,1
17612,cement masons,0
17613,fayette co dem co,0
17614,committee to elect clark mitchell,0
17615,area 18 republicancommittee,0
17616,"webster, joe friends of ",0
17617,bipartisan education solutions team,0
17618,lower bucks leadership fund pac,0
17619,"gambardella, thomas gary ",1
17620,friends of charissa liller for judge,0
17621,friends of brian zidek,0
17622,friends of steve mccarter,0
17623,western pennsylvania laborers' political action fund,0
17624,dwight g. diehl,1
17625,pennsylvania concrete pavement pac                                      ,0
17626,"doctor, sam friends of ",0
17627,hamburg rubin mullin maxwell &amp; lupin pac,0
17628,tomasko for judge,0
17629,capozzi adler pac c/o christina a mahady,0
17630,american airlines inc. political action committee (aapac),0
17631,united steelworkers local 3403,0
17632,dianne magee for judge,0
17633,lower buck leadership fund pac,0
17634,benninfhoff for representative,0
17635,friends of gregory weyer,0
17636,mike farrell for judge,0
17637,the committee to elect scott zelov,0
17638,worcester twp rep comm,0
17639,friends of ian brink for judge,0
17640,mark aaron for judge,0
17641,ian brink,1
17642,sohonage,0
17643,kirk sohonage,1
17644,the people for sarah hammond,0
17645,conservation voters of pa victory fund,0
17646,plan-w pa,0
17647,the people for ron holt,0
17648,committee to elect dan higgins judge,0
17649,laborers' local 130 pac,0
17650,people for parker,0
17651,phila dem campaign committee of philadelphia,0
17652,luzerne co rep party,0
17653,wyoming county dem committee,0
17654,smart local 44 sheetmetal political action league,0
17655,committee to elect shawn t. mcmahon judge,0
17656,chester co rep com,0
17657,"bradford co dem committee, c/o jeffrey m. gonzalez, treasurer",0
17658,"dickie, mccarney &amp; chillcote political action committee",0
17659,fgsm,0
17660,james c. crumlish iii,1
17661,jonelle eshbach,1
17662,friends of wayne mcgrew,0
17663,"serianni, nicola f ",1
17664,deb ryan for da,0
17665,tioga co dem com,0
17666,kdff pac,0
17667,hersham republican party,0
17668,friends of sam demarco pac,0
17669,ward 26 rep exec com.,0
17670,120th rep dist,0
17671,philadelphia dem camp com,0
17672,quaker valley republican comm,0
17673,friends of nusrat rashid,0
17674,ward 10 executive com,0
17675,moving titusville forward,0
17676,48th ward executive committee,0
17677,"paulson, greg for judge",0
17678,"carlucci,william  philip ",1
17679,martin s. coleman,1
17680,diane r. thompson,1
17681,glynnis d. hill,1
17682,pickford for judge,0
17683,"olson, judy keep judge",0
17684,friends of danny savage,0
17685,national democratic county officials-ndco,0
17686,"henry lewandowski, iii",1
17687,carolyn tornetta carluccio,1
17688,ida k chen,1
17689,citizens for hughes vincent,0
17690,robert p. coleman,1
17691,roxanne e. covington,1
17692,"michael j. koury, jr.",1
17693,crystal b. powell,1
17694,committee for kopas pac,0
17695,friends of melissa schwatz sterling,0
17696,"eckel, kelly  ",1
17697,eastern schuylkill dems club,0
17698,justice for bucks,0
17699,tri county fed of dem women                                 ,0
17700,klein for judge committee,0
17701,west whitehead democrats,0
17702,"monroe county democratic women, anne fetherman treasurer",0
17703,friends of tay waltenbaugh,0
17704,the committee to elect sandra thompson judge,0
17705,democratic society of york - democratic society of,0
17706,chester county democratic women's leadership intiative,0
17707,armstrong co dem committee,0
17708,friends with diana cpc,0
17709,energy for tomorrow ,0
17710,"roe, eric friends of campaign finance committee",0
17711,greater hbg association of realtors political action committee,0
17712,ravenstahl for mayor pac,0
17713,friends of jack stollsteimer pac,0
17714,ward 19 executive committee,0
17715,the arena pa pac,0
17716,friends of sam demarco,0
17717,susan k. pickford,1
17718,delco dems united (john kane),0
17719,pa future funds,0
17720,enviroment america action fund,0
17721,women of the future pittsburgh,0
17722,"crumlish, james 19",0
17723,"yeager, jordan b ",1
17724,ward 41 friends of the dems                                 ,0
17725,"polachek gartley, tina-judge of the court of common pleas (retention)",1
17726,garrett d. page,1
17727,"rafferty, jessica l",1
17728,kelly christina wall,1
17729,local 81 ibew c/o treasuer michael mcdermott,0
17730,"peck, christylee  ",1
17731,friends of amber little turner,0
17732,"steven n. necaster, candidate for court of common pleas 36th judicial district",1
17733,leonard saul deutchman,1
17734,"dicicco, christian 4 judge",0
17735,susquehanna county dem committee,0
17736,friends of charles j. kokinda jr.,0
17737,"serpico, christopher j ",1
17738,"enterprise holdings, inc.  political action committee - fedpac id# c00219642",0
17739,"gerard, pamela friends of",0
17740,sheila woods-skipper,1
17741,"murphy, lois  ",1
17742,wendy lynn pew,1
17743,kelly gaughan,1
17744,dist council 47 pac                                         ,0
17745,engie north america inc. pac (ena pac),0
17746,koch indust inc pac (kochpac)                               ,0
17747,intl union painters allied trade                            ,0
17748,lackawanna co rep.,0
17749,citizens for stan saylor c/o brenda sueresh,0
17750,snyder co rep committee,0
17751,silver for supervisor,0
17752,uwua local 686 com on political education fund,0
17753,"devor, jennifer votes 4 philly ",0
17754,the scotts miracle-gro co stewardship pac fed id# c00365254,0
17755,pac 45 (ward 45),0
17756,allegheny com for affordable housing,0
17757,"phillips, vincent m.     (lob)                              ",0
17758,veterans leadership pac,0
17759,"wade, albert friends of",0
17760,"momasso, janine d ",1
17761,"mcdonald-kemp, traci  ",1
17762,"iacovangelo, francesca a ",1
17763,south philadelphia republican victory fund,0
17764,jared j. hanna,1
17765,the com elect scott zelov,0
17766,p.h.b.a. (pa horse breeders assn),0
17767,richard j. joyce,1
17768,teamsters joint council 40,0
17769,eric k dowdle,1
17770,"their party, your problem",0
17771,pa association of private school administrative pac,0
17772,"patty smith, friends of",0
17773,"citizens for greenleaf, stewart",0
17774,chester county chamber pac c/o m. martelli,0
17775,friends of jesse garitt,0
17776,tobash michael for a better 125th,0
17777,charles gaza,1
17778,university city rep com,0
17779,biparttisan friends of christa caceres,0
17780,concord twp republican party,0
17781,rachel fingles for pennsylvania,0
17782,joseph e sinnott,1
17783,"lamb, michael for pa",0
17784,thomas a. james,1
17785,donna m. woelpper,1
17786,"bononi, michele g ",1
17787,ruth mackfey democratic club,0
17788,brittain2020,0
17789,friends of bill troutman,0
17790,north side good govt com,0
17791,friends of vera cole,0
17792,friends of kara scott,0
17793,"melchiorre, vincent committee to elect judge",0
17794,pbfaa pac,0
17795,leadership for tomorrow fund c/o treas: james garvin,0
17796,teamster local #30 political action committee,0
17797,north east builders for affordable housing,0
17798,"lamb, jimmy friends of",0
17799,venango county rep. committee,0
17800,committee to elect john meher,0
17801,1776 freedom's calling,0
17802,8th ward gop philadelphia,0
17803,novolex holdings inc. responsible government fund,0
17804,friends of mary avker-endres,0
17805,"shank, mary  beth ",1
17806,"santiago, rashid for judge",0
17807,bill shuster for congress                                   ,0
17808,"sala, peter  j ",1
17809,"grayson, lisa for judge",0
17810,friends of brian samuel malkin for judge,0
17811,local 0249 teamsters drive fund c/o treasurer:kevin m. schmitt,0
17812,elizabeth naughton beck,1
17813,friends of dawn burke,1
17814,fed of dem women,0
17815,"yu, kay for judge",0
17816,kay for judge,0
17817,friends of matt hovey for judge,0
17818,citizens for sara campbell,0
17819,taxpayers unite blair county,0
17820,emgage pac pa,0
17821,committee to elect to delco common pleas court william 'al' jacobs,0
17822,committee to elect william 'al' jacobs,0
17823,committee to elect nicole lynn thurner,0
17824,nicole lynn thurner,1
17825,dla piper llp (us) political action committee,0
17826,doug mastriano,1
17827,pa health care assn (phcapac),0
17828,gop 19,0
17829,"pennsylvania committee for affordable housing/lori venema, treasurer: jill pento, assist tre",0
17830,friends of kevin j lott,0
17831,vanderkam for judge,0
17832,"mergl, ryan a. ",1
17833,lancaster county association of reactors political action committee,0
17834,committee to elk shawn t. mcmahon judge,0
17835,greene co. republican committee c/o clinton blaney,0
17836,kirk 4 judge committee,0
17837,kirk s. sohonage,1
17838,friends of matt holt,0
17839,western pa laborers' political action fund,0
17840,greater harrisburg association of realtors(r),0
17841,united assoc political education com                        ,0
17842,pennsylvania automotive association political committee,0
17843,chester co dem com,0
17844,political info committee of cpas (pic-cpa),0
17845,york co rep committee,0
17846,alcoa corporation employees' voluntary pac,0
17847,f.n.b. corporation pac                                ,0
17848,jill linta for pa house 106,0
17849,acba judicial excellence committee box 69185,0
17850,hampden township republican assoc,0
17851,"rager-kay, jennifer  ",1
17852,"deon, grace for judge",0
17853,"reisteter, daniel j  (lob)                                  ",0
17854,alliance for a bettr pennsylvania,0
17855,brewpac,0
17856,abington twp rockledge bor rep org,0
17857,western pa laborers' political action fund c/o: william brooks secretary-treasurer,0
17858,"polachek gartley, tina - judge of the court of common pleas (retention)",1
17859,tioga co rep committee,0
17860,jones jacquie 2019,0
17861,"crown cork & seal company, inc pac",0
17862,"mitko, terri committee to elect",0
17863,fulton co rep com,0
17864,indiana-armstrong builers for affordable housing,0
17865,local 81 ibew c/o treasuere michael mcdermott,0
17866,benninghoff kerry for representative,0
17867,"sala,peter  j ",1
17868,"camson, josh friends of",0
17869,better prosectutors for pa,0
17870,area ii rep com                                             ,0
17871,"donaher, dean friends of",0
17872,o&#39;briens for bucks county,0
17873,"fleming, linda rovder ",1
17874,eli lilly and company political action committee - c00082792,0
17875,bensalem democratic organization (bdo),0
17876,pft pol,0
17877,"hughes, helen fed of dem women",0
17878,first commonwealth financial corp pac,0
17879,quaker valley republican committee (qvrc),0
17880,clarion co rep com,0
17881,friends of thomas caltagirone,0
17882,fulton co dem committee,0
17883,pa manufactured housing pac c/o treasurer dalane eisenhart,0
17884,"alan m. rubenstein, judge of the court of common pleas of bucks county [retention election]",1
17885,citizens for stan saylor c/o brooke sue resh,0
17886,franklin co reagan coalition,0
17887,crown cork &amp; seal,0
17888,"james, thomas a ",1
17889,ryan james,1
17890,bikers pac (bikepac) c/o carol umberhaust treasurer,0
17891,"ksmrs pac c/o neil a. stein, esquire",0
17892,kasunic richard a. campaign comm c/o richard a. kasunic treas,0
17893,tioga co dem party c/o treasurer robert h. wooley,0
17894,towamencin rep committee,0
17895,juniata co rep comm,0
17896,angela r. krom,1
17897,iuec local 5,0
17898,prccc,0
17899,transport wrkers local 234,0
17900,indian valley dem com c/o anthony j. ciafardoni,0
17901,"schwartz sterling, melissa friends of",0
17902,"dawson, george for judge",0
17903,"mahon, william p",1
17904,"united democrat committee of mt. pleasant, scottdale, east huntingdon township",0
17905,pa accountants pac,0
17906,friend of mary isaacson,0
17907,friends for joe spanik,0
17908,airneezer page bingham,0
17909,kin diane eaton,1
17910,"boling, daryl friends of- common sense for the commonwealth",0
17911,warren co. dem. com.,0
17912,quaker valley republican committee,0
17913,bipart pac,0
17914,"jones, mike for pa",0
17915,"ciamacca, deb friends of",0
17916,friends of rochelle bilal,0
17917,faculty and staff federation community college of philadelphia c/o marc meola,0
17918,novachemicals inc,0
17919,uaw vcap c/o ray cury,0
17920,ncfo political league,0
17921,moving titusville forward pac,0
17922,pennenvironment action fund,0
17923,mariaforpa collett,0
17924,iuec local no. 5 pac fund,0
17925,"keller, bill com to elect state rep                         ",0
17926,"lowe, richard h ",1
17927,ward 48 dem executive com,0
17928,25th ward democrat club,0
17929,liberty bell beverage pac                                   ,0
17930,"howard, kristine committee to elect ",0
17931,erie co dem comm pac,0
17932,h c penn pac,0
17933,carbon co dem com,0
17934,"gilliland vanasdale, jennifer",1
17935,northwestern republican committee of chester county,0
17936,com to elect a republican council,0
17937,mont co rep womens leadership,0
17938,committee to elect sharon guidi pa house 40,0
17939,wayne co builders for afforde housing,0
17940,citizens for danielson,0
17941,"enterprise holdings, inc. political action committee - fedpac id# c00219642",0
17942,pennsylvania federation of college republicans,0
17943,"deluca, anthony for leg",0
17944,western pennsylvania laborers political action fund c/o: william brooks secretary-treasurer,0
17945,ipal (ironworkers pol action league,0
17946,committee to retain judge amesbury,0
17947,"plumstead democrats, daniel s. ullman, treasurer",0
17948,venango co. rep comm,0
17949,indian valley democrats c/o anthony j. ciafardini,0
17950,concord-bethel democratic comm.,0
17951,pasnap - pa assn staff nurses/allied profs,0
17952,ward 19,0
17953,local 0044 sheet,0
17954,"silver for supervisor, peter f. palestina, treasurer",0
17955,local 0401 ironworkers pac,0
17956,"regional leaders, c/o frank colacci, treasurer",0
17957,hatfield-wise,0
17958,friends of jannie l. blackwell c/o stanley l. straughter,0
17959,common ground pa pac,0
17960,"mcginley, mary for judge committee",0
17961,horsham republican party (hrp),0
17962,committee to elect dave ridge,0
17964,"toppin, sherman committee to elect for judge",0
17965,"toppin, sherman cordelle ",1
17966,"iacovangelo, francesca committee to elect for judge",0
17967,friends of jason selus,0
17968,general building contractors assn pac,0
17969,"santiago, rashid o ",1
17970,"attisano, marco for pa",0
17971,flsmidth inc. political action committee,0
17972,charlotte greer for pa,0
17973,bucks county democratic women's leadership initiative,0
17974,jp morgan chase & co pac                                   ,0
17975,friends of matt nelson,0
17976,evette thompson,0
17977,the first ward republican committee,0
17978,regina young,0
17979,urologists for patient access to care pac (upac),0
17980,"lehman, aaron friends of",0
17981,"l3harris technologies, inc. pac",0
17982,city of allentown democratic committee,0
17983,green party of allegheny co                                 ,0
17984,franklin park republican committee (fprc) c/o laura coombs,0
17985,committee to elect kathy fatica,0
17986,citizens for dennis lee,0
17987,perry a stambaugh friends of,0
17988,"marburger, emily elect",0
17989,seniors for better government,0
17990,local 0506 leg action com,0
17991,pa academy of nutrition &amp; dietetics pac (pamd pac),0
17992,pennsylvania concrete pavement pac,0
17993,pa acdemy of otolaryngology pac (oto pac),0
17994,bowl pac,0
17995,"kail, joshua citizens for",0
17996,bp corporation north america inc. political action committee,0
17997,people for emily kinkead,0
17998,friends of marian keegan,0
17999,radnor township democratic comm.,0
18000,greene co. democratic committee,0
18001,bayada home health care pac                                           ,0
18002,intl union operating eng,0
18003,"vaughan, diana for pa",0
18004,com to elect joseph sinnott,0
18005,"schlauch, steve friends of",0
18006,barnhardt for berks 2007,0
18007,friends of tom kirsch,0
18008,"heath, carrie committee to elect for pa house ",0
18009,"andrew, anton  ",1
18010,"dean cunnane, madeleine   ",1
18011,"danielson, shanna citizens for",0
18012,"wagner, scott r ",1
18013,"hughes, helen fed of dem women                              ",0
18014,laura ellsworth,1
18015,"edwards, abu friends of",0
18016,"wolf, thomas w ",1
18017,re-elect angel cruzfor the 180th,0
18018,"bartos, jeffrey a",1
18019,"logan, wanda",1
18020,"dixon, andrew committee to elect",0
18021,raymond sosa,1
18022,peg luksik,1
18023,"bowers, kathleen e ",1
18024,"best, emily committee to elect",0
18025,"corbin, rebecca p ",1
18026,"probst, tarah dorothea ",1
18027,"pavlecic, jacob robert ",1
18028,"pavlecic, jacob friends for ",0
18029,"carlucci, tom friends of",0
18030,unity for 63,0
18031,"rager-kay, jennifer renee ",1
18032,"metcalfe, douglas b ",1
18033,"anderson, karen ann friends of",0
18034,"anderson, karen ann ",1
18035,volunteers for jason kelso,0
18036,wherley michele for pa 41,0
18037,michele d wherley,1
18038,"farnese, lawrence friends of                                ",0
18039,nina for congress,0
18040,ward 43 dem com                                             ,0
18041,"solomon, jared g ",1
18042,i am with melissa scott,0
18043,"breneman, jay a ",1
18044,"deering, jason alexander ",1
18045,"breneman, jay friends of",0
18046,friends of adam klein,0
18047,"18 friends of vince, gagliardo",0
18048,vincent d gagliardo jr.,1
18049,ruth moton,1
18050,upper moreland rep committee,0
18051,ward 56 dem com,0
18052,iron workers (ipal),0
18053,committee to elect helen tai,0
18054,teamsters local 628 pac c/o treas: john dagle,0
18055,local 0030 teamsters,0
18056,friends of jen porter,0
18057,john wardle,1
18058,tioga co dem com c/o treasurer robert wooley,0
18059,schuylkill county rep com,0
18060,"team gillespie, keith",0
18061,friends of donna iannone,0
18062,donna iannone,1
18063,mark m gillen,1
18064,friends of john mcginnis,0
18065,springfield twp dem committee - montgomery county,0
18066,ward 08 dem exec com,0
18067,"beitler, ronald w. ",1
18068,lycoming co dem committee,0
18069,"western pennsylvania laborers' political action fund c/o: robert l. kmecak, jr., secretary-treasurer",0
18070,friends of jean foschi,0
18071,"hacker, pam friends of ",0
18072,russell. silas for pa,0
18073,"baltsar, matthew ryan ",1
18074,"applebach, thomas lee ",1
18075,pacronym,0
18076,"slappy, darcelle campaign and friends to elect",0
18077,"krueger-braneky,leanne t",1
18078,zeneca. inc. political action committee (azmedipac),0
18079,"wherley, michele d ",1
18080,"troutman, william n jr",1
18081,"angelichio, leon  ",1
18082,"kearney, timothy p ",1
18083,"nesbit, tedd  ",1
18084,phila fed teachers (pet) com sup,0
18085,clint owlett,1
18086,friends for justin behrens,0
18087,friends of elizabeth book,0
18088,joshua nulph,1
18089,friend of jess stairs,0
18090,eric roe,1
18091,kline for upper bucks,0
18092,friends of mary auker-endres,0
18093,committee to elect ed sanders iii,0
18094,friends of gregory michalek,0
18095,gregory michalek,1
18096,sarah hammond,1
18097,someset co democratic committee,0
18098,operating engineers local #66,0
18099,dickie mccarney &amp; chilcote political action committee,0
18100,18 friends of vince gagliardo,0
18101,house rep campaign committee,0
18102,rep state committee of pennsylvania,0
18103,pat browne,1
18104,friends of patti rodgers morrisette,0
18105,mcnees,0
18106,friends of patty pat kozlowski,0
18107,"cox, james a jr",1
18108,"flynn, martin b ",1
18109,keith gillespie,1
18110,mario scavello,1
18111,reclaim philadelphia pac,0
18112,"gerard, pamela  ",1
18113,"garbuny best, emily  ",1
18114,"baker, elisabeth j ",1
18115,"wertz, trish friends for",0
18116,"rodriguez, adam anthony ",1
18117,"donnelly, sarah  ",1
18118,"recklein, bob friends of",0
18119,"stefano, patrick j. ",1
18120,"williams, dan k ",1
18121,"wolf,thomas w ",1
18122,"herr, lois for pa senate",0
18123,friends of erin mccracken,0
18124,sherwood mcginnis for 199th,0
18125,rafferty for senate,0
18126,lh pac,0
18127,friends of farnese lawrence,0
18128,the people for sarah hammond (office sought - pa house of representatives district 169),0
18129,centre county rep committee,0
18130,friends of stewart greenleaf,0
18131,people for ron holt,0
18132,danielle 4 pa friel otten,0
18133,friends of the 29th ward,0
18134,friends of rob rhoderick,0
18135,linda fields,1
18136,beaver achiever,0
18137,edward t. sanders iii,1
18138,gbca pac general building contractors,0
18139,friends of steve toprani,0
18140,ethan keedy,1
18141,committee to elect nick fountain,0
18142,"haywood, arthur l iii",1
18143,"dellafiora, logan friends of",0
18144,"smith,daniel burton jr",1
18145,gerald carnicella,1
18146,jill linta,1
18147,"monroe, elizabeth  ",1
18148,monroe betsy friends of,0
18149,"shaffer, jeremy kevin ",1
18150,"delloso, david m ",1
18151,eric j. epstein,1
18152,jay ting walker,1
18153,friends of jeff cole,0
18154,38th ward dem executive cmttee,0
18155,commitee to elect kristin seale,0
18156,daryl kirk boling,1
18157,bricklayers &amp; allied craftworkers pac local 0001 bac,0
18158,plan w,0
18159,bedford co rep committee,0
18160,delaware co. rep. finance com. 7900243,0
18161,"hacker, pamela a ",1
18162,"santana, tom",0
18163,comm. to elect fawn walker-montgomery,0
18164,"hamilton, mark people to elect",0
18165,pittsburgh dsa-pac,0
18166,"taylor, ebony  ",1
18167,"marsh, laban a ",1
18168,pfizer pac                                                  ,0
18169,joshua hershey,1
18170,greene co. rep com,0
18171,pa. republican caucus of county commissioners prccc,0
18172,central susquehanna builders assn pac,0
18173,"rohanna mcclure, elizabeth l",1
18174,"taylor, ebony friends to elect",0
18175,delaware co rep women's committee,0
18176,friends of bob brooks (bob brooks),0
18177,friends of jim junkin,0
18178,"pac pard philpac c/o burt zaslow, treasurer",0
18179,curtis a. werner,1
18180,"kinney, rebecca l friends of",0
18181,flippable- pennsylvania victory fund,0
18182,"sister district project, inc.",0
18183,"strano taylor, kerith cares",0
18184,"nelson, matt friends of",0
18185,moveon.org political action ,0
18186,"filippi, richard e ",1
18187,"day, gary  w ",1
18188,"darragh, matthew j friends of",0
18189,elk county republican com,0
18190,"plosa-bowser, bev for pa",0
18191,bellevue democratic comm,0
18192,friends of scott larue,0
18193,emerge pac pa,0
18194,clinton co dem com,0
18195,rocco jeff friends of,0
18196,sorace for mayor,0
18197,friends of patty - pat kozlowski,0
18198,"friends of yardley borough david appelbaum, treasurer",0
18199,patricia l. kozlowski,1
18200,deb fulham-winston for carlisle borough,0
18201,committee to elect chernisky smith,0
18202,friends of ron castille,0
18203,"kuklis, joe",0
18204,"sosniak, linda kay ",1
18205,one vote at a time pennsylvania ,0
18206,"kasunic, richard a. campaign comm., % richard a kasunic, treas",0
18207,katie muth,1
18208,markosek campaign brandon,0
18209,cris dush,1
18210,anheuser-busch companies inc. political action committee,0
18211,"hohenstein, joseph c ",1
18212,"cole, maryanne friends of",0
18213,"hanbidge, laura  elizabeth frances ",1
18214,"mundiath, chris for state representative",0
18215,"johnson rothman, sara joanne ",1
18216,cvs health political action committee                               ,0
18217,forward majority action 527 pa,0
18218,"filippi, rick friends of",0
18219,bayada home health care pa pac,0
18220,friends for virgil walker,0
18221,ydacpac,0
18222,strong public schools pittsburgh c/o wayne d. gerhold,0
18223,committee to elect kristin seale,0
18224,"mizgorski, lori we believe",0
18225,taras for pa smerchanskyy,0
18226,"mulvey, sue ann ",1
18227,valerie gaydos for pa,0
18228,valerie gaydos,1
18229,pink collar pac,0
18230,chester county young democrats,0
18231,kay for judge yu,0
18232,patrick dougherty for judge,0
18233,ruth mackley dem club,0
18234,langhorne manor democratic committee,0
18235,chester county chamber pac c/o marianne martelli treasurer,0
18236,venango co. rep. comm.,0
18237,committee to elect tom breth,0
18238,"united democratic committee of mt. pleasant, scottdale and east huntingdon",0
18239,bradford county council of rep women,0
18240,gallagher mike friends of,0
18241,lancaster county association of realtors political action committee lcar-pac,0
18242,second district luzern county republican committee,0
18243,robert heller,0
18244,chester county womens leadership initiative,0
18245,washington county republican committee,0
18246,friends of barry cockley,1
18247,tavern pac                                                  ,0
18248,krawchuk'18,0
18249,"healey, marty committee to elect (martyhealey.com)",0
18250,pioga pac - pa ind: oil &amp; gas,0
18251,pioga pac pa ind. oil &amp; gas,0
18252,pioga pac pa ind oil &amp; gas,0
18253,lebanon county young republicans,0
18254,"causer, martin t.",1
18255,"webster, joe, friends of",0
18256,50th ward democratic executive committee,0
18257,friends for jay moyer,0
18258,jefferson co rep party,0
18259,friends of mike baker,0
18260,"behrend ernsberger, barbara for judge",0
18261,principles over politics,0
18262,phila dem campaign committee of,0
18263,"martino, dan friends of ",0
18264,joshua baird hershey,1
18265,friends of bryan kline,0
18266,tioga co dem party c/o treasurer robert wooley,0
18267,greene co rep com c/o clint blaney treasurer,0
18268,bikers pac bikepac c/o carol umbenhaver treasurer,0
18269,chadds ford democratic partry,0
18270,cozzone for pa (lt gov),0
18271,guzman for the 127,0
18272,delaware county rep state com of,0
18273,pa truck association pac (pmta pac),0
18274,friends of lauren lareau,0
18275,western pennsylvania political action fund,0
18276,bachman for pa house,0
18277,committee to elect sharon guidi pa house 40th,0
18278,huntingdon county democratic comm.,0
18279,pa for peg,0
18280,"williams, claudette friends of for senate",0
18281,friends of quincy,0
18282,lcar - pac,0
18283,ted harhai campaign fund,0
18284,cement masons &amp; plasterers local 592,0
18285,local #44 political action committee,0
18286,thomson rhodes and cowie pc pac,0
18287,ward 08 democratic executive committee,0
18288,iuec local 5 pac,0
18289,p.sa action pac,0
18290,"leach, daylin day pac",0
18291,"doyle, mike freinds to elect",0
18292,friends of regina scheerer,0
18293,people for dennis weaver,0
18294,committee to elect sernell,0
18295,pennsylvania republican outreach (propac),0
18296,"brennan, timothy patrick ",1
18297,"lee, andy friends of",0
18298,adam anthony rodriguez,1
18299,"devine, michael u ",1
18300,kimberly m. hart,1
18301,trish wertz,1
18302,williams,1
18303,"cozze, amy",1
18304,"dixon, paul pa 4",0
18305,friends of robert castellani,0
18306,robert castellani,1
18307,"bartos, jeffrey a ",1
18308,"powell markle, tracy friends of",0
18309,jeremy kevin shaffer,1
18310,"anderson, julie friends of",0
18311,"cozzone, kathleen m ",1
18312,"vazquez, emilio friends of",0
18313,"wertz, tricia l ",1
18314,"daley, mary  josephine ",1
18315,"donnelly, sarah friends of ",0
18316,"newborn, maryalice friends of",0
18317,james s junkin,1
18318,"newborn, maryalice  ",1
18319,"monroe, betsy friends of",0
18320,"hunt, doug friends of",0
18321,francis mchale,1
18322,elect bill kortz,0
18323,"wheeler, julie dietz ",1
18324,"doddato, bob friends of",0
18325,brandon j. markosek,1
21531,terrance shepler,1
21532,"vecchio, erin committee to elect",0
21533,"friends of korns, michael",0
21534,"stewart greenleaf, jr.",1
21535,"glover, paul for govenor",0
21536,"cozze, amy friends of",0
21537,"capouellez, justin f ",1
21538,james roman,1
21539,"curry, jeffrey paul ",1
21540,"glover, paul  ",1
21541,"dush, cris  e ",1
21542,"dean cunnane,madeleine  ",1
21543,"ecker, torren c.",1
21544,christina d sappey,1
21545,scott larue,1
21546,"cockley, vincent barry",1
21547,"scott wagner for governor, inc",0
21548,"taylor, kerith strano ",1
21549,ward 26 rep exec com                                        ,0
21550,jerry carnicella for state representative,0
21551,de pasquale for pa,0
21552,(bowl pac),0
21553,pac (oto pac),0
21554,pa college of emergency physician pac (pep pac),0
21555,"collett, maria for pa",0
21556,day &amp; zimmerman inc (daypac-federal),0
21557,energy leaders political action committee of vistra energy,0
21558,rep state leadership committee pac &amp; individual account,0
21559,local 0107 pac,0
21560,kara scott friends of,0
21561,local 542,0
21562,friends of judith higgins,0
21563,unidosus action pac,0
21564,"brennan, tim friends of",0
21565,friends of tony sposato,0
21566,pa sierra club ie pac,0
21567,friends of mary auker - endres,0
21568,jordan yeager for judge,0
21569,friends of tom logan,0
21570,"wuf political action fund c/o: william brooks, secretary-treasurer",0
21571,"western pennsylvania laborers' political action fund c/o: william brooks, secretary-treasurer",0
21572,bernard williams for state representative,0
21573,hope pac,0
21574,"brown, amen friends for",0
21575,kutak rock llp political action committee,0
21576,12th ward democratic committee,0
21577,nina for pa ahmad,0
21578,franklin park rep com,0
21579,local 2026 faculty fed/comm. c,0
21580,"mt. lebanon democratic committee c/o peter radunzel, treasurer",0
21581,friends of debby derricks,0
21582,"ullman, wendy friends of",0
21583,"kiss, dan friends of",0
21584,camera for senate bartolotta,0
21585,"settles, diane  ",1
21586,"walker, jay friends of",0
21587,"walker, jay ting ",1
21588,"thomas, lewis friends of                                    ",0
21589,"toprani, steve friends of",0
21590,"kenney, james for philadelphia",0
21591,friends of mike stewart,0
21600,"otten, danielle friel ",1
21601,maria collett,1
21602,4wethepeople-cook,0
21603,"robert tommy"" tomlinson""",1
21604,"caylor, shane friends to elect",0
21605,"bertha, robert andrew  ",1
21606,"warren, collin committee to elect",0
21607,kathleen coder,1
21608,"mccabe, jon for pa",0
21609,"caylor, shane d ",1
21610,"ughetto, joseph eugene ii",1
21611,"lehman, aaron  winsor ",1
21612,pa federation of college republicans,0
21613,ward 31 pac 31 31st ward dem ex com,0
21614,"wright, theresa campaign for",0
21615,"cole, jeff friends of",0
21616,"beaver, douglas m jr",1
21617,"kinney, rebecca l ",1
21618,anthony thomas harrell,1
21619,pittston area fed of teacher com on pol edu,0
21620,michele brooks,1
21621,penns house dem campaign committee,0
21622,joshua nulph for pennsylvania state house of representative,0
21623,friends of jerry leach,0
21624,taxpayers for torren ecker,0
21625,house republican campaign com 2004,0
21626,friends of rob myers,0
21627,"beaver, doug achiever",0
21628,paphcc,0
21629,friends of stephanie walsh,0
21630,jeff cole,1
21631,friends of baltazar rubio,0
21632,washington co rep committee,0
21633,phil dem campaign com of,0
21634,crown pac (pac),0
21635,lower merion &amp; narberth - rep com,0
21636,hcr manor care pac,0
21637,markosek brandon campaign,0
21638,"myers, andrew for pa house",0
21639,andrew myers,1
21640,bowling proprietors association of pennsylvania pac (bowl pac),0
21641,guzman manny for the 127,0
21642,pa for peg luksik,0
21643,plosa-bowser bev for pa,0
21644,bipart pac/the bank of ny mellon corp bipac/bnymc,0
21645,ward 59 dem committee,0
21646,ward 38 dem. exec committee,0
21647,local 107 teamsters,0
21648,friends of chris creek,0
21649,clifton heights rep campaign com,0
21650,campaign for american principles,0
21651,montgomery county democratic women's leadership init,0
21652,pa dental padpac,0
21653,adams county rep committee,0
21654,mcnees llc,0
21655,pa professional fire fighters association,0
21656,tioga county democratic party c/o treasurer robert wooley,0
21657,"madden, maureen e ",1
21658,"gregory stephen wolovich, jr.",1
21659,stephanie walsh,1
21660,"sims,brian k ",1
21661,"delahunt, suzanne citizens to elect",0
21662,"friel otten, danielle 4 pa",0
21663,dean donaher,1
21664,laura burke,1
21665,fight the power,0
21666,"harrell, anthony citizens of the republic",0
21667,friends of tony sposate,0
21668,friends of may isaacson,0
21669,elect emily 4 pa skopov,0
21670,mako zach for pa,0
21671,18 friends of vince gagliardo jr.,0
21672,outdoor advertising association of pennsylvania (oaap pac),0
21673,torren c. ecker,1
21674,charlie dent for congress,0
21675,black economic alliance pac,0
21676,democratic midterm victory fund,0
21677,kutztown area dem committee,0
21678,"delloso, dave friends of ",0
21679,maria for pa,0
21680,"brooks, bob friends of",0
21681,"millard, david com to elect                                 ",0
21682,"moul, dan friends of                                        ",0
21683,"markosek, brandon campaign ",0
21684,"caltagirone, thomas friends of                              ",0
21685,"delozier, sheryl friends of                                 ",0
21686,malcolm for pa pac,0
21687,"martin, scott friends of                                    ",0
21688,"wolf, tom for governor",0
21689,"scavo, frank friends of",0
21690,pittson area fed of teachers,0
21691,local 0211 teamsters drive fund,0
21692,"williamsport area women's democratic club-pac c/o mary beth kibbe, treasurer",0
21693,susquehanna county dem com,0
21694,"miller, cynthia l ",1
21695," mauck, shawn c ",1
21696,voters for an independent preference,0
21697,adams county rep com,0
21698,"sosniak, linda committee to elect c/o heidi k. long",0
21699,"gagliardo jr, vince 18 friends of",0
21700,"fee, mindy friends of",0
21701,friends of nicholas f. selch,0
21702,"follweiler, archie 187",0
21703,"marsh, laban action team",0
21704,"lee, andrew scott ",1
21705,citizens for dan williams,0
21706,"williams, james for pa",0
21707,"williams, james  ",1
21708,"epstein, eric friends of",0
21709,clarion co rep cmtte,0
21710,com to elect joseph e sinnott,0
21711,ward 63 friends of democrat executive committee,0
21712,fayette co rep committee,0
21713,friends of dallas wagner,0
21714,"mcfall, jeff for pa",0
21715,sherwood mcginnis for the 199,0
21716,ed eichenlaub friends of eich (ed),0
21717,freedom's defense fund,0
21718,sullivan co dem committee,0
21719,asbestos heat and frost insulators political action committee,0
21720,33rd ward progressive democrats,0
21721,ray sosa for a better pa,0
21722,friends of gilberto gonzalez,0
21723,friends of honora rockar political action committee (pac),0
21724,friends of honora m. rockar political action committee (pac),0
21725,amy cozzee,0
21726,"sims, brian k ",1
21727,"walsh, stephanie joan ",1
21728,"camson, joshua harris ",1
21729,"kandil, kareem friends of ",0
21730,friends of korns,0
21731,"smith jr., daniel friends of ",0
21732,john hershey,1
21733,jason kelso,1
21734,"kavulich, michael g ",1
21735,"fultz, joshua j ",1
21736,"kiss, daniel joseph ",1
21737,beth m. laughlin,1
21738,"castellani, randy for the 112th",0
21739,"warren, collin  ",1
21740,natalie mihalek,1
21741,terrance m. shepler,1
21742,jean marie vargas foschi,1
21743,sharon l bream,1
21744,susannah lynne walker,1
21745,robert elwood myers iii,1
21746,mike stack,1
21747,"mccabe, jonathan paul ",1
21748,stewart greenleaf jr.,1
21749,"capouellez, justin for pa 71",0
21750,chris mundiath for state representative,0
21751,friends of becky corbin,0
21752,republicans for tim mahoney,0
21753,"dickie, mccamey &amp; chilcote, p.c. political committee",0
21754,bowl proprietors association of pennsylvania (bowl pac),0
21755,pa ophthalmology pac (pao pac),0
21756,mccandless republica committee,0
21757,"reinforced iron workers, riggers &amp; machinery movers local 405",0
21758,phila federal credit union-pac,0
21759,tredyffri township democratic committee,0
21760,laborers' local union no 130,0
21761,helen tai,1
21762,mike jones,1
21763,"thomas, william",0
21764,judith mccormick higgins,1
21765,inderjit bains,1
21766,friends od james craig,0
21767,citizens for mullery,0
21768,friends of ryan warner,0
21769,elizabeth l. rohanna mcclure,1
21770,emergeusa pac pa,0
21771,phila democratic campaign committee of,0
21772,chester county pac c/o tres marianne martelli,0
21773,"acadia healthcare company, inc.",0
21774,pennsylvanians against socialism,0
21775,rep state leadership com pac &amp; individual acct,0
21776,women's pac of ne pa,0
21777,national assn of chain drug stores pac,0
21778,better dalco,0
21779,house demo campaign committee,0
21780,pa psa,0
21781,friends of jack stollstelmer,0
21782,macy's inc retail issues fund,0
21783,votes 4 philly,0
21784,"radian group, inc political action committee (rad pac)                       ",0
21785,delco dems united,0
21786,green party of phila,0
21787,"dellafiora, logan sheriff ",1
21788,"graham, ronald m ",1
21789,"yudichak, john t ",1
21790,"kandil, kareem  ",1
21791,kandil. kareem friends of ,0
21792,"sherlock-king, nicole m ",1
21793,"vulakovich, rudolph  p ",1
21794,james s. junkin,1
21795,joseph e ughetto ii,1
21796,christa caceres,0
21797,"derricks, deborah lee ",1
21798,friends of lisa boeving - learned,0
21799,lisa boeving - learned,1
21800,lisa boeving-learned,1
21801,"doyle, michael francis jr",1
21802,don westbrook,1
21803,local 12 sheet metal,0
21804,urologists for patients access to pare pac (u-pac pac),0
21805,"james, r lee com to elect",0
21806,bowling proprietors association of pennsylvania pac (bolw pac),0
21807,wayne d. fontana,1
21808,pa automotive assn political action committee,0
21809,"bachman, david for pa house",0
21810,friends of pries,0
21811,david bachman,1
21812,friends of dr eck,0
21813,ibew local 456 cope fund,0
21814,120th rep,0
21815,committee to elect jonathan jr rowan state rep,0
21816,committee to elect jonathan jr rowan,0
21817,james john lamb iii,1
21818,"gillen, mark m friends of                                   ",0
21819,north hills republican club,0
21820,ben sanchez,1
21821,"dc of no. nj assn. of bridge, structural, &amp; ornamental ironworkers pac fund",0
21822,"district council of no. nj assn. of bridge, structural, &amp; ornamental ironworkers pac fund",0
21823,american congress of ob-gyns pac (ob-gyn pac),0
21824,smart local #44 political action league,0
21825,"hanbidge, laura elizabeth frances",1
21826,matthew p nelson,1
21827,sherwood mcginnis for the 199th,0
21828,rothman institute pac (see fec c00558700),0
21829,committee to elect nicarol soto,0
21830,crisci associates,0
21831,"rivera-lytle, delma friends for",0
21832,"rivera-lytle, delma  ",1
21833,"sanchez, ben friends of",0
21834,"sanchez, ben  ",1
21835,"pa committee for affordable housing/joseph harcum, treasurer",0
21836,friends for jo spanik																            dem 04 2009 golfway rd.		                                                                       aliqu,0
21837,adams co rep committee,0
21838,"stand up westmoreland, pac",0
21839,radnor twp democratic committee,0
21840,"zurich holding company of america, inc. committee for good government (z-pac)",0
21841,"applebach, thomas lee",1
21842,"hodge, keontay friends of",0
21843,timothy p kuzma,1
21844,"spahr, catherine elizabeth",1
21845,jonathan a fritz,1
21846,friends of tia fritz,0
21847,tia fritz,1
21848,south philly for tom wyatt,0
21849,friends of sean k mcmonagle,0
21850,ezra nanes,1
21851,committee to elect gregory michalek,0
21852,friends of doug hunt,0
21853,the committee to elect robert bertha,0
21854,greene county republican committee,0
21855,the keystone fund,0
21856,lower bucks leadship fund pac,0
21857,"western pennsylvania laborers' political action fund c/o: ribert l. kmecak, jr., secretary-treasurer",0
21858,jonathan jr rowan,1
21859,casa - commonwealth association of school administrators,0
21860,west whitelan democrats,0
21861,general teamsters local 326 pac,0
21862,maggie borski,1
21863,upper dabby republican campaign committee,0
21864,fulton county domestic committee,0
21865,"mitchell, clark committee to elect",0
21866,friends of rueben brock,0
21867,isabella fitzgerald,1
21868,sean mcmonagle,1
21869,"rowan jr, jonathan committee to elect state rep",0
21870,friends of sue mulvey,0
21871,sue ann mulvey,1
21872,leon angelichio,1
21873,friends of the 58th ward executive committe,0
21874,"follweiler, archie l ",1
21875,judith higgins,1
21876,"castellani, randy  ",1
21877,sharon l. bream,1
21878,robert bertha,1
21879,steven toprani,1
21880,rosemary brown fr state rep,0
21881,"sara campbell, citizens for",0
21882,friends of bryan allen,0
21883,friends of jay breneman,0
21884,pa report amalgamated transit union cope acct vol fund,0
21885,citizens for smaller government inc.,0
21886,friends of kim klingensmith hart,0
21887,elizabeth malarkey,1
21888,bryan kline,1
21889,dan k williams,1
21890,danielle friel otten,1
21891,vanessa lowery brown,1
21892,lindsey williams,1
21893,thomas milton street,1
21894,sharon guidi,1
21895,honora m. rockar,1
21896,"wagner,scott r ",1
21897,forward majority action 527 pa pac,0
21899,pa republican caucas of county commissioners,0
21900,bikers pac bikepac c/o carol umbenhaure treasurer,0
21901,hatboro rep org,0
21902,voice of housing of chester/delaware co.,0
21903,"heath, carrie committee to elect for pa house",0
21904,pa dental pac (pad pac),0
21905,firepac - philadlphia,0
21906,baldwin boro democratic org,0
21907,pft400,0
21908,citizens for jason ruff,0
21909,taxpayers for torren,0
21910,mark pinsley,1
21911,friends to elect christine tartaglione,0
21912,"earp, britte",0
21913,josh camson - candidate,1
21914,"frankel, dan b. ",1
21915,tina davis,1
21916,joseph p. soloski,1
21917,2riends of scott conklin,0
21918,john j sweeney,1
21919,kathleen s smith,1
21920,"zabel, michael patrick",1
21921,"shaffer, jeremy kevin",1
21923,"sappey, christina  d ",1
21924,page - delahaye,0
21925,"guzman, manuel m jr",1
21926,"himes, heath committee to elect",0
21927,rebecca p. corbin,1
21928,erin mccracken,1
21929,ryan gallagher,1
21930,steven m. toprani,1
21931,amy fazio,1
21932,kathleen s. smith,1
21933,byron flavin timmins,1
21934,"leach, jerry friends of ",0
21935,collin warren,1
21936,"tomlinson, robt tommy"" for state sen                       """,0
21937,logan wanda,1
21938,central susquehanna builders association pac,0
21939,bev for pa plosa-bowser,0
21940,"friends of caltagirone, thomas",0
21941,"pinsley, mark  ",1
21942,capozzi adler pac % christina mahady,0
21943,friends of trish wertz,0
21944,ebony taylor,1
21945,"abney, aerion andrew ",1
21949,carol hill-evans,1
21950,committee to elect david clark,0
21951,lackawanna county rep. party,0
21952,local 830 teamsters,0
21953,friends of amber little-turner,0
21954,"miller, cindy  committee to elect",0
21955,psna pac (pa state nurses assn)                             ,0
21956,cement masons local 526 pa,0
21957,pa uaw good govt com,0
21958,pa interested citizens pac (pic pac),0
21959,"hill-evans, carol supporters for",0
21960,sullivan co rep com,0
21961,"thomson rhodes and cowie, pc pac",0
21962,local 0081 ibew cope fund c/o treasurer michael mcdermott,0
21963,ward 5 rep com,0
21964,tioga co rep com,0
21965,snyder co dem com.,0
21966,standardbred breeders assoc of pa pac,0
21967,ipal (ironworkers pol action league) c/o kerry a. zettlemoyer,0
21968,"citizens for hughes, vincent",0
21969,"wheatley, jake  ",1
21970,torren ecker,1
21971,committee to elect airneezer page,0
21972,snyder co rep com,0
21973,friends of fee mindy,0
21974,equal justice for all,0
21975,national assoc  of letter carriers of usa pol fund,0
21976,jpmorgan chase co. pac ,0
21977,"moore, zachery",0
21978,"emrick, joe com to elect                                    ",0
21979,"freind, christopher citizens for                            ",0
21980,"malagari, steven richard ",1
21981,"browne, patrick m ",1
21982,paulson for pa senate,0
21983,warren co dem com,0
21984,committee to elect john w. herron,0
21985,chester county dem com,0
21986,local 0433 uwua c/o brian dizon,0
21987,donna bullock,1
21988,concerned democrats of northern dauphin county,0
21989,rep. party of luzerne county,0
21990,maria for pa collett,0
21991,robert bruce mensch,1
21992,pennsylvania campground owners pac (pcoa pac),0
21993,urologists for patient access to care pac (upac pac),0
21994,pa society of physician assistants (pspa pac),0
21995,friends of mary aucker-endres,0
21996,friends of beth tarasi,0
21997,patricia lawton,1
21998,lawton 4 pa,0
21999,bill messner,1
22000,marla brown,1
22001,friends of mike woodin,0
22002,john kane,1
22003,"woodin, michael allan ",1
22004,lisha rowe,1
22005,judy schwank,1
22006,friends of miguel vasquez,0
22007,the national rural electric cooperative assoc action com for rural electrification (acre),0
22008,archer pennsylvania pac,0
22009,"covert, ryan andrew ",1
22010,citizens for freedom and families,0
22011,"friel, paul franklin jr",1
22012,"blickley, shawn david ",1
22013,"shaffer, jeremy k ",1
22014,"petulla, william a ",1
22015,friends of bill petulla,0
22016,brad for pa,0
22017,freedom undivided butler county republicans,0
22018,john zugarek,1
22019,"keefer wetzel, dawn",1
22020,mark joseph temons ii,1
22021,friends of jennifer shukaitis,0
22022,carmela ciliberti,1
22023,friends of cristian luna,0
22024,"chambers, bradford terrell ",1
22025,brad witmer,1
22026,keith james greiner,1
22027,eric davanzo,1
22028,cherri rogers,1
22029,"armanini, michael j ",1
22030,marie a librizzi,1
22031,h scott conklin,1
22032,marie a. librizzi,1
22033,friends of donna petrecco,0
22034,citizens forward pac,0
22035,ordinary people pac,0
22036,friends of neale dougherty ,0
22037,lower makefield/ yardley democratic committee                             ,0
22038,wayne co rep com                                            ,0
22039,aldan borough republican committee,0
22040,willow valley democrats plus                             ,0
22041,patrick gushue for 172nd,0
22042,joe pittman,1
22043,"jay costa, jr.",1
22044,aaron j. bernstine,1
22045,"green, cassandra  ",1
22046,"brown,amen r. ",1
22047,cass green for pa,0
22048,brandon markosek,1
22049,marc anderson for pa house,1
22050,"wyatt, william martin ",1
22051,dan almoney,1
22052,matthew g. davis,1
22053,"kelley, holly r ",1
22054,zachary r. kile,1
22055,friends of holly kelley,0
22056,stand with dan,0
22057,zachary r kile,1
22058,wendy jo fink,1
22059,robert medin leadbeter ii,1
22060,cristian luna,1
22061,ashlee caul,1
22062,joshua kail,1
22063,emily kinkead,1
22064,matt kruth,1
22065,"siegel, joshua m ",1
22066,joshua siegel,1
22067,friends of joshua siegel,0
22068,"mayes, latasha d. ",1
22069,joseph picozzi,1
22070,"dillon, james  ",1
22071,dillon james,1
22072,dillon for senate,0
22073,devlin robinson,1
22074,"stoicovy-ruscitto, nicole  ",1
22075,nicole for pa,0
22076,"hanna, heather m ",1
22077,friends of eric weaknecht,0
22078,pursuit pac,0
22079,united republicans butler county ,0
22080,daniel j. deasy,1
22081,dan miller,1
22082,friends of hadley haas,0
22083,hadley haas,1
22084,hadley s. haas,1
22085,"zelenak, margaret a ",1
22086,friends of margie sabo zelenak,0
22087,"yoder, matthew r. ",1
22088,"mcgaw, nicholas s ",1
22089,elect matt yoder,0
22090,pick nick,0
22091,winston jose dilone martinez,1
22092,"caltagirone, joshua michael ",1
22093,friends for winston dilone,0
22094,"weaknecht, eric j ",1
22095,citizens for heather hanna,0
22096,robert vigue,1
22097,"scialabba, stephenie g. a.  ",1
22098,friends of stephenie scialabba ,0
22099,dan frankel,1
22100,pharmacann pac,0
22101,nathan wolfe,1
22102,"venkat, arvind",1
22103,friends of arvind venkat,0
22104,john george,1
22105,commonwealth better govt pac,0
22106,friends of james julius,0
22107,plaidsylvania,0
22108,elder vogel jr.,1
22109,ismail smith-wade-el,1
22110,"smith-wade-el, ismail muhammed ",1
22111,friends of izzy,0
22112,friends for stehr for state rep,0
22113,greg scott,1
22114,stehr for state rep joanne stehr,1
22115,brian casey allen rasel,1
22116,louis schmitt,1
22118,louis c schmitt,1
22119,campaign fund for kyle siskron-leonard,0
22120,friends of michelle rupp,0
22121,laura elizabeth hanbidge,1
22122,"rupp, michelle l ",1
22123,michelle rupp,1
22124,jesse w topper,1
22125,dan moul,1
22126,friends of dan moul campaign,0
22127,josh caltagirone for pa,0
22128,friends of jacklyn rusnock,0
22129,mark m. gillen,1
22130,"labs, shelby e. ",1
22131,eleanor breslin,1
22132,friends of eleanor breslin,0
22133,craig t. staats,1
22134,vera cole for pa,0
22135,"cole, vera j ",1
22136,"jones, paul michael ",1
22137,jasmine rivera,1
22138,friends of michael stender,0
22139,"michael stender, jr.",1
22140,tina pickett,1
22141,matthew wayma,1
22142,"wayman, matthew edward ",1
22143,john george for pa,0
22144,"o&#39;neal, timothy jon ",1
22145,"o&#39;neal, tim friends of",0
22146,fredericka j. lingg,1
22147,frederick j. lingg,1
22148,"cooper, jill nixon ",1
22149,friends of jill cooper,0
22150,friends of magwood for pa,0
22151,james bruno struzzi,1
22152,dallas kephart,1
22153,friends of dallas kephart,0
22154,"barger, scott d ",1
22155,jim gregory,1
22156,pa dental pac (pad pac)                                     ,0
22157,pop pac,0
22158,upper chesco democrats,0
22159,"steeg, sean c ",1
22160,richards. irvin,1
22161,sean steeg for pa general assembly,0
22162,sara agerton,1
22163,friends of sara agerton,0
22164,"gray, janon r. ",1
22165,"reichard, chad gerald ",1
22166,janon gray,1
22167,friends of chad reichard,0
22168,"gray, janon r.",0
22169,kyle donahue,1
22170,friends of kyle donahue,0
22171,scott e. hutchinson,1
22172,"hutchinson, scott com to elect                              ",0
22173,the friends of joe mcandrew,0
22174,kim ward,1
22175,people for kenya johns,0
22176,"johns, kenya  ",1
22178,committe to elect robert e. smith jr.,0
22179,independence blue cross pac (ibc pac),0
22180,upper and lower salford democrats,0
22181,bristol township democratic committee,0
22182,swpa democrats,0
22183,caul for the people,0
22184,friends of bryant j glick,0
22185,committee to elect jake banta,0
22186,douglas v. mastriano,1
22187,cameron schroy,1
22188,cameron schrey,1
22189,friends of doug mastriano,0
22190,patrick j. harkins,1
22191,"strupczewski, matthew l ",1
22192,robert merski,1
22193,friends of matt strupczewski,0
22194,robert e. merski,1
22195,"perich, michael j ",1
22196,"matzie, robert f. ",1
22197,perich for state rep,0
22198,"steele, mandy  ",1
22199,"lotz, gary william ",1
22200,friends of gary lotz,0
22201,people with ashley comans,0
22202,abigail salisbury,1
22203,george anthony rattay,1
22204,charity grimm krupa,1
22205,charity grimm krups,1
22206,"ayala, tina louise ",1
22207,friends of elizabeth moro,0
22208,"williams, wendell craig",1
22209,wendell craig williams,1
22210,elizabeth moro,1
22211,marylouise isaacson,1
22212,joseph c. hohenstein,1
22213,friends of joe hohenstein,0
22214,gene stilp,1
22215,joseph p. kerwin,1
22216,"guzman , manuel m. jr",1
22217,"hogan, joseph f iv",1
22218,"payne , anna  k  ",1
22219,friends of joe hogan,0
22220,"mcphillips, daniel j ",1
22221,brian munroe,1
22222,friends of brian munroe,0
22223,friends of dan mcphillips pa,0
22224,taxpayers for scott barger,0
22225,john flood,1
22226,thomas kutz,1
22227,john flood for pa,0
22228,thomas m jones,1
22229,friends of justin fleming ,0
22230,kyle mullins,1
22231,"adoff, deborah l ",1
22232,"long, matthew joseph ",1
22233,matt long for pa,0
22234,doyle heffley,1
22235,"burns, tina m",1
22236,"barton, james a ",1
22237,"burns, tina m ",1
22238,committee to elect tina burns,0
22239,friends of albert leach,0
22240,"leach, albert  ",1
22241,donna marie scheuren,1
22242,napoleon nelson,1
22243,"pielli, christopher",1
22244,christopher pielli,1
22245,"vollrath, kris r ",1
22246,chris pielli,1
22247,friends of kris vollrath,0
22248,"dawkins, jason  ",1
22249,"griffin, jamillah naderah ",1
22250,"kenyatta, malcolm",1
22251,citizens for naderah griffin,0
22252,"krajewski, rick c ",1
22253,tony dphax king,1
22254,roman kozak,1
22255,"powell, lindsay",1
22256,friends of lindsay powell,0
22257,"mcandrew, joseph melvin ",1
22258,angela girol,1
22259,friends of angela girol,0
22260,andrew kuzma,1
22261,alex taylor,1
22262,carl walker metzgar,1
22263,jamie l. flick,1
22264,john schlegel,1
22265,rachel moyer,1
22266,"diamond, russell h ",1
22267,alec j. ryncavage,1
22268,rick for philly,0
22269,friends of tony dphax king,0
22270,"green, gwendolyn veronica",1
22271,"green, gwendolyn  veronica  ",1
22272,roni green for 190,0
22273,jim rigby,1
22274,therese hollen,1
22275,"takac, paul r. jr.",1
22276,rob kauffman,1
22277,noah kreischer,1
22278,noah4pa,0
22279,pennsylvania grade crude oil coalition pac,0
22280,noah4pa/noah kreischer for pa house,0
22281,p michael sturla,1
22282,"beezer, eric   ",1
22283,executive committee of the 15th ward,0
22284,progressive turnout project,0
22293,dane watro,1
22294,friends of deb adoff,0
22295,citizens for mike zvalaren,0
22296,michael zvalaren,1
22297,"reitnauer, rayne r ",1
22298,david m. maloney,1
22299,reitnauer for pa,0
22300,joe emrick,1
22301,friends of anna thomas,0
22302,anna thomas,1
22303,noah boyd,1
22304,morgan b cephas,1
22305,tarik khan,1
22306,lower merion - narberth rep com                             ,0
22307,harran for sheriff,0
22308,friends of mark moffa,0
22309,"kazeem, carol  ",1
22310,"darren laws, sr.",1
22311,john mancinelli,1
22312,leanne krueger,1
22313,"rader, jack b jr",1
22314,emma rosenthal,1
22315,kristin marcell,1
22316,friends of kristin marcell,0
22317,"ecker, torren c ",1
22318,noah boyd for state representative,0
22319,friends of jason landau goodman,0
22320,friends of erica deuso,0
22321,rodney simon ii,1
22322,friends of rodney simon,0
22323,gabriella mendez,1
22324,dave delloso,1
22327,raymond zaborney,0
22328,friends of nikki rivera,0
22329,friends of eric beezer,0
22330,"stehr, joanne carol ",1
22331,michael schlossberg,1
22332,friends of joe adams,0
22333,robin schooley skibber,1
22334,jeffrey h. olsommer,1
22335,"skibber, robin schooley",1
22336,matthew j. contreras,1
22337,matthew contreras,1
22338,"skibber, robin schooley ",1
22339,michael j mclcloskey iii,1
22340,"ciresi, joseph  ",1
22341,michael j mccloskey iii,1
22342,melissa shusterman,1
22343,"mauro, regina m ",1
22344,gina h curry,1
22345,kerry a. benninghoff,1
22346,kerry a benninghoff,1
22347,smucker for congress,0
22359,keystone future,0
22360,keystone freedom fund,0
22361,rslc - keystone pac,0
22362,constellation energy corporation employee political action committee (cepac),0
22363,megan kocher,1
22364,alec j ryncavage,1
22365,committee to elect megan kocher,0
22366,lee ann mcdermott,1
22367,"musto, patrick  ",1
22368,john morgan,1
22369,fern leard,1
22370,brenda pugh,1
22371,"morgan, john p ",1
22372,musto for pa,0
22373,jeanne mcneil,1
22374,marino for da,0
22375,simone collins for state rep,0
22378,kay dugery,1
22379,greg vitali,1
22380,"dugery, kimberly c ",1
22381,friends of 166,0
22382,pat gallagher,1
22383,patrick gallagher,1
22384,jose giral,1
22385,friends of jose giral,0
22386,joanna e. mcclinton,1
22387,"waxman, benjamin r. ",1
22388,friends of lisa vanwhy,0
22389,jneso - district council 1 iuoe,0
22390,"probst, tarah  ",1
22391,lisa vanwhy,1
22392,"vanwhy, lisa m ",1
22393,seth grove,1
22394,peter g. schweyer,1
22395,"schweyer, peter friends of",0
22396,allen arthur anderson,1
22397,melissa cerrato,1
22398,nancy guenst,1
22399,zach mako,1
22400,joseph w. lenzi (freedom fighters for joe lenzi),1
22401,zachari halkias,1
22402,freedom fighters for joe lenzi,0
22403,"snyder, pam committee to elect",0
22406,friends of mike o'pake for judge,0
22407,hatboro rep organization                                    ,0
22408,nate davidson,1
22409,citizens for alec,0
22413,wtf pac,0
22414,ed neilson,1
22415,friends of peters township,0
22416,adrienne muller,0
22417,"parker, darisha  k. ",1
22418,forward majority action pennsylvania,0
22419,friends of tanya bamford,0
22420,"leonard, matthew j",0
22421,music pac,0
22422,patterson for pennsylvania,0
22423,citizens to elect mike carbonara judge,0
22424,bradford county democratic committee: jeffrey m. gonzalez; tre,0
22425,friends of marjilyn murray,0
22426,"day, gary w ",1
22427,stefanie rafes,1
22428,friends of stefanie rafes,0
22429,"carroll, andre donte ",1
22430,selena victoria hodge,1
22431,andre carroll for pa,0
22432,friends for selena,0
22433,"solomon, jared g",1
22434,haroon bashir,1
22435,wrightstown gop committee,0
22436,pa opportunity and jobs pac,0
22437,committee to elect christine reuther,0
22438,friends of united for heather lewis,0
22439,east central pa house republican committee,0
22440,local 0081 cope account,0
22441,"pennsylvania committee for affordable housing/jill pento, treasurer; don olsommer, assist treas",0
22442,red lion home cove creates jobs pac,0
22443,carroll engineering corporation leadership pac,0
22444,nepatla pac,0
22445,pat for pa,0
22446,smart local #44 sheet metal workers p.a.l.,0
22447,iuec local 84,0
22448,voice of housing of chester and delaware carts,0
22449,i.p.a.l. (ironworkers political action) c/o george zalar,0
22450,hispanic republican coalition of pa,0
22451,committee to elect andrew kuzma,0
22452,tinicum bridgeton democrats - 20180545,0
22453,taylor martin / people for taylor martin,0
22454,indivisible action pennsylvania,0
22455,pa citizens pac,0
22456,friends of carol kazeem ,0
22457,i'm for watro,0
22458,friends of rachel moyer,0
22459,friends of nathan wolfe,0
22460,friends of darlene smail,0
22461,"tioga county democratic party c/o rachelle lerner, treas",0
22462,friends of jim haddock,0
22463,"qpac c/o treasurer, arthur d. martinucci",0
22464,citizens for democratic action,0
22465,open democracy pac,0
22466,the first ask,0
22467,"civil &amp; environmental consultants, inc. pac",0
22468,juniata co rep com                                          ,0
22469,friends of jamie flick,0
22470,tim defoor,1
22471,"khan, joseph jamil ",1
22472,keir bradford-grey,1
22473,erin r. mcclelland,1
22474,ryan bizzarro,1
22475,dave sunday,1
22476,"kenyatta, malcolm  ",1
22477,eugenio depasquale,1
22478,"stollsteimer, jack  ",1
22479,craig williams for pa,0
22480,"garrity, stacy l ",1
22481,montgomery twp rep com                                      ,0
22482,oxgrove democratic com,0
22483,partners in development pa pac,0
22484,mccaffery for supreme court,0
22485,friends of prokopiak,0
22486,friends of brian j mcginnis,0
22487,collier republican committee,0
22488,friends of mckayla kathio,0
22489,keep the lights on pac,0
22490,david sunday,1
22491,keir bradford - grey,1
22492,joseph jamil khan,1
22493,erin r mclelland,1
22494,depasquale for ag,0
22495,friends of gabriella mendez,0
22496,frost brown todd pennsylvania pac,0
22497,friends of jen dintini,0
22498,friends of zachary kile,0
22499,wyoming county republican committee,0
22500,tinicum bridgeton democrats ,0
22501,committee to elect erin mcclelland,0
22502,battista for judge,0
22503,jack for ag,0
22504, citizens for boyle,0
22505,scott f martin,1
22506,trex for senate,0
22507,"kim, patricia h ",1
22508,nick difrancesco,1
22509,kenneth m. stambaugh,1
22510,committee for ken stambaugh,0
22511,makenzie white,1
22512,kami stulginksas,1
22513,jan dintini,1
22514,nick pisciottano,1
22515,jen dintini,1
22516,committee for makenzie white,0
22517,"pisciottano, nickolas r ",1
22518,friends of nick pisciottano,0
22519,political information committee of cpass (pic-cpa),0
22520,elect robert leadbeter,0
22521,pa freedom fund,0
22522,friends of pat harkins,0
22523,jessica benham,1
22524,k8forpa,0
22525,"king , selena  nichole  ",1
22526,dan laughlin,1
22527,"wertz, robert james jr",1
22528,selena for pa,0
22529,friends of jim wertz,0
22530,"cancilla, joseph richard ",1
22531,"banta, jake  ",1
22532,lawpac (pa assoc. for justice)                              ,0
22533,north penn rep club                                         ,0
22534,smart local #44 sheet metal workers pal,0
22535,eric settle for attorney general,0
22536,cambria future prosperity pac,0
22537,c&amp;g pac,0
22538,friends of susan gibson,0
22539,committee to elect michael walker,0
22540,michael c. walker,1
22541,"walker, michael charles ",1
22542,committee to elect galt,0
22543,steve mekanik,1
22544,brian monroe,1
22545,timothy patrick brennan,1
22546,"mekanik, steven  ",1
22547,friends of steve mekanik,0
22548,"warren, perry sinclair jr.",1
22549,area six republican committee,0
22550,oto pac (pa academy of otolaryngology),0
22551,courier plus inc d/b/a dutchie political action committee,0
22552,criscipac,0
22553,pennsylvania laborers' district council pac fund,0
22554,friends of lisa kerle,0
22555,robin for 139,0
22556,friends of fern leard,0
22557,jayforpa,0
22558,friends for liz piazza,0
22559,pa commonwealth pac,0
22560,funton county democratic committee,0
22561,rslc pac,0
22562,in for inglis,0
22563,"inglis, john c iii",1
22564,victoria schmotzer,1
22565,friends of stone,1
22566,stone sobieralski,1
22567,anthony j. olasz,1
22568,natalie stuck(mihalek),1
22569,natalie stuck mihalek,1
22570,joshua kent bashline,1
22571,"cangelo, sonia marie ",1
22572,pat ritchie,1
22573,"kerle, lisa  ",1
22574,darlene smail,1
22575,clay kennemuth,1
22576,friends of donna oberlander,0
22577,kathy l. rapp,1
22578,frank burns,1
22579,amy bradley,1
22580,"hensel, dale l ",1
22581,friends of bob rudy,0
22582,bob rudy,1
22583,steven c. mentzer,1
22584,pa assn of milk dealers (pamd)                              ,0
22585,"madsen, david  a  ",1
22586,friends of dave madsen,0
22587,robert j. jeffries,1
22588,friends of bobby jeffries,0
22589,dr anju singh,1
22590,anju singh,1
22591,"cepeda-freytiz, johanny  ",1
22592,johanny cepeda-freytiz,1
22593,susan larkin for pa,0
22594,friends of johanny cepeda-freytiz,0
22595,meriam sabih,1
22596,meriam h sabih,1
22597,friends of meriam sabih,0
22598,"bitting, jared peter ",1
22599,ann flood,1
22600,bitting 4 pa,0
22601,candace cabanas,1
22602,friends of candace cabanas,0
22603,jim prokopiak,1
22604,jim prokopick,1
22605,friends of melanie bidlingmaier,0
22606,jeffrey o. jones,1
22607,heather boyd for pa,0
22608,heather boyd,1
22609,"o&#39;mara, jennifer  ",1
22610,elizabeth piazza,1
22611,"gill, aizaz  ",1
22612,"dougherty, sean michael ",1
22613,gill for pa,0
22614,aizaz gill,1
22615,patrick gushue,1
22616,sean dougherty for state rep,0
22617,northampton county difference makers,0
22618,republican committee of verona,0
22619,friends of rick christie,0
22620,friends of jeff olsommer,0
22621,mn8 energy llc political action committee (mn8 pac),0
22622,phillys voice pac,0
22623,amalgamated transit union - cope,0
22624,teamsters local 8 pac                                       ,0
22625,"murzyn, joe",0
22626,central chester county democrats,0
22627,pennsylvania emergency physicians political action committee (pep-pac)               ,0
22628,butler gop           ,0
22629,limerick future fund,0
22630,lehigh valley republican party (lv gop),0
22631,pa liquor enforcement association pac,0
22632,friends of john cole,0
22633,i back boots hetherington,0
22634,susquehanna township republican committee,0
22635,christy brady for city controller,0
22636,warminster twp republican club,0
22637,great valley dems,0
22638,citizens for dr anju singh,0
22639,ward 54 dem executive com                                   ,0
22640,scott f. martin,1
22641,pa safe roads pac,0
22642,chrissy houlhan for congress,0
22643,friends of dave nissley,0
22644,friends of lisha rowe,0
22645,south philly votes,0
22646,"burgos, danilo  ",1
22647,montana for pennsylvania,0
22648,montana hartman (candidate),1
22649,"gleim, barbara  ",1
22650,rick christie,1
22651,"hartman, montana  ",1
22652,four kids pac,0
22653,build payr pac,0
22654,friends of tina nixon,0
22655,ricky&#39;s pride,0
22656,craigs record informing my election selection,0
22657,keep america rolling pac,0
22658,maria brown for pa,0
22659,bristol township democratic party,0
22660,chris deluzio for congress,0
22661,leaders we deserve,0
22662,cv residents for change,0
22663,friends of matt kruth,0
22664,young republican of delaware county,0
22665,committee to elect jesse monoski,0
22666,steel valley republican committee,0
22667,clipboard pac,0
22668,committee to elect chuck nelson,0
22669,katie evans for supervisor,0
22670,pa women in red,0
22671,westtown thornbury birmingham democratic committee,0
22672,"enterprise holdings, inc. / enterprise mobility political action committee",0
22673,amhp holdings corp. political action committee (amerihealth caritas pac),0
22674,committee for effective government,0
22675,jasmine rivera for pa,0
22676,"ne hope solebury republican club, club, filer id: #20220635",0
22677,win pa,0
22678,friends of cameron schroy,0
22679,friends of tom jones,0
22680,friends of brian rasel,0
22681,wholesale & specialty insurance assocaition ,0
22682,committee to elect janon gray,0
22683,iron mountain incorporated employees pac (impac),0
22684,women rise pa,0
22685,friends of ron tanney,0
22686,nationwide mutual insurance company political committee,0
22687,keir for ag,0
22688,falls township democratic party,0
22689,dispac (distributor pac),0
22690,the new 56th ward republican committee,0
22691,friends of cindi ward,0
22692,friends for zachary kile,0
22693,commonwealth united pac,0
22694,phl freedom fund pac,0
22695,organon &amp; co. employee political action committee,0
22696,"beem, kara d",0
22697,dormont republican committee,0
22698,pa academy of nutrition and dietitics pac (pand pac),0
22699,outdoor advertising assn pa pac                             ,0
22700,jacob corman,0
22701,lawrence co dem com                                         ,0
22702,democratic jewish outreach pennsylvania state pac,0
22703,eqt corp state pac                                          ,0
22704,22nd ward independent democrats pac,0
22705,delco first,0
22706,voters for victoria,0
22707,dave sunday for ag,0
22708,friends of josh bashline,0
22709,potter co. republican committee,0
22710,toll brothers inc.,0
22711,205 pac,0
22712,"dickie mccamey &amp; chilcote, p.c. political action committee",0
22713,i am you! committee c/o mary taylor,0
22714,markosek for state legislature,0
22715,marla brown for pa,0
22716,citizens for children,0
22717,friends of vincent a. vicites,0
22718,wyoming county pa democratic party,0
22719,human rights campaign,0
22720,erin willman campaign,0
22721,friends of jamila winder,0
22722,venango county republican com.,0
22723,vote kathy for philly,0
22724,vail resorts employee political action committee,0
22725,national association for gun rights-pac,0
22726,berks county democratic committee,0
22727,technology network pennsylvania pac,0
22728,friends of joe khan,0
22729,babst calland clements and zomnir pc political action committee,0
22730,pa campground owners pac,0
22731,friends of marla hexter,0
22732,milliron & goodman pac                         ,0
22733,pa ophthalmology pac                                        ,0
22734,ecolab inc. poilitical action committee,0
22735,pa deer farmers association pac (pdfa pac)                     ,0
22736,chester co chamber pac                                      ,0
22737,"smart ( sheet metal, air, rail and trasnportation)",0
22738,friends of christopher thomas,0
22739,pennsylvania american water political action committee,0
22740,one pa victory pac,0
22741,iw3 pac,0
22742,political labor action now (plan),0
22743,independent state store union pc,0
22744,garnet valley democrat committee,0
22745,democratic for shaler,0
22746,"everytown for gun safety action fund, inc. pac (everytown pac)",0
22747,north hills republican committee,0
22748,radomski sean friends of,0
22749,mspac,0
22750,friends of amy bradley,0
22751,pa patriot pac,0
22752,"gun owners of america, inc. committee",0
22753,the bipartisan network pac,0
22754,"mock, eric",0
22755,the center for freethought equality pac,0
22756,pa stands up state pac,0
22757,joseph katter,0
22758,upper moreland rep com                                      ,0
22759,thornbury twp rep party,0
22760,cumberland county young republicans,0
22761,friends of lee ann mcdermott,0
22762,friends of mercedes evans,0
22763,vote picozzi,0
22764,friends of nick difrancesco,0
22765,pennridge area gop,0
22766,voices and strong decisions,0
22767,friends of tony guy,0
22768,friends of aj olasz,0
22769,republican committee of lancaster county,0
22770,friends of jeff jones,0
22771,greene county republican comittee,0
22772,pa manufactured housing pac c/o dalane eisenhart,0
22773,friends of tom duerr,0
22774,common good - lancaster,0
22775,wyomissing democrats pac,0
22776,phila food pac                                              ,0
22777,pa advocates for insurance reform political action committee,0
22778,movement voter pac,0
22779,susquehanna co rep com                                      ,0
22780,pa leaders action fund,0
22781,custom pac                                                  ,0
22782,city of pittsburgh 19th ward democratic committee,0
22783,international association of heat and frost insulators and allied workers poltical action committee            ,0
22784,friends of john schlegel,0
22785,the committee to elect john zugarek,0
22786,friend of prokopiak,0
22787,second generation pa,0
22788,starter pac,0
22789,make liberty win,0
22790,greg scott pac,0
22791,"gun owners of america, inc committee",0
22792,cwa-cope pcc,0
22793,friends of jenna,0
22794,ehasz for congress,0
22795,burns scalo community investment pac,0
22796,"essential utilities, inc. political action committee",0
22797,guy for congress,0
22798,iron workers political action league,0
22799,o&#39;hanlon for pa ,0
22800,"elevance health, inc. political action committee (elevance health pac)",0
22801,enbridge (u.s.) inc. political action committee (enbridge pac),0
22802,pennsylvania conservative women,0
22803,somerset county young republicans,0
22804,luzerne county democrats - district 2,0
22805,pennsylvania rising,0
22806,teamsters local 628 pc,0
22807,friends of john han,0
22808,cwa-cope pac,0
22809,friends of taiba sultana,0
22810,citizens for kozak,0
22811,elevate pennsylvania pac,0
22812,"windstream holdings ii, llc federal political action committee",0
22813,"mcenteer, mollie a",0
22814,lady liberty 1776,0
22815,upper perk democrats-area 2,0
22816,montgomery county republican womens leadership,0
22817,friends of aaron berstine,0
22818,pgh dsa pac,0
22819,friends of donna scheuren,0
22820,friends for finn committee,0
22821,bedford county democratic committee,0
22822,area 1 democrat committee,0
22823,bellmon for pa,0
22824,committee to elect rob vigue,0
22825,committee to elect scott zelov,0
22826,committee for anne rivers,0
22827,committee to elect r lee james state representative,0
22828,luzerne county first district democrats,0
22829,friends of tracy pennyculck,0
22830,"boscaccy, shauna",0
22831,republic services inc. employees for better govt. pac,0
22832,tyson foods inc political action committee (typac),0
22833,"geanopulos, nicholas",0
22834,robert r. goetz (elk county republican committee),0
22835,friends of joe rooney,0
22836,elaine for delco,0
22837,pa truck pac                                                ,0
22838,seth for the people,0
22839,penn manor demcratic committee,0
22840,teamsters local 250 political action committee,0
22841,matt for judge,0
22842,committee to elect marie librizzi,0
22843,fred keller for congress,0
22844,joe d for pa,0
22845,api pa votes,0
22846,"shuey, justin",0
22847,forward party,0
22848,friends of john mancinelli,0
22849,friends of jamie lingg,0
22850,friends of john morgan,0
22851,brenda for pa,0
22852,"tioga county democratic party c/o rachelle lerner, treas.",0
22853,springfield township democratic committee montgomery county,0
22854,pocono builders asociation,0
22855,kami for senate,0
22856,republicans with hope,0
22857,coal miners pac (utd wrkrs of amer),0
22858,dlcc pac,0
22859,central westmoreland candidates foundation,0
22860,"(pa phcc) pennsylvania association of plumbing heating cooling contractors, inc",0
22861,garnet valley democratic committee,0
22862,i.p.a.l (ironworkers political action) c/o george zalar,0
22863,friends of nick miller,0
22864,"local union 542, pittsburgh sprinkler fitters",0
22865,oxford are republican committee,0
22866,area 25 republican committee,0
22867,republican commitee of upper chichester,0
22868,friends of talba sultana,0
22869,kutx for pa,0
22870,lancaster principles pac,0
22871,62nd ward fighting democrats,0
22872,rights above wealth pac,0
22873,penn health pac,0
22874,friendsof sajda purple blackwell,0
22875,warwick township democratic association - filer id 20200266,0
22876,friends of pries &amp; saylor,0
22877,northeast pa democratic caucus: c/o jeffrey m. gonzalez; tres,0
22878,bristol borough committee to secure future,0
22879,pa interested citizens pac c/o denis payne asst. treasurer,0
22880,team gergely,0
22881,area one democrat committee,0
22882,friends of liz piazza,0
22883,fetterman for pa,0
22884,friends of pat gallagher,0
22885,wfp national pac,0
22886,south philadelphia open ward 39a pac,0
22887,buckley for pa,0
22888,italian american democratic leadership council,0
22889,charity for pa rep.,0
22890,rep friends or area 4,0
22891,york couty young republicans,0
22892,travelers companies inc pac (tpac)                          ,0
22893,4.b neighbors,0
22894,kenyatta for auditor,0
22895,friends of anita astorino kulik,0
22896,committee to elect steph waggett for state rep,0
22897,we invest in lives and dreams (wild) pac,0
22898,friends of matthew contreras,0
22899,team halkias,0
22900,civil solutions pac,0
22901,sean strub campaign committee,0
22902,"united democrat of mt. pleasant, scottdale, east huntingdon twp",0
22903,luzerne country republican party,0
22904,tip of the spear pac,0
22905,armstrong county republican committee,0
22906,alliance of automotive svc provides of pa pac,0
22907,common power-pa,0
22908,chester co rep com of                                       ,0
22909,friends of melissa cerrato,0
22910,"committee of interns and residents, seiu local 1957 health care advocacy fund",0
22911,delaware county republican finance committee,0
22912,blair county accountability p.a.c.,0
22913,environmental defense action fund pac (edafpac),0
22914,committee to elect clay kennemuth,0
22915,women's democratic club of delaware county,0
22916,the cigna group employee political action committee,0
22917,resolute republic action,0
22918,l pac,0
22919,i like mike pa,0
22920,chrisdbsforda pa,0
26325,friends of ann hess,0
26326,friends of alex taylor,0
26327,"pulizzi, andrea for judge",0
26328,zakiya stewart,0
26329,cambria future prosperity pa,0
26330,keystone victory fund,0
26331,t.c. republican committee c/o marie y seymour,0
26332,therese hollen election committee,0
26333,elect therese hollen pac,0
26334,friends of anna payne,0
26335,northeast pa democratic caucus; c/o jeffrey m. gonzalez: treasurer,0
26336,anthony campisi,0
26337,philly for the people,0
26338,walsh for pa - pac,0
26339,herco inc pac (herco pac)                                   ,0
26340,chrisdbsforda,0
26341,national for gun rights- political action committee,0
26342,jonathan humma,0
26343,mertz for pa,0
26344,pa liquor enforcement assn,0
26345,higher heights for america pac,0
26346,friends of pat harkins % treasurer susan m. kowalski,0
26347,leadership for educationla equity-pennsylvania pac,0
26348,abington rockledge com,0
26349,lehigh valley for all pac,0
26350,friends of gene stilp,0
26351,new generation pac,0
26352,back 2 basics pa,0
26353,friends of erin talbert,0
26354,south schuylkill democratic club,0
26355,climate cabinet,0
26356,shaler democratic committee,0
26357,friends of frank perman,0
26358,local 0081 ibew cope account,0
26359,crisci pac,0
26360,pa manufactured housing pac                                 ,0
26361,pennsylvania opportunity fund,0
26362,pa prof fire fighters assoc pac,0
26363,committee to elect anne marie coyle,0
26364,pa interested citizens pac c/o denis payne asst treasurer,0
26365,smart local #44 sheet metal workers p.a.l,0
26366,i.p.a.l.(ironworkers political action) c/o geoorge zalar,0
26367,robert r. goetz (elk 24 rep.),0
26368,timoney knox llp pac,0
26369,pinsley for pa,0
26370,friends united for heather lewis,0
26371,delco works pac,0
26372,levelfield pennsylvania,0
26373,alliance of automotive svc providers of pa pac,0
26374,friends of erin mullen,0
26375,pittsburgh dsa pac,0
26376,"northeast pa democratic caucus - c/o jeffrey m. gonzalez, treas",0
26377,dem governors' assoc - pa,0
26378,"sumitomo pharma america, inc. political action committee",0
26379,committee to elect pauline calabrese,0
26380,ryan mackenzie,1
26381,amanda m. cappelletti,1
26382,amanda m. cazppelletti,1
26383,"langerholc, wayne jr",1
26384,friends of micah,0
26385,"goring, micah s. ",1
26386,friends of patel,0
26387,k.c. tomlinson,1
26388,"patel, anand gunvant  ",1
26389,matthew gergely,1
26390,"benham, jessica lynn ",1
26391,"waggett, stephanie  ",1
26392,randy j. barli,1
26393,committee to elect stephanie waggett for state rep,0
26394,cheryl bonavita,1
26395,steven r malagari,1
26396,"pradhan, rajeev n ",1
26397,martin t. causer,1
26398,mckean united,0
26399,nicholas samuel jacobson,1
26400,david hummer rowe,1
26401,friends of nick jacobson,0
26402,perry a stambaugh,1
26403,david nissley iii,1
26404,bryan d cutler,1
26405,bryan d. cutler,1
26406,friends of nate davidson,0
26407,committee to elect laura harding,0
26408,jesse a. monoski,1
26409,"harding, laura  ",1
26410,mercedes evans,1
26411,jesse monoski,1
26412,"ward, cynthia p ",1
26413,cynthia p. ward,1
26414,nathan davidson,1
26415,tina l. nixon,1
26416,james walsh,1
26417,cabell for pa,0
26418,"cabell, michael f ",1
26419,jim haddock,1
26420,mckayla kathio,1
26421,james haddock,1
26422,steve samuelson,1
26423,robert freeman,1
26424,talba sultana,1
26425,"collins, simone h ",1
26426,joseph g webster,1
26427,"collins, simone h",1
26428,joseph rooney,1
26429,benjamin v. sanchez,1
26430,kristine c. howard,1
26431,melissa dicranian,1
26432,friends of lisa borowski,0
26433,kathryn buckley,1
26434,lisa borowski,1
26435,"young, regina g ",1
26436,joseph l. sackor,1
26437,"young, regina g.",1
26438,joseph sackor,1
26439,jordan a. harris,1
26440,friends of fredda maddox,0
0,franklin county reagan coalition,0
1,nextgen climate action committee,0
2,zarwin baum good government pac,0
3,mid-atlantic laborers' political league,0
4,toll bros inc pac,0
5,aetna inc. political action committee,0
6,philadelphia federal credit union-pac,0
7,schuylkill county republican committee,0
8,committee for fiscal responsibility,0
9,friends of rob loughery,0
10,run baby run,0
11,lawpac (pa association for justice f/k/a pa trial lawyers association,0
12,nfg papac (national fuel gas) patricia m. delavern,0
13,accountable pa,0
14,friends for judy schwank,0
15,local 0690 plumbers union pol action fund                   ,0
16,allegheny technologies inc pac (at-pac)                     ,0
17,general electric co pac                                     ,0
18,trans associates pac,0
19,pa assn of nurse anesthetists pac                           ,0
20,asplundh expert co pac                                      ,0
21,friends of russ diamond,0
22,cambria co dem com                                          ,0
23,pa athletic trainers pac (pat pac),0
24,"cutler, bryan friends of                                    ",0
25,pa chamber of business and industry pac,0
26,neca - pac                                                  ,0
27,pma pac(pa manufacturers assn)                              ,0
28,gpcc pennpac,0
29,realtors assn metro pgh pac - ramp pac                      ,0
30,local 0005 bricklayers/allied craftsman pac                 ,0
31,local 0030 comp roofers union pac                           ,0
32,pasnap - pa assn staff nurses/allied profs                  ,0
33,monroe co dem com                                           ,0
34,allegheny county democratic committee,0
35,pharmpac (pa pharmacy pac) c/o treas: patricia a. epple,0
36,citizens for mark schweiker,0
37,taxpayers for ethical government,0
38,pft pol action fund (pgh fed t,0
39,mifflin county republican committee,0
40,asbestos heat &amp; frost insulators pac,0
41,acba judicial excellence committee,0
42,"spurgeon for judge; c/o eric l. bradley, treasurer",0
43,friends for sheryl delozier,0
44,friends of frank farry,0
45,republican state leadership committee - judicial fairness initiative,0
46,teamsters local 384 pac,0
47,friends of carl walker metzgar,0
48,friends of jim wansacz,0
49,labor votes pac,0
50,brighter pennsylvania pac,0
51,south philadelphia democratic club,0
52,clifton heights republican campaign committee,0
53,ward 10 executive committee,0
54,laborers local 1174 pol actio,0
55,financial businesspersons association,0
56,s&t bank pac                                                ,0
57,wecht 2015,0
58,friends of pauline calabrese for judge,0
59,"new frontier fund, the",0
60,believe again pac,0
61,pabar pac (pa bar assn)                                     ,0
62,"maher, john com to elect                                    ",0
63,"donatucci, maria p friends of                               ",0
64,friends of aaron bernstine,0
65,"mcneill, dan friends of",0
66,"vitali, gregory vote com                                    ",0
67,gmp(glass molders pottery)pol ed pac                        ,0
68,rcpa-pac,0
69,tom anderson for judge,0
70,horsham rep party                                           ,0
71,"hayes, kristen friends of",0
72,the new frontier fund,0
73,jenkintown rep com                                          ,0
74,liberty bell beverage pac,0
75,the liberty fund,0
76,lead the way pac,0
77,phha pac,0
78,citizens for david oh,0
79,"hornbarger, william friends to elect",0
80,"rzucidlo, susan friends of                                  ",0
81,"egan jr., john j.  (lob)                                    ",0
82,adelante! pa                                                ,0
83,blair co rep com                                            ,0
84,friends of blondell reynolds brown,0
85,green for philadelphia,0
86,se caucus democratic commtt pac c/o tom herman,0
87,"giusini, vince for judge",0
88,"haggerty, kevin com to elect                                ",0
89,"scomillio, victor e",1
90,supporters of dave zimmerman,0
91,friends for donna oberlander,0
92,"powell, kenneth james jr.",1
93,"williamson, john com to elect                               ",0
94,direct energy employee pac,0
95,marsha h. neifield,1
96,the commonwealth league,0
97,general building contractors assn pac (gbca pac)            ,0
98,volunteers for david argall,0
99,john galloway for state rep,0
100,paul lalley,1
101,"fattah, frances for judge",0
102,ward 01 rep com                                             ,0
103,"decaro, john committee to elect judge",0
104,"roman,tracy brandeis ",1
105,friends of jon ritchie,0
106,shawn wagner,1
107,"clemons, lucretia  ",1
108,gerard a. kosinski,1
109,friends of mercy toepel,0
110,"menges, christopher  ",1
111,gembusia for state representative,0
112,"tsai, stella committee to elect judge",0
113,committee to elect stella tsai judge,0
114,friends of bill adolph jr.,0
115,craig m. washington,1
116,committee to retain judge washington,0
117,committee to elect mario scavello,0
118,"comery, karen e.",1
119,"sue helm for state house committee c/o lowman henry, treasurer",0
120,citizens to elect payne,0
121,friends of eli evankovich,0
122,"london, jack friends of",0
123,anne covey,1
124,paul p. panepinto,1
125,frank t. brady,1
126,samuel p. murray,1
127,friends of leslie altieri,0
128,committee to elect paul schemel,0
129,emilio a. vazquez for the 179th,0
130,"wahl, betsy for judge",0
131,"louden, edward friends of",0
132,haverford twp dem com                                       ,0
133,"robert tommy"" tomlinson for senate""",0
134,"mcgough, hugh fitzpatrick ",1
135,"mcgough, hugh for judge com                                 ",0
136,"sainato, chris for state rep",0
137,"connelly, patrick friends of",0
138,"regan, dan for judge",0
139,friends of anthony pugliese,0
140,friends of kathy watson,0
141,"hennessey, tim friends of",0
142,friends of paul mullen,0
143,friends of jesse topper,0
144,friends of matt gabler,0
145,friends of kate harper,0
146,jeffrey l. finley,1
147,friends of senator don white,0
148,"smith, ed for judge committee",0
149,"boyd, tina  ",1
150,mike turzai leadership fund,0
151,"brumbach, marissa committee to elect",0
152,"castor, bruce friends of, inc                               ",0
153,"prendergast, kathleen  j ",1
154,"silvis, james philip ",1
155,"covington, roxanne friends of                               ",0
156,"menges, citizens for judge",0
157,"teeter, matthew for judge committee",0
158,"diclaudio, scott committee to elect",0
159,"summers, lynne m friends to elect for judge",0
160,friends of william j. ciancaglini,1
161,"aston, hope a. committee to elect for judge",0
162,cwa working voices,0
163,potter co rep com,0
164,"roman, tracy citizens for",0
165,friends of chuck mcilhinney,0
166,"boyd, tina for judge",0
167,whare for judge,0
168,grayson for judge,0
169,dawood engineering pac                                      ,0
170,friends of michelle brownlee,0
171,heckman for judge,0
172,stephen heckman,1
173,friends of nick miccarelli,0
174,"disalle, john  ",1
175,"disalle, john f committee to retain judge",0
176,gregory f. cirillo,1
177,"fouse, dale committee to elect judge",0
178,"feinberg, ross philadelphia friends for",0
179,"cruz, angel re-elect for the 180th",0
180,"clifford, dan friends of",0
181,friends of greg rothman,0
182,friends of dave hickernell,0
183,thomas b. sponaugle,1
184,deluca for legislator committee,0
185,citizens for greenleaf,0
186,louis marko dayich,1
187,huntingdon co rep com                                       ,0
188,hempfield area rep com                                      ,0
189,millennials in action,0
190,abington rockledge dem com                                  ,0
191,bethlehem dem city com                                      ,0
192,pennsylvanians for equality,0
193,humane pa,0
194,ward 16 dem exec com                                        ,0
195,erie co rep com                                             ,0
196,"miller, brett victory committee",0
197,american federation for children action fund - pennsylvania,0
198,citizens for prosperity in america today pac                ,0
199,carpenters&#39; leg prog of greater pa                          ,0
200,philadelphia phuture                                        ,0
201,building a better phila                                     ,0
202,"pizzingrilli, kim (lob)                                     ",0
203,"local 5, ibew pac",0
204,commonwealth leaders cup                                    ,0
205,local 0520 plumbers/pipefitters pac                         ,0
206,penn nat ins/inservco ins serv pac                          ,0
207,local 0013 boilermakers pac                                 ,0
208,progressive majority                                        ,0
209,"browning, dean for county executive",0
210,committee to elect amodie judge,0
211,royer for judge,0
212,friends of mia roberts perez,0
213,"friends to keep judge harry f. smail, jr",0
214,"committee to elect starr marshall cash, judge, court of common pleas/starr d. marshall cash",0
215,"j egan &amp; associates, llc                                    ",0
216,"watson-stokes, deborah friends of",0
217,committee to elect sherman toppin for judge,0
218,marci l. miller,1
219,local 0500 political action fund,0
220,"nfg papac (national fuel gas) patricia m. delavern, treasurer",0
221,committee to re-elect john sabatina jr,0
222,ward 58 democratic of philadelphia,0
223,republican city committee,0
224,represent pac,0
225,friends of judge alice beck dubow,0
226,uhs employees good government fund,0
227,citizens with commoncents,0
228,school police association of phila- committee for safe schools,0
229,"timoney knox, llp pac",0
230,capozzi adler pac c/o christina a. mahady,0
231,montco democ women's leadership initiative,0
232,casa (commonwealth association of school administrators) robert mcgrogan sec/treasurer,0
233,friends of lyris younge,0
234,pa democratic caucus of county commissioners,0
235,"simpson, christina for judge committee",0
236,flannelly for judge committee,0
237,northampton co rep com                                      ,0
238,west goshen dems                                            ,0
239,mayfair strong,0
240,local 0401 ironworkers pac                                  ,0
241,"petri, scott a friends of                                   ",0
242,centre co dem com                                           ,0
243,"rafferty, john for senate                                   ",0
244,"mchugh &amp; mcguffin, bipartisan committee to elect judges of the court of common pleas of bucks county",0
245,"committee to elect rosemary crawford, judge",0
246,committee to elect james berardinelli,0
247,chris mallios for judge,0
248,caye for judge committee,0
249,"rainy, committee to elect judge c/o jon belisonzi",0
250,friends of josh hill,0
251,friends of natasha taylor smith,0
252,lalley for judge,0
253,pa recreational vehicle pac                                 ,0
254,buchanan ingersoll &amp; rooney pc committee for effective state government,0
255,pa medical pac (pam pac),0
256,lancaster co dem com                                        ,0
257,ats-chester pol involv com                                  ,0
258,covey for justice,0
259,first pac (pa assn community bankers)                       ,0
260,pa tha pac (thoroughbred horsemen)                          ,0
261,ward 09 dems of phila                                       ,0
262,berks co dem com                                            ,0
263,fop lodge 27 delaware county pac fund,0
264,moving frankford forward,0
265,z pac (pa anesthesiologists pac)                            ,0
266,"toohil,tarah com to elect                                   ",0
267,friends of risa ferman,0
268,philadelphia democratic campaign committee of,0
269,justice stevens for supreme court committee,0
270,jason j. legg,1
271,kaufer now committee,0
272,friends of bernie o'neill,0
273,i'm for knowles,0
274,friends of andy dinniman,0
275,friends of rob teplitz,0
276,local 0009 bricklayers &amp; alli,0
277,friends of mike carroll for state representative,0
278,district council 47,0
279,springfield township democratic committee - montgomery county,0
280,herco inc pac (herco pac),0
281,friends of joffie pittman,0
282,41st ward republican executive comm,0
283,sheet metal workers local 12,0
284,district council 21 pac,0
285,amalagamated transit union - cope,0
286,friends of independent higher educ                          ,0
287,chester county victory committee,0
288,pennsylvania working families party,0
289,mike george for supreme court,0
290,anne e. lazarus for supreme court,0
291,todd eagen (richardson todd eagen),1
292,anne e. lazarus,1
293,lisa grayson,1
294,kevin dougherty for pennsylvania,0
295,committee to elect t. r. williams judge,0
296,t. r. williams,1
297,abbe for judge,0
298,hopkins for judge,0
299,lou dayich for judge committee,0
300,friends of sharon williams losier,0
301,friends of mike fanning,0
302,friends of the northeast,0
303,friends of the 35th ward democrats,0
304,29th ward democratic committee,0
305,school police association of philadelphia-committee for safe schools,0
306,monroe county democratic honorary society,0
307,republican party of lackawanna county,0
308,united steelworkers political action fund,0
309,committee to elect ryan bizzarro,0
310,ravenstahl for mayor,0
311,61st ward pac,0
312,baipac c/o scott exley,0
313,leslie uncapher zellers,1
314,"toppin, sherman",1
315,"king ii, leon a committee to elect ",0
316,melissa a amodie,1
317,lyris younge,1
318,christina m simpson,1
319,"prendergast, kathleen people for                            ",0
320,james f. berardinelli,1
321,"edward w. louden, jr",1
322,friends of leslie uncapher zellers,0
323,tom anderson,1
324,"dicicco, christian for judge",0
325,"goodman, leon friends of ",0
326,"goodman, leon d. ",1
327,joffie pittman (candidate for municipal court - district 1),1
328,matt smith for judge,0
329,chris mallios,1
330,abbe fletman,1
331,armstrong county democratic committee,0
332,beaver county democrat committee,0
333,drive chapter 776,0
334,concerned irish americans of philadelphia,0
335,mt. lebanon democratic committee c/o geoffrey r hurd treas,0
336,pa progress pac,0
337,friends of todd stephens,0
338,friends of the 63rd ward democrat executive committee,0
339,new gen 1 pac,0
340,citizens for padora,0
341,local 0008 plasterers union pac fund,0
342,fraternal order of police lodge 5,0
343,sheet metal workers local 19 pel pa &amp; nj,0
344,iatse local 8 pac,0
345,"mette, evans &amp; woodside pac                                 ",0
346,students first pac,0
347,friends of josh shapiro,0
348,committee to elect matthew perks,0
349,"hornaman, john com to elect                                 ",0
350,int'l longshoremen's assoc. comm. on political education,0
351,pa future,0
352,"friedline, mary lynch ",1
353,pa state lodge of fraternal order of police pac             ,0
354,committee to elect zac shaffer,0
355,lpac-erie                                                   ,0
356,"arcadis-us, pennsylvania pac",0
357,"swope, thomas a iii",1
358,"house rep campaign com 2004, inc",0
359,bucks county democratic committee,0
360,dispac (distributors pac),0
361,teamsters local 107 pac,0
362,tax payers for lisa metcalfe,0
363,friends of farnese,0
364,wyoming county democrats,0
365,pa insurance pac (pipac),0
366,"avolio law group, llc (pac)",0
367,berks county republican committee,0
368,philadelphia republican city committee,0
369,philadelphia housing for affordable housing,0
370,pittsburgh fire fighters local #1 pac fund,0
371,friends with diana,0
372,cumberland county republican committee 8-000-392,0
373,committee to elect wayne fontana,0
374,b and b pac,0
375,dnb financial good government pac c/o treas. bruce e. moroney,0
376,friends of david freed committee,0
377,union county democratic committee,0
378,comcast corporation &amp; nbcuniversal political action committee - usa,0
379,local 592 -cement masons,0
380,chad vilushis for judge committee,0
381,grimes for judge,0
382,friends of william ciancaglini,0
383,committee to elect jennifer schultz to court of common pleas,0
384,pileggi for judge,0
385,tamara bernstein,1
386,credit union political action committee,0
387,latinos for political empowerment (lupe),0
388,montgomery township republican committee,0
389,jubelirer pac,0
390,northwest good government pac,0
391,nixon for council,0
392,boscov's pac,0
393,beaver county political action committee,0
394,keystone leadership alliance,0
395,upper moreland republican committee,0
396,wuf political action committee,0
397,bipartisan pac/the bank of new york mellon corporation bipac/bnymc,0
398,grogan graffam pac,0
399,western pa laborers' pac,0
400,ken powell for judge,0
401,"enterprise holdings, inc. political action committee",0
402,erie co motor vehicle com                                   ,0
403,greater johnstown regional pac                              ,0
404,pa chamber of business &amp; industry                           ,0
405,lancaster co dem women&#39;s assoc                              ,0
406,communication workers of america local 13000,0
407,united states steel corporation political action committee,0
408,pa restaurant &amp; lodging pac,0
409,pennsylvania future fund,0
410,range resources energy independence pac                     ,0
411,pa society of anesthesiologists pac (z pac),0
412,lycoming co rep com                                         ,0
413,friends of bob mensch,0
414,labor pac afl-cio                                           ,0
415,"costa, dom friends of                                       ",0
416,pa aaa fed pac                                              ,0
417,pa afl cio cope                                             ,0
418,verizon communications inc. good government club - pa,0
419,local 0420 steamfitters union cope com                      ,0
420,adams co dem com                                            ,0
421,penn mutual pac                                             ,0
422,pa energy resources group                                   ,0
423,pa cemetery funeral assoc pac                               ,0
424,fayette co dem com                                          ,0
425,"baker, elisabeth for senate                                 ",0
426,"eagen, todd for judge",0
427,pa homecare pac (homepac)                                   ,0
428,agentpac (prof ins agents assn of pa)                       ,0
429,pa coal pac                                                 ,0
430,north central pennsylvanians for a brighter future          ,0
431,lancaster co building industry                              ,0
432,forward philadelphia,0
433,ud forward,0
434,committee for kopas,0
435,comcast corporation &amp; nbcuniversal political action committee usa,0
436,upper dublin democratic committee,0
437,northeast democratic club,0
438,the affordable education pac,0
439,cambria county republican committee,0
440,clarion cnty rep comm.,0
441,friends of mary louise isaacson,0
442,"sovereign bancorp, inc. pac                                 ",0
443,3rd democratic executive ward committee,0
444,"kapin stewart meloff reiter &amp; stein, p.c. c/o neil a. stein, esq.",0
445,friends of leslie acosta,0
446,capital associates pac,0
447,strategy pac,0
448,pennsylvania prosperity pac,0
449,uhs employees good govt fund,0
450,ugi pac (ugi corp)                                          ,0
451,ugi corporation state pac,0
452,pa chiropractic assn,0
453,"kline, leroy d. jr                                          ",0
454,local 0027 plumbers union pac                               ,0
455,bald knob pac,0
456,triad strategies pa pac                                     ,0
457,"alloway, rich friends of",0
458,"cranmer, robert                                             ",0
459,citizens for a growing economy                              ,0
460,good jobs pa pac,0
461,venango co rep com                                          ,0
462,endo pharmaceuticals inc. pac                               ,0
463,local 0420 ironworkers - ipal                               ,0
464,abel for judge,0
465,cohen and grigsby pac                                       ,0
466,pike co dem com                                             ,0
467,pa abc pac (pa assoc. bldrs & contractors)                  ,0
468,msoa pac,0
469,pspa-political support for political action                 ,0
470,pennsylvania automotive assocition,0
471,first commonwealth financial corporation pac,0
472,friends of charles wilkins,0
473,neilson for the northeast,0
474,pa realtors pac,0
475,"susquehanna bancshares, inc. pac",0
476,delaware co. rep. fin. com.,0
477,republican state committee of pennsylvania,0
478,depasquale for pennsylvania,0
479,dan frankel for the 23rd district committee,0
480,area 13 republican committee,0
481,pennsylvanians for representative mark cohen,0
482,m&amp;t bank and wilmington trust political action committee,0
483,carpenters pac of phila & vicinity                          ,0
484,friends of judge jessica brewbaker,0
485,jewish community pac of pittsburgh,0
486,ward 30 democratic committee,0
487,lifepac,0
488,"godshall, robert friends of                                 ",0
489,local 0524 united assn steamfitters                         ,0
490,westmoreland co dem com                                     ,0
491,liberty square pac                                          ,0
492,northumberland co dem com                                   ,0
493,carbon co rep com                                           ,0
494,"marshall, jim friends of                                    ",0
495,lower merion-narberth area13 dem com                        ,0
496,pa real estate investment trust pac                         ,0
497,"mchugh & mcguffin, bipartisan committee to elect judges of the court of common pleas of bucks county",0
498,"corizon health, inc. political action committee",0
499,pa state corrections officers assoc leg/pac                 ,0
500,drive pac (wash d.c. )                                      ,0
501,local 0322 plumbers & pipefitters pac                       ,0
502,lehigh co victory pac                                       ,0
503,restorepa,0
504,lehigh county tax facts,0
505,"right view, the                                             ",0
506,day &amp; zimmermann inc federal pac (aka 'daypac - federal'),0
507,pa prof fire fighters assoc pac                             ,0
508,mca/sca pac                                                 ,0
509,erie fire fighters pac                                      ,0
510,associated builders and contractors eastern pa chapter,0
511,"mears, scott friends of",0
512,scomillio for judge,0
513,"giusini, vince for judge                                    ",0
514,"mears,scott o jr.",1
515,vote dailey,0
516,"giordano, emil committee to elect to the superior court",0
517,"pittman, joffie friends of",0
518,"roman, tracy brandeis ",1
519,michael wojcik for judge,0
520,david h. acker,1
521,mia roberts perez,1
522,"olson, judge judy for supreme court",0
523,"donohue, christine judge for supreme ct justice                          ",0
524,mercer co dem com                                           ,0
525,vision for pa pac                                           ,0
526,beaver lawrence clc cope        ,0
527,excellent schools pa,0
528,pgh metro bldrs (housing industry resp gvt)                 ,0
529,feinberg shopp pac                                          ,0
530,pa podiatric medical assoc                                  ,0
531,pa recreation vehicle pac,0
532,fulton financial corp pac                                   ,0
533,intl brotherhood boilermakers 154                           ,0
534,vision pac                                                  ,0
535,pugliese pac                                                ,0
536,lancaster co rep com of                                     ,0
537,pa residential owners (pro pac)                             ,0
538,associates of pa pac (appac)                                ,0
539,bellevue strategies pac,0
540,greenlee partners state pac                                 ,0
541,"krancer, mike",0
542,"mccarter, steve friends of",0
543,tc pac  (trumbull corp)                                     ,0
544,colonial area dem com                                       ,0
545,giant eagle inc                                             ,0
546,citizens for a better commonwealth                          ,0
547,"oliver, katherine  ",1
548,burns white llc pac                      ,0
549,coalition for pa&#39;s future                                   ,0
550,"oldcastle materials, inc pac                                ",0
551,pennsy supply state pac,0
552,common sense solutions,0
553,ppma pac,0
554,democracy fund                                              ,0
555,pa winery association pac                                   ,0
556,peg pac                                                     ,0
557,"vipond, jonathan, iii                                       ",0
558,northeast leadership fund                                ,0
559,responsible citizens for economic progress                  ,0
560,state street advisors pac                                   ,0
561,"russell, richard g",0
562,hatch mott pa pac                                           ,0
563,pennsylvania house democratic campaign committee,0
564,house republican campaign committee,0
565,citizens for mario civera,0
566,taxpayers for lisa esler,0
567,darby township republican committee,0
568,friends of 56 ward democratic committee,0
569,friends of jamie santora,0
570,citizens for mike regan,0
571,delaware county republican women's committee,0
572,sierra club pa paf,0
573,brian ortelere for judge,0
574,red river canyon,0
575,pa uaw good government committee,0
576,"local 542, pittsburgh sprinkler fitters",0
577,the lunsford for judge committee,0
578,lawrence county republican committee,0
579,sheetmetal workers #44 - c/o jeff schmude,0
580,local 0433 uwua c/o brian dhon,0
581,cement masons local 526 pac fund,0
582,voice of housing of chester &amp; delaware counties,0
583,political information committee of cpas (pic-cpa),0
584,family pac                                                  ,0
585,"demarco, larry friends of",0
586,firstenergy corp. political action committee,0
587,upper st clair rep com                                      ,0
588,the turnout project,0
589,delco blue 2015,0
590,greater reading chamber pac                                 ,0
591,markwest liberty pac                                        ,0
592,"hafer, barbara friends of",0
593,"bloom, james j.  (lob)                                      ",0
594,commonwealth commerce fund,0
595,state college borough dem com                               ,0
596,capozzi adler pac % christina a. mahady,0
597,com for a better tomorrow                                   ,0
598,"kampf, warren friends of",0
599,"dunbar, george friends of                                   ",0
600,first national bank of pa pac,0
601,pennsylvania beer alliance(pa beer wholesaler-pbwa)         ,0
602,"univ leaf tobacco co, inc pac (federal)                     ",0
603,transportation construct indust pac (tci-pac)               ,0
604,"smith, alex friends of",0
605,rite aid corporation pac,0
606,nj state association of pipe trades pac fund,0
607,e.i. du pont de nemours company good government fund (dupont good government fund),0
608,dem women&#39;s forum of bucks co                               ,0
609,"harris, c adam for rep                                      ",0
610,united food & commercial workers union 152 pac              ,0
611,"corbin, becky friends of",0
612,"johnson, tina friends of                                    ",0
613,trails access coalition pac (tac-pac),0
614,fop lodge #1 pac                                            ,0
615,local 0636 teamsters pac                                    ,0
616,essroc cement corp pac (pa)                                 ,0
617,"stefano, pat friends of",0
618,"mt. lebanon democratic committee c/o geoffrey r. hurd, treasurer",0
619,bricklayers &amp; allied craftworkers pac,0
620,building a better pennsylvania fund,0
621,working philadelphians pac,0
622,robert thompson for senate,0
623,friends of the 14th ward c/o treas. catherine white,0
624,iaff firepac non-federal,0
625,"pac pard philpac c/o frank a. rubino, treasurer",0
626,54th ward democratic executive cmte,0
627,upper darby republican campaign committee,0
628,"tosti-vasey, joanne team                                    ",0
629,pssu local 668 cope fund,0
630,"dickie, mccarney &amp; chilcote, political action committee",0
631,lebanon county democratic committee,0
632,penn ag pac                                                 ,0
633,white rose pac                                              ,0
634,arippa pac                                                  ,0
635,pa self storage pac                                         ,0
636,progress pgh pac                                            ,0
637,michael baker international holdco corporation political action committee (michael baker international pac),0
638,farmers employee & agent pac,0
639,farmers allied for responsive more effect representation    ,0
640,"gdf suez energy north america, inc. political action commitee (gsena pac)",0
641,adams co council of rep women                               ,0
642,"donohue, christine   ",1
643,"diclaudio, scott  ",1
644,"beltrami, anthony for judge                                 ",0
645,"wojcik, michael h",1
646,"hodge, john w",1
647,"slenker, neil committee to elect for judge",0
648,"dobson, thomas r.",1
649,"regoli, david a keep judge committee",0
650,"byelich, mark friends of ",0
651,"ace group holdings, inc. political action committee",0
652,parpac (pa retail pac)                                      ,0
653,dem leg camp com                                            ,0
654,the atkins north america holdings corporation pac,0
655,"wiley, sean d friends of",0
656,diana irey vaughan,0
657,59th ward dem committee,0
658,eastern pa laborers' lpl,0
659,sheetmetal workers #44 c/o j. schmude,0
660,excellence in government comm,0
661,independent state store union,0
662,local 09 bricklayers &amp; allied craftworkers,0
663,eat'n park pac,0
664,"getz, vanessa desalvo                                       ",0
665,"pashinski, eddie day com to elect                           ",0
666,"friedline, mary committee to elect judge",0
667,lancaster chamber biz pac                                   ,0
668,"jozwiak, barry friends of",0
669,aud pac                               ,0
670,a t & t pac (penna)                                         ,0
671,lebanon co rep com                                          ,0
672,"seitz, anthony b. (lob)                                     ",0
673,brthrhd locomotive enginrs & trainmen pac fund              ,0
674,alerted dem majority                                        ,0
675,bravo pac (sg pac)                                          ,0
676,"alpha natural resources, inc. political action committee",0
677,value drug co pac                                           ,0
678,buzzi unicem usa inc pac                                    ,0
679,"shuster, robert l.                                          ",0
680,ifapac - pa                                                 ,0
681,tds telecommunications corporation pac,0
682,friends of kim ward,0
683,blue cross voice of highmark inc employees of northeastern pa                                 ,0
684,"mccrady, jennifer staley the committee to elect for judge",0
685,"hanna, mike friends of                                      ",0
686,women&#39;s dem club of delaware co,0
687,"wojcik, michael committee to elect",0
688,"j egan & associates, llc                                    ",0
689,"h team, the",0
690,"perez, mia roberts friends of",0
691,bedford co dem com                                          ,0
692,larson design group pac (ldg pac)                           ,0
693,geico new york pac                                          ,0
694,"hrg pac (herbert, rowland & grubic)                         ",0
695,"scarnati, joseph friends of                                 ",0
696,teamsters local 205 pac,0
697,northwest democratic caucus of pa,0
698,eqt corporation pac,0
699,eqt corporation state pac,0
700,opeiu jb moss voice of the electorate (vote),0
701,erdman anthony assoc pa (eapapac)                           ,0
702,stv group inc pac                              ,0
703,gannett fleming inc pac                                     ,0
704,"the travelers companies, inc. political action com",0
705,general electric company political action committee (gepac),0
706,coca-cola nonpartisan pac for good government,0
707,friends of senator john blake,0
708,we the people pac                                           ,0
709,luzerne co dem com                                          ,0
710,versant pac                                                 ,0
711,scott twp dem club                                          ,0
712,action of pa                                                ,0
713,mayfair republican committee,0
714,union co dem com                                            ,0
715,pa concrete pavers pac                                      ,0
716,"miller, ronald com to elect                                 ",0
717,"eichelberger, john - i like eich                            ",0
718,"grove, seth citizens for                                    ",0
719,"first niagara bank, na pac",0
720,afscme people public emp org to promote leg equality        ,0
721,"mette, evans & woodside pac                                 ",0
722,"longietti, mark friends of                                  ",0
723,hospital &amp; healthsystem assoc of pa  pac (hapac),0
724,pennsylvania royalty owners pac,0
725,liberty mutual insurance company pa-state pac,0
726,local 0115 teamsters                                        ,0
727,psea-pace for state elections,0
728,funeral service pac                                         ,0
729,psh-pac pa speech & hearing pac                             ,0
730,pa propane assoc pac                                        ,0
731,orthopac pa orthopaedic society,0
732,"muroff, daniel                                              ",0
733,philly network connection pac,0
734,"peters twp, rep party of                                    ",0
735,citizens&#39; caucus                                            ,0
736,patton-halfmoon democrats                                   ,0
737,"mustio, mark friends of                                     ",0
738,l.r. kimball a cdi company pac                              ,0
739,apscuf/cap(assn pa st col/univ facl)                        ,0
740,millcraft committee for effective state government          ,0
741,kleinbard llc,0
742,"harhai, r ted campaign fund                                 ",0
743,pamic pac                                                   ,0
744,"medimmune biologics, inc. employee political awareness committee (medipac)",0
745,huntington bancshares inc. political action committee  (hbi-pac),0
746,clearfield co rep com                                       ,0
747,"rescare, inc. advocacy fund",0
748,lcv political engagement fund ,0
749,"bullock, mark t.                                            ",0
750,alcoa inc employees voluntary state & federal pac,0
751,fraternal order of police mountain city lodge 8             ,0
752,political labor action now (plan)                           ,0
753,"reed, dave friends of                                       ",0
754,pa optometric pac                                           ,0
755,psh-pac pa speech &amp; hearing pac                             ,0
756,"mahoney, tim friends of                                     ",0
757,luzerne county democratic committee,0
758,cmac investment corp employees pac,0
759,pilots assn for bay &amp; river delaware pac                    ,0
760,upper darby fire fighters - pac,0
761,friends of barry grossman,0
762,clarion county democratic committee c/o jennifer vinson,0
763,teamsters joint council no. 53 political action committee - drive,0
764,hempfield area democratic committee (hadc),0
765,zone 4 democrats,0
766,faccrw (first armstrong county council of republican women),0
767,centre county republican committee,0
768,laborers' local union no. 130 pac,0
769,alliance for a better pennsylvania,0
770,rothman gordon pac,0
771,"regola, bob friends of c/o treas.: c. edward wible",0
772,friends of marguerite quinn,0
773,friends of tim krieger,0
774,friends of ed pawlowski,0
775,sheetzpac,0
776,harrisburg capital pac,0
777,vision for pa pac,0
778,"citizens for george hartwick, iii",0
779,friends of scott martin,0
780,dauphin county republican committee,0
781,committee to re-elect david heckler for da,0
782,penn group pac,0
783,montgomery county republican committee,0
784,democratic leadership pac,0
785,pennbusiness pac,0
786,progress pgh pac,0
787,41st ward republican executive committee,0
788,iuoe local542,0
789,christian heritage pac,0
790,somerset co democratic committee,0
791,hatboro republican organization,0
792,local 0743 ibew pol. education,0
793,lancaster city democratic committee,0
794,q pac,0
795,exelon corporation political action committee (exelon pac),0
796,peco pac,0
797,planned parenthood pa inc                                   ,0
798,a t &amp; t pac (penna)                                         ,0
799,gay &amp; lesbian victory fund                                  ,0
800,phila co council afl cio                                    ,0
801,build pa pac,0
802,bradford co dem com                                         ,0
803,"rader, jack jr bipartisan committee to elect",0
804,air products pennsylvania political alliance,0
805,"frank, gale, bails, murcko &amp; pocrass, pc pac",0
806,cozen o'connor state &amp; local pac,0
807,castle shannon democratic committee,0
808,transport workers union local 234,0
809,tioga county republican committee c/o marie y. seymour,0
810,friends of jack whelan,0
811,"dickie, mccamey &amp; chilcote, p.c.",0
812,republican future fund,0
813,local 81 ibew c/o treasurer richard schraeder,0
814,"avolio law group, llc",0
815,voice of housing of chester &amp; delaware co.,0
816,clarion cnty rep comm,0
817,republican friends of area four,0
818,northern tier conservative pac,0
819,teamsters local 628 pac,0
820,sheetmetal #44 c/o jeff schmude,0
821,pa. republican caucus of county commissioners,0
822,pittston area fed of teachers com on pol educ,0
823,hapco-pac,0
824,bikers pac bikepac c/o carol umbenhauer treasurer,0
825,commonwealth heritage pac c/o treas. henry f. siedzikowski,0
826,economic development pac of lycoming county,0
827,friends of neal p goodman,0
828,"pennsylvania committee for affordable housing/richard clawson, treasurer",0
829,"tioga county democratic party c/o treasurer, robert h. wooley",0
830,friends of rich fitzgerald,0
831,gawthrop greenwood partners political action fund,0
832,ridley township republican finance committee,0
833,mccandless republican committee,0
834,lower makefield democratic club,0
835,42nd executive ward,0
836,delaware co. rep. fin. com. 7900243,0
837,local 354 pac,0
838,"pac pard philpac, c/o frank a. rubino, treasurer",0
839,"mankamyer, christine susan ",1
840,teamsters local 77 pac                                      ,0
841,somerset co rep com                                         ,0
842,1776 pac (ufcw)                                             ,0
843,local 0351 ibew cope fund                                   ,0
844,armstrong co rep com                                        ,0
845,"reese, mike friends of com                                  ",0
846,local 0449 steamfitters union pac                           ,0
847,laborers&#39; dist council pac (regional)                       ,0
848,pennsylvania bio pac                                        ,0
849,"vulakovich, randy friends of                                ",0
850,highmark pac of highmark inc.,0
851,trooper assn pac (tap)                                      ,0
852,public service pac,0
853,keystone state auctioneers pac,0
854,"pa joint board, workers united pac",0
855,citizens for better leadership,0
856,towamencin republican committee,0
857,race street pac,0
858,hrg pac,0
859,tredyffrin township democratic committee,0
860,sunbury area democratic committee,0
861,the hershey company political action committee (hcpac),0
862,tom reilly for judge,0
863,jenkintown republican committee,0
864,schoolbus pac                                               ,0
865,lansdowne democratic committee,0
866,thomas john reilly,1
867,pottsville city democratic committee,0
868,psychiatric physicians of pa p,0
869,columbia county republican committee,0
870,qualified judges for delaware county,0
871,north penn republican club,0
872,lycoming county democratic committee,0
873,white rose pac,0
874,bedford county republican committee,0
875,sheet metal workers' local 12,0
876,cheltenham township republican organization,0
877,pennsylvania now pac,0
878,radnor township democratic committee,0
879,pa policy pac,0
880,lancaster co building industry,0
881,york co. federation of democratic women,0
882,padpac,0
883,robert p. kline,1
884,"mccrady, jennifer staley",1
885,damon c. hopkins,1
886,"kline-carr, kelly s ",1
887,"h. robert mattis, jr. (candidate for court of common pleas - northumberland county - 8th judicial district)",1
888,evan s. williams iii,1
889,"dimitriou geishauser, eleni",1
890,kurland for judge,0
891,clinton co rep com                                          ,0
892,pauline m. calabrese,1
893,friends of eleni,0
894,"regan, daniel d ",1
895,chad vilushis,1
896,"mchugh, raymond f ",1
897,"sponseller, todd friends of for judge",0
898,"kurland, jonathan h ",1
899,pennsylvania first                                          ,0
900,philadelphia food pac,0
901,"mcnees pac (mcnees wallace &amp; nurick llc) c/o stephen a. moore, treasurer",0
902,better government for pa,0
903,friends of haste &amp; pries,0
904,republican committee of chester county,0
905,i.p.a.l. (ironworkers political action) c/o kerry a. zettlemoyer,0
906,education freedom pac,0
907,phila fed teachers (pft) com sup,0
908,pa ppl people for good government,0
909,international brotherhood of electrical workers local 98 committee on political education,0
910,firepac-philadelphia                                        ,0
911,workers&#39; voice,0
912,"holman, mark                                                ",0
913,pa aggregates &amp; concrete assn pac (paca pac)                ,0
914,local 0542 pgh sprinklerfitters                             ,0
915,local 0032bj pa american dream fund                         ,0
916,mcguirewoods llp,0
917,consumer advocacy pac                                       ,0
918,republican state committee of delaware county,0
919,"feldstein grinberg lang &amp; mckee, p.c. (formerly fgsm, p.c.) c/o treasurer: francis c. rapp, jr., esquire",0
920,pennsylvanians for good government,0
921,"ppg industries, inc. pac",0
922,pawc-pac (pa american water co)                             ,0
923,pileggi victory committee,0
924,citizens for donnelly,0
925,fund for pa leadership,0
926,standardbred breeders association of pa,0
927,afscme council 13 political and legislative (pal),0
928,pennsylvania bankers public affairs committee,0
929,fraternal order of police #15 pol com                       ,0
930,cumberland co dem com                                       ,0
931,iuoe local 542,0
932,jennifer staley mccrady,1
933,t.r. williams,1
934,"murray, pj friends of",0
935,william alan shaw,1
936,"krueger-braneky, leanne  ",1
937,"murphy, elvage committee to elect for judge",0
938,schubert for judge,0
939,"lillis,james m ",1
940,lillis for judge,0
941,"andrezeski, anthony buzz",1
942,adam lang,1
943,adams county republican committee,0
944,commonwealth heritage pac,0
945,pa horse breeders assoc - pac,0
946,pa republican caucus of county commissioners,0
947,aftpa cspe,0
948,tube city ims corporation pac,0
949,fair judges for pennsylvania,0
950,dollar bank pac                                             ,0
951,"motorcoach pac (bus assn of pa, bus owners pac)             ",0
952,ibew local union #375 pac,0
953,citizens alliance of pennsylvania pac,0
954,"wax, robert (lob)                                           ",0
955,mercer co rep com                                           ,0
956,willistown-malvern democrats,0
957,allegheny co corrections officers pac                       ,0
958,"bittner,scott p ",1
959,"bittner, scott the people for",0
960,crawford co rep com                                         ,0
961,east central house rep com                                  ,0
962,committee to elect william keller,0
963,seiu healthcare pa cope,0
964,gay & lesbian victory fund                                  ,0
965,bucks-mont good government pac,0
966,committee for independent judges,0
967,lancaster city rep com                                      ,0
968,"swope, tom citizens for",0
969,pa health care assn pac (phcapac)                           ,0
970,"general nutrition centers inc, pac",0
971,bill pac,0
972,pa seiu cope (soc svcs)                                     ,0
973,campaign for qualified judges (phila bar)                   ,0
974,"aurand, mark for senate committee",0
975,pa aggregates & concrete assn pac (paca pac)                ,0
976,friends of keith greiner,0
977,utility workers union of america cope,0
978,simpson for judge committee,0
979,northeast builders for affordable housing,0
980,springfield democratic committee,0
981,bipartisan committee to elect jones judge,0
982,bayada hhc pac,0
983,"kasunic, richard a. campaign committee",0
984,sheetmetal workers #44 c/o jeff schmude,0
985,kinser group pac,0
986,society for leading legislation on transportation,0
987,pac 205,0
988,malady & wooten public affairs                 ,0
989,pa osteopathic medical pac,0
990,snyder county republican committee,0
991,tucker arensburg pac,0
992,freedom first pac,0
993,"western pennsylvania laborers' pac c/o: robert l. kmecak, jr., secretary-treasurer",0
994,emily's list,0
995,southeast regional pac (serpa,0
996,local 0249 teamsters drive,0
997,evan williams for judge,0
998,lancaster county association of reactions political action committee,0
999,friends of carnegie museums,0
1000,citizens for urban renewal,0
1001,rettew pac                                                  ,0
1002,lower providence rep com                                    ,0
1003,pennsylvanians for tomorrow,0
1004,local 0712 ibew cope                                        ,0
1005,chesapeake energy corporation fed pac                       ,0
1006,lehigh co rep com                                           ,0
1007,"gmerek, richard                                             ",0
1008,ggr inc pac (gmerek gov relations)                          ,0
1009,blank rome llp pa pac                                       ,0
1010,geisinger health pac inc                                    ,0
1011,united water inc. federal pac,0
1012,delaware co dem com                                         ,0
1013,maguire pa pac,0
1014,coalition of people&#39;s property rights,0
1015,pa ski pac                                                  ,0
1016,"vogel, elder for senate                                     ",0
1017,"giorgione, andrew                                           ",0
1018,parsons brinckerhoff inc. pac,0
1019,liberty mutual ins co pac                                   ,0
1020,pa property rights alliance,0
1021,daypac,0
1022,pa concrete pavers pac,0
1023,pa interested citizens pac,0
1024,local 0211 teamsters drive fun,0
1025,metropolitan harrisburg builders pac,0
1026,northwest political alliance                                ,0
1027,"lambert, cynthia a. (lob)                                   ",0
1028,"matzie, robert people for                                   ",0
1029,third district republican committee,0
1030,westmoreland millenium fund                                 ,0
1031,"steighner, joseph & associates                              ",0
1032,acape pac                                                   ,0
1033,"rozzi, mark friends of",0
1034,for the people,0
1035,local 1201 school empl pac                                  ,0
1036,"the williams companies, inc. political action committee",0
1037,pa coalition of nurse practitioners pac                     ,0
1038,elk co dem com                                              ,0
1039,make a difference pac,0
1040,committee to elect ron waters,0
1041,"semmel, paul citizens for                                   ",0
1042,dr pepper snapple group pac                                 ,0
1043,pa/fwd pac,0
1044,"oliver, katie citizens for",0
1045,cigna corporation political action committee,0
1046,csx corporation good government fund,0
1047,"prudential financial, inc. state &amp; federal political action committee (aka prudential state &amp; federal pac)",0
1048,property casualty insurers association of america political action committee (pcipac),0
1049,friends of sean kilkenny,0
1050,health care service corporation employees' political action committee,0
1051,"dean, madeleine friends of",0
1052,democratic state senate campaign committee,0
1053,pa fed of dem women pac                                     ,0
1054,"rapp, kathy for rep                                         ",0
1055,"capital bluepac, the political action committee of capital bluecross",0
1056,"hoffman, whitney friends of",0
1057,the pilots' association for the bay &amp; river delaware pac,0
1058,j m uliana & associates llc pac                             ,0
1059,chiropractic fellowship pac                                 ,0
1060,the dow chemical company employees pac (dowpac),0
1061,westfield empl fed pac of ohio farmers ins co               ,0
1062,pha home pac                           ,0
1063,"campbell, mark (lob)                                        ",0
1064,ak steel corporation political action committee,0
1065,suez water inc. federal pac,0
1066,"mentzer, steve friends of",0
1067,"digirolamo, gene friends of                                 ",0
1068,cardinal health inc. pac aka cardinal health companies pac,0
1069,verizon communications inc. good government club-pa,0
1070,abbvie political action committee,0
1071,citizens for john yudichak,0
1072,friends of sid michaels kavulich,0
1073,republic svcs. inc. employees for better govt. pac,0
1074,"kilderry, friends of",0
1075,upper bucks community democratic organization,0
1076,pike co rep com                                             ,0
1077,"haas, joe friends of",0
1078,roche inc. good government committee,0
1079,iuec local 5 pac fund,0
1080,friends of jake corman,0
1081,pitney bowes inc. political action committee,0
1082,independence blue cross pac (ibc pac) pa,0
1083,waste management employees better government fund,0
1084,blackstone pac,0
1085,h2o state political action committee,0
1086,"aqua america, inc. h2o political action committee",0
1087,cdm smith pennsylvania pac                                                  ,0
1088,citizens for hughes,0
1089,donatucci 2015 committee,0
1090,tim briggs for state representative,0
1091,"hdr, inc. pac",0
1092,consol energy inc. pac,0
1093,dte energy co. edpac - federal,0
1094,"the geo group, inc. political action committee",0
1095,susquehanna leadership fund,0
1096,smucker for senate,0
1097,franklin co rep com                                         ,0
1098,warren co rep com                                           ,0
1099,"anthem, inc. political action committee (anthem pac)",0
1100,centurylink employees' pac of pennsylvania,0
1101,"bloom, stephen for the 199th com                            ",0
1102,mckesson corporation employees political fund,0
1103,"strom, gregg",0
1104,"mullery, gerald citizens for                                ",0
1105,bayer corporation political action committee,0
1106,energy transfer employee management company pac (energy transfer pac),0
1107,dem governors&#39; assoc - pa                                   ,0
1108,the scotts miracle-gro company stewardship pac,0
1109,keystone prosperity pac,0
1110,empower political action committee,0
1111,citizens for george hartwick iii,0
1112,friends of caltagirone,0
1113,boscovs pac,0
1114,pennsylvania automotive association,0
1115,area 9 rep. committee,0
1116,hempfield area democratic committee,0
1117,"tioga county democratic party -- robert wooley, treasurer",0
1118,defense for vanessa brown,0
1119,"fumo, vincent for senate                                    ",0
1120,"pickett, tina friends of                                    ",0
1121,"weston, r. timothy                                          ",0
1122,"webber, mary                                                ",0
1123,laborers district council pac,0
1124,unite here tip campaign committee,0
1125,"merck &amp; co., inc., employees political action committee (merck pac)",0
1126,johnstown professional firefighters p.a.c.,0
1127,fedex corporation political action committee (fedexpac),0
1128,chartwell law pac                                           ,0
1129,allstate insurance company pac,0
1130,mcguirewoods llp                                            ,0
1131,peoples pac,0
1132,micra pennsylvania pac                                            ,0
1133,"kauffman, rob com to elect                                  ",0
1134,clark hill thorp reed pac,0
1135,lower bucks leadership fund c/o e fluke,0
1136,citizens for qualified judges,0
1137,teamsters joint council 40 pac,0
1138,tom sponaugle for judge,0
1139,friends of patty kim,0
1140,tim krieger for judge committee,0
1141,ward 26 rep exec com,0
1142,42nd democratic ward,0
1143,pac 1742,0
1144,philadelphia builders for affordable housing,0
1145,friends of 56th ward democratic committee,0
1146,metlife inc. employees' political participation fu,0
1147,republican action team,0
1148,wells fargo and co. pennsylvania employees good government fund,0
1149,financial services pol com                                  ,0
1150,pa occupational therapy pac                                 ,0
1151,philly set go,0
1152,pasr/l-pec (pa assn of school retirees)                     ,0
1153,worthington industries pac,0
1154,ward 55 dem exec com                                        ,0
1155,philly united                                               ,0
1156,citigroup inc. pac - state (citi pac-state),0
1157,cabot oil &amp; gas corporation political action committee,0
1158,the procter &amp; gamble company good government fund,0
1159,"eich, jon com to elect                                      ",0
1160,a t & t inc fed pac                                         ,0
1161,"sonney, curt com to elect                                   ",0
1162,"fein, david i",0
1163,"leonard, suzan friends of",0
1164,taup cope (temple assn univ prof)                           ,0
1165,nra victory fund                                            ,0
1166,pa physical therapy positive action com                     ,0
1167,tel pac (pa telephone assn)                                 ,0
1168,williams for senate,0
1169,13th ward democratic executive committee,0
1170,susquehanna county democrats,0
1171,p.h.b.a. pac,0
1172,teamsters local 8 pac,0
1173,allegheny co rep com,0
1174,stout election committee,0
1175,michael fanning,1
1176,"melchiorre, vince",1
1177,sam murray for judge committee,0
1178,"murray, samuel p ",1
1179,"teeter, matthew e. ",1
1180,volunteers for argall,0
1181,william j. ciancaglini,1
1182,"jennifer schultz, esquire",1
1183,"kyriakakis, anthony george",1
1184,"harry f. smail, jr",1
1185,"scomillio, victor e ",1
1186,"slenker, neil a ",1
1187,"comery, citizens for",0
1188,friends of anthony kyriakakis,0
1189,starr marshall cash,1
1190,"pittman, joffie c",1
1191,"sulman, daniel r. ",1
1192,"allen, cheryl judge for supreme court",0
1193,jpf pac,0
1194,friends of cherelle l. parker,0
1195,firepac 10,0
1196,pennsylvania pro-life federation state pac,0
1197,aston township executive finance committee,0
1198,westmoreland bar association pac,0
1199,pa ag republicans,0
1200,custom pac,0
1201,tredyffrin township republican committee,0
1202,friends of christy joy,0
1203,lancaster county association of realtors political action committee,0
1204,marino for congress,0
1205,food pac of pa,0
1206,lancaster county democratic committee,0
1207,capital reion stonewall democrats,0
1208,pennsylvania automotive association political action committee,0
1209,"hayden, richard                                             ",0
1210,"marsico, ed for district attorney comm                      ",0
1211,team litz,0
1212,indiana co dem com                                          ,0
1213,firearm owners against crime,0
1214,"jones, hugh alan bipartisan committee to elect judge",0
1215,delco future leadership fund,0
1216,"o'connell, john",0
1217,"iheartmedia, inc. - clear channel outdoor pac",0
1218,julia malloy-good,1
1219,lackawanna co dem com                                       ,0
1220,two eleven pac                                              ,0
1221,margaret j amoroso for judge,0
1222,eckert seamans pa govt pac                                  ,0
1223,education opportunity pac,0
1224,killion victory committee,0
1225,"better jobs, better future",0
1226,jay costa jr for state senate,0
1227,pennsylvania apartment association                             ,0
1228,"george, jane (lob)                                          ",0
1229,friends of julia malloy good,0
1230,fop lodge 28 lower merion pac fund,0
1231,friends of jason salus,0
1232,friends of wansacz and o'malley,0
1233,int. longshoremen's assoc. local 1291 pac,0
1234,clarion cnty rep. committee,0
1235,adams co rep com                                            ,0
1236,blair co dem com                                            ,0
1237,"simmons, justin friends of                                  ",0
1238,friends of ken trujillo,0
1239,"brewster, jim committee to elect                            ",0
1240,friends of mary jo daley,0
1241,your vote matters pac,0
1242,democracy for america - pa                                  ,0
1243,"greenberg traurig, p.a. pac",0
1244,philadelphia 3.0 pac,0
1245,"latorre, david",0
1246,north side good govt com                                    ,0
1247,"washington, leanna friends of                               ",0
1248,"javitz, donna davis committee to elect judge",0
1249,friends of mike driscoll,0
1250,americans of italian heritage council inc                   ,0
1251,cirillo for judge,0
1252,"clifford, dan friends of                                    ",0
1253,jeffry grimes,1
1254,david j. russo,1
1255,gregory cirillo,1
1256,eisenberg for judge,0
1257,"bittner, scott p ",1
1258,local 0322 plumbers &amp; pipefitters pac                       ,0
1259,"committee to elect marci l. miller, judge",0
1260,genesis iv,0
1261,lampeter-strasburg democratic club,0
1262,key-pac c/o ronald w. kosh,0
1263,manheim township democratic club,0
1264,31st ward republican committee,0
1265,"maisano, daniel team judge",0
1266,coal miners pac (utd mine wrkrs of amer)                    ,0
1267,pgh sustainability pac                                      ,0
1268,east pennsboro democratic club,0
1269,teamsters local 830 pac,0
1270,"health partners plans, pac",0
1271,tony scanlon for judge,0
1272,friends of ward 39-b,0
1273,"lower bucks leadership fund % e. fluke, treasurer",0
1274,columbia county democratic committee,0
1275,pa manufactured housing pac c/o treas: mike sienkiewicz @ sienkiewicz holdin,0
1276,protect pa kids pac,0
1277,friends of jannie l. blackwell,0
1278,pit pac,0
1279,democratic committee of juniata county,0
1280,jefferson county republican committee,0
1281,wendy g rothstein for judge,0
1282,local 0250 teamsters political action committee (charles gaston),0
1283,pa manufactured housing pac c/o treas: mike sienkiewicz &amp; sienkiewicz holdin,0
1284,"springfield township democratic committee, montgomery county",0
1285,lawrence county young republicans,0
1286,flyers victory fund,0
1287,chester co dem com                                          ,0
1288,"bipartisan voluntary public affairs committee of the pnc financial services group, inc.   ( pnc pac)",0
1289,action of pa,0
1290,disanto for senate,0
1291,"christiana, jim citizens for                                ",0
1292,capital blue pac                             ,0
1293,schuylkill co dem com                                       ,0
1294,chevron employees political action committee - chevron corporation,0
1295,mcgarrigle for senate,0
1296,meshpac,0
1297,lancaster general health pac,0
1298,pa sfa pac,0
1299,hntb holdings ltd. pac,0
1300,deep blue,0
1301,committee to elect jim martin,0
1302,friends of andy lewis,0
1303,keystone fund,0
1304,local 0009 bricklayers &amp; allie,0
1305,clarion county democratic committee % jennifer vinson,0
1306,"regola, bob friends of c/o treas: c. edward wible",0
1307,fairness pa,0
1308,pa duquesne light (penndupac)                               ,0
1309,"yaw, gene friends of for senate                             ",0
1310,bon-ton pac                                                 ,0
1311,pa restaurant & lodging pac,0
1312,international union of painters and allied trades political action together political committee,0
1313,constructors assn pac (capac)                               ,0
1314,indiana co rep com                                          ,0
1315,1776 freedom&#39;s calling committee,0
1316,"brooks, michele people to elect                             ",0
1317,wawa inc pac,0
1318,nisource inc. pac,0
1319,bucks county republican committee,0
1320,national italian american political action committee,0
1321,northampton co dem com                                      ,0
1322,international association of heat and frost insulators and allied workers policial action committee,0
1323,"int'l. association of bridge, structural, ornamental &amp; reinforcing iron workers (ipal)",0
1324,t&amp;m associates pac,0
1325,roll pac,0
1326,8th ward democratic executive committee,0
1327,citizens for responsible government,0
1328,friends of tom corbett,0
1329,kutztown area democracy club,0
1330,cpbct pac,0
1331,republicans friends of area four,0
1332,friends of neal p. goodman,0
1333,uwua local 686 committee political education fund,0
1334,pa architects pac                                           ,0
1335,arcadis u.s. inc. political action committee (arcadis pac),0
1336,"honesty integrity performance committee c/o chad weaver, treas",0
1337,benninghoff for representative,0
1338,"browne, patrick citizens for                                ",0
1339,"ward, judy friends of",0
1340,pennsylvanians for judicial reform,0
1341,friends of judge paul p. panepinto,0
1342,friends of sheryl delozier,0
1343,"dickie, mccamey &amp; chilcote, political action committee",0
1344,citizens for a better pa,0
1345,pennsylvania independent pharmacists pac,0
1346,"friends of heather heidelbaugh, inc. t/a heidelbaugh for council",0
1347,friends of nick micozzie,0
1348,friend of nate silcox,0
1349,local 0405 iron workers pac                                 ,0
1350,duane morris llp government committee (state),0
1351,"gordner, john friends of                                    ",0
1352,friends of mark painter,0
1353,mission critical partners inc pac                           ,0
1354,greater pgh chamber of commerce                             ,0
1355,"vereb, mike friends of                                      ",0
1356,"road sprinkler fitters local union no. 669, u.a., afl-cio pac",0
1357,the boeing company political action committee,0
1358,"mead, john j ",1
1359,"mead, jamie committee to elect",0
1360,"connelly, erin committee to elect for judge",0
1361,"connelly,erin colleen ",1
1362,"sponseller,todd michael ",1
1363,"rosini, paige committee to elect judge",0
1364,"rosini,paige ",1
1365,"barrett, pat friends of for judge",0
1366,"dimitriou geishauser, elini friends of",0
1367,"sala, melinda for judge",0
1368,"columbia pipeline group, inc. pac",0
1369,"mcclinton, joanna friends of",0
1370,"muha, michael t friends of",0
1371,pa div h.b.p.a. pac                                         ,0
1372,"george, stephen friends of",0
1373,astellas us llc pac (astellas pac),0
1374,com for free enterprise                                     ,0
1375,halliburton company pac,0
1376,pa veterinary pac                                           ,0
1377,zamboni pac,0
1378,phila jt board victory pac                                  ,0
1379,pa democratic party,0
1380,ameriserv financial inc pac                                 ,0
1381,babst calland clements & zomnir pc pac                      ,0
1382,red rose leadership fund,0
1383,cintas corporation partners pac,0
1384,local 0006 bakery confect & tobacco                         ,0
1385,"avis budget group, inc. pac",0
1386,"dominion resources, inc. political action committee - dominion pac",0
1387,walgreen co pac                                             ,0
1388,mid penn bank pac                                           ,0
1389,r.r. donnelley &amp; sons company good government fund,0
1390,international brotherhood of electrical workers political action committee,0
1391,pennsylvanians for ralph kaiser,0
1392,penn manor democratic committee,0
1393,united food and commercial workers international union active ballot club,0
1394,crown pac (pa),0
1395,hatch mott pa pac,0
1396,"feldstein grinberg lang &amp; mckee, p.c. (formerly fgsm, p.c.) c/o treasurer, francis c. rapp, jr., esquire",0
1397,local 0433 uwua c/o brian dixon,0
1398,juniata co women's democratic club,0
1399,"staback, ed friends of                                      ",0
1400,"mackenzie, ryan citizens for",0
1401,"henshaw, kelly friends of",0
1402,"scott,kai n ",1
1403,susan i. schulman,1
1404,dawn a. segal,1
1405,"harry f. smail, jr.",1
1406,morganelli pac pa,0
1407,friends of marcy toepel,0
1408,"hope,christine marie ",1
1409,"hope, christine friends of 2015",0
1410,"scott, kai friends for",0
1411,"schwartz, allyson pennsylvania for",0
1412,friends of donna bullock,0
1413,"bradford, matt friends of                                   ",0
1414,"kuznik, marybeth friends of",0
1415,"schlegel-culver, lynda citizens for                         ",0
1416,"fitzgerald, isabella friends of",0
1417,interior designers pac                                      ,0
1418,"deely, kevin friends of",0
1419,"peifer, mike friends of                                     ",0
1420,"kinsey, stephen friends of",0
1421,nationwide pennsylvania political participation committee,0
1422,amerisourcebergen corporation political action committee (abc pac),0
1423,pa state lodge of fraternal order of police pac,0
1424,norfolk southern corporation good government fund,0
1425,parents & teachers for putting students first,0
1426,hcr manor care pac                                          ,0
1427,"delissio, pamela state house campaign                       ",0
1428,"reyes, michelle fisher (lob)                                ",0
1429,"plant, morgan                                               ",0
1430,manufacturer & business assoc pac (mba-pac)                 ,0
1431,enigma pac,0
1432,new gen i  pac,0
1433,timber pac c/o treasurer paul a. lyskava,0
1434,amy neufield,0
1435,"reschenthaler, guy friends of",0
1436,george r burrell,0
1437,david l hyman,0
1438,"lenhart, lester committee to elect",0
1439,lehigh co dem com                                           ,0
1440,delaware county democratic committee,0
1441,committee to elect leanne krueger-braneky,0
1442,lou dayich,1
1443,heather for harrisburg,0
1444,dan clifford,1
1445,nancy l. butts,1
1446,jonathan mark,1
1447,mankamyer for judge,0
1448,siemens corporation pac,0
1449,people to elect matt baker,0
1450,bb&t pennsylvania pac,0
1451,western pennsylvania growth pac                 ,0
1452,unitedhealth group incorporated pac (united for health),0
1453,"the hartford financial services group, inc. pac (aka the hartford advocates fund)",0
1454,bank of america corp st & fed pac - pa                      ,0
1455,"marsico, ron friends of com                                 ",0
1456,juniata county republican women                              ,0
1457,satellite broadcasting & comm assoc of america pac          ,0
1458,baxter healthcare corporation political action committee,0
1459,vulcan materials company political action committee,0
1460,"altria group, inc. political action committee (altriapac)",0
1461,bristol-myers squibb co. employee political advoca,0
1462,"shade, russ friends of                                      ",0
1463,delco good government committee,0
1464,kutztown area democratic club,0
1465,dauphin county democratic committee,0
1466,"kaplin stewart meloff reiter &amp; stein, pc pac c/o neil a. stein, esquire",0
1467,sheetmetal workers #44 - c/o s. schmude,0
1468,"regola, bob friends of c/o treas. c. edward wible",0
1469,"ellis, brian com to elect                                   ",0
1470,23rd democratic ward,0
1471,united services automobile association employee pac - usaa employee pac,0
1472,dante santoni jr for state representative,0
1473,committee to elect joseph digirolamo,0
1474,team tosti-vasey,0
1475,citizens for stan saylor,0
1476,friends of marian,0
1477,ed marsico for district attorney committee,0
1478,friends of adam ravenstahl,0
1479,acba - judicial excellence committee,0
1480,montgomery county council of republican women,0
1481,twardy for judge committee,0
1482,greater reading pac,0
1483,impel pac,0
1484,teamsters local #30 political action committee,0
1485,"american federation of teachers, afl-cio cope (aft/cope)",0
1486,john foradora,1
1487,"foradora, john henry ",1
1488,"giordano, emil  ",1
1489,"bennett, wayne m ",1
1490,"martin, thomas  ",1
1491,unity 2001                                                  ,0
1492,"sulman, dan committee to elect",0
1493,"huffman, chris friends to elect judge",0
1494,"mccabe, chris for judge",0
1495,"wahl, betsy jo ",1
1496,"bennett, wayne friends of ",0
1497,"mccabe, christopher i ",1
1498,"kyriakakis, anthony george ",1
1499,children&#39;s svc providers fund                               ,0
1500,zarwin baum good govt pac                                   ,0
1501,penn hy-pac (pa dental hygienists)                          ,0
1502,economic development pac,0
1503,associated builders and contractors of wpa                  ,0
1504,"suder, deborah m                                            ",0
1505,pafp pac (pa acdmy family physicians)                       ,0
1506,friends of fee,0
1507,friends of david gibbon,0
1508,democratic pary of cheltenham township,0
1509,pennsylvanians for economic competitiveness,0
1510,better delco,0
1511,district 1199c political action fund,0
1512,white and williams pac,0
1513,friends of charley martin,0
1514,smacpac of pa                                               ,0
1515,unite here tip state &amp; local fund,0
1516,pamic pac,0
1517,communities united pac,0
1518,teamsters local 628 pac                                     ,0
1519,friends of dave white,0
1520,friends of alan butkovitz,0
1521,brthrhd locomotive enginrs &amp; trainmen pac fund              ,0
1522,"santarsiero, steve for st rep                               ",0
1523,committee to elect michelle kichline,0
1524,"vance, patricia voters to elect                             ",0
1525,frederick for judge,0
1526,"gingrich, aaron l. ",1
1527,"lillis, james m ",1
1528,"frederick, victor m iv",1
1529,"rosini, paige  ",1
1530,"kline, kelly friends of",0
1531,"hyams, carrie for judge",0
1532,"schubert, richard  ",1
1533,ward 59 rep exec com                                        ,0
1534,democratic party of york county (pa),0
1535,springfield republican party,0
1536,malady &amp; wooten public affairs                 ,0
1537,pa society of professional engineers pac                    ,0
1538,montco democratic women's leadership initiative,0
1539,"melchiorre, vince committee to elect judge",0
1540,"brewster, jim committee to elect",0
1541,"dicicco, christian  ",1
1542,"clemons, lucretia for judge",0
1543,building a stronger pennsylvania,0
1544,christina m. simpson,1
1545,idee c. fox,1
1546,"hayden, charles  ",1
1547,jenkintown democratic committee,0
1548,sheet metal workers,0
1549,"western pennsylvania laborers' pac c/o: robert l. kmecak, secretary-treasurer",0
1550,pa state pipe trades association,0
1551,phila building trades council pac,0
1552,"tioga county democratic party, robt. wooley, treasurer",0
1553,bucks montgomery committee for housing affordability,0
1554,friends of paul p. panepinto,0
1555,friends of brice arndt,0
1556,alice beck dubow,1
1557,chester city regular republican campaign committee,0
1558,rebuild pennsylvania,0
1559,montgomery county democratic committee,0
1560,committee to elect pam snyder,0
1561,working america pa pac,0
1562,"walsh,joseph m iii",1
1563,hugh alan jones,1
1564,"walsh, joe committee to elect",0
1565,"mchugh,raymond f ",1
1566,"regan,daniel d ",1
1567,paft cope,0
1568,friends of josh parsons,0
1569,ceasefirepa pac,0
1570,shawn wagner for judge,0
1571,committee to retain dawn a. segal,0
1572,"monroe county democratic women, anne fetherman, treasurer",0
1573,donegal area republican committee,0
1574,committee to elect tammy bernstein for judge - cambria county,0
1575,dist 154 dem party of                                       ,0
1576,"youngblood, rosita com to elect                             ",0
1577,"acosta, leslie committee to elect for state rep 197th district",0
1578,friends of andy reilly,0
1579,upper derby rep campaign com,0
1580,the friends of vincent a. vicites,0
1581,committee to retain judge deborah kunselman,0
1582,york county federation of democratic women,0
1583,spring township democratic committee - montgomery county,0
1584,pa manufactured housing pac c/o treas: mike sienkiewicz @ sienkiewicz holi,0
1585,wyoming county democrats party,0
1586,voice of housing of chester &amp; delaware co,0
1587,michael 2015,0
1588,d. gregory geary,1
1589,montgomery county republican women's leadership,0
1590,"friends to keep judge harry f. smail, jr.",0
1591,jarbola for judge,0
1592,"regoli, david a ",1
1593,amanda cooperman,1
1594,barbara s. gilbert,1
1595,"lachman, marlene f",1
1596,frank palumbo,1
1597,michael h wojcik,1
1598,northumberland county republican committee,0
1599,senate republican campaign committee,0
1600,64th ward democrat executive committee,0
1601,local 0500 political; action fund,0
1602,district 1199c pac,0
1603,area 9 republican committee,0
1604,ipal (ironworkers pol action league),0
1605,"harhart, julie committee to elect",0
1606,pa association of milk dealers (pamd),0
1607,franklin county committee for affordable housing,0
1608,genesee &amp; wyoming inc. pac (pa),0
1609,westmoreland bar assoc pac,0
1610,tioga county republican committee,0
1611,hapco pac,0
1612,friends of dan miller,0
1613,christine mayernik,0
1614,the committee to elect brad rose,0
1615,glen grell for house committee,0
1616,tri-county federation of democratic women,0
1617,committee to elect cindy miller,0
1618,"amoroso, margaret j for judge",0
1619,neighbourhood networks pac,0
1620,monroe council of republican women,0
1621,honeywell international political action committee,0
1622,friends of brandon neuman,0
1623,nrg energy inc political action committee,0
1624,amgen inc. political action committee,0
1625,"donbach, brad vote",0
1626,gopac - pa                                                  ,0
1627,committee to elect mike stack,0
1628,tom wolf for governor,0
1629,pennsylvania working families party ie committee,0
1630,"molony, dave friends of                                     ",0
1631,independent state store union pac,0
1632,standard bred breeders association of pa,0
1633,committee to elect joseph e sinnott,0
1634,mifflin county democratic women committee,0
1635,local 0081 ibew cope fund,0
1636,citizens for jason ortitay,0
1637,friends of jeff c wheeland,0
1638,friends of jeff pyle,0
1639,pennsylvanians union reform pac,0
1640,friends of dan  demarco,0
1641,plp pac,0
1642,rep state com of pa,0
1643,jewish community pac of pittsburg,0
1644,ward 30 republicans,0
1645,jar r. moyer,1
1646,musto senate committee,0
1647,committee to elect r. lee james state representative,0
1648,central susquehanna builders assn pac                       ,0
1649,"wheatley, jake citizens for                                 ",0
1650,brandywine leadership coalition,0
1651,"mcclure, rohanna team",0
1652,"cephas, morgan friends for",0
1653,vision for a better community (vbc),0
1654,"metz, b lafe",0
1655,fitzpatrick for congress,0
1656,chadds ford democratic party,0
1657,"ward 66-a, friends of the",0
1658,york county republican committee,0
1659,york traditions bank,0
1660,clarion cnty rep cmtte,0
1661,perry county democratic committee,0
1662,williams for mayor,0
1663,"hackett, joe friends for                                    ",0
1664,"koch industries, inc. political action committee (kochpac)",0
1665,eastmanpac-political action committee of eastman c,0
1666,education management corporation employee pac (edmc edu-pac),0
1667,service corporation international pac,0
1668,novartis corporation political action committee,0
1669,the caterpillar inc. employee political action com,0
1670,international brotherhood of boilermakers campaign,0
1671,acre (action com rural electrification)                     ,0
1672,zeneca inc. political action committee,0
1673,justice party of pennsylvania state committee,0
1674,64th ward executive comittee,0
1675,"del ricci, sarah committee to elect",0
1676,penn ag dems                                                ,0
1677,"mcginnis, john friends of",0
1678,"truitt, dan friends of                                      ",0
1679,brush wellman good govt fund                                ,0
1680,citizens for effective govt                                 ,0
1681,"petrarca, joseph election com                               ",0
1682,lebanon county young republican club,0
1683,local 0066 pac club                                         ,0
1684,york co dem party of                                        ,0
1685,"acosta, leslie friends of",0
1686,"solomon, jared friends of",0
1687,erie insurance political action committee,0
1688,"santana, edwin friends of",0
1689,pa bankers pub affairs (pabpac)                             ,0
1690,sanofi pasteur inc. political action committee,0
1691,jm jr pac,0
1692,anadarko petroleum corp. pac,0
1693,sap america inc pac,0
1694,ford motor company civic action fund,0
1695,sierra club political committee,0
1696,transport workers union political contributions co,0
1697,zappala for pa,0
1698,committee to strengthen america,0
1699,noble energy inc. political action committee,0
1700,1886 pac                                                    ,0
1701,trinity industries employee pac (sf) inc.,0
1702,retention 2015,0
1703,friends of scott conklin,0
1704,committee to elect robert freeman,0
1705,keystone leader`s pac,0
1706,"maloney,david m com to elect",0
1707,raynock jp com elect,0
1708,michael baker international pac   ,0
1709,friends of josh first,0
1710,ron mcglaughlin for judge,0
1711,lehigh valley young republicans,0
1712,friends of donald cunningham jr.,0
1713,psna pac ( pa state nurses assn),0
1714,"stevens, sean friends of",0
1715,for a better pennsylvania fund pac,0
1716,citrino for state rep,0
1717,local 56 ibew political education,0
1718,"snyder, marni philly for",0
1719,manheim township dem club,0
1720,dem party of carbon county,0
1721,hughes helen dem women,0
1722,kutak rock llp pac,0
1723,"schlossberg, mike friends of",0
1724,glaxosmithkline llc pac - pa,0
1725,"gibbons, jaret friends of                                   ",0
1726,tbb pac,0
1727,fmc corp good govt program                                  ,0
1728,lebanon co com for affordable housing                       ,0
1729,"wolfe, jessica committee to elect",0
1730,"demme, ethan friends of",0
1731,everpower wind holdings inc pac,0
1732,"wegman, gary for congress",0
1733,sheet metal workers local # 12,0
1734,local 81 ibew c/o treasurer richard,0
1735,53rd ward gop,0
1736,the elephant fund,0
1737,8th ward gop committee,0
1738,taxpayers for tommy,0
1739,jefferson co dem committe c/c trea: linda bodnar,0
1740,progressive democratic pac,0
1741,committe for kopas,0
1742,"mt lebanon democratic committee c/o geoffrey r. hurd, treasurer",0
1743,river horse pac,0
1744,allegheny county bar association pac,0
1745,scranton federation of teachers,0
1746,monroe county republican committee,0
1747,"lewis, andrew friends of",0
1748,friends of steve bartos,0
1749,wayne co dem com                                            ,0
1750,kwbh pac       ,0
1751,xerox corporation political action committee (xpac),0
1752,cemex inc. employees pac,0
1753,"alkermes, inc. political action committee",0
1754,purdue pharma inc. political action committee (pur,0
1755,anheuser-busch companies inc. pac,0
1756,plna pac (pa landscape/nursery assn)                        ,0
1757,genworth financial inc political action committee,0
1758,philips electronics north america corporation employees political action committee,0
1759,"te connectivity, inc pac (telpac)                ",0
1760,cvs caremark employees political action committee,0
1761,nestle waters north america inc. pac,0
1762,marathon petroleum corporation employees political action committee (mpac),0
1763,seaworld parks &amp; entertainment inc. pac,0
1764,deere &amp; company pac (aka john deere pac),0
1765,committee to re-elecy peter j daley,0
1766,teamster joint council #53 political action committee -drive,0
1767,penn comm for affordable housing,0
1768,friends of eric nelson,0
1769,comm to elect craig stephens,0
1770,joycehaas.com,0
1771,bipart pac political the bank of new york mellom corp,0
1772,seniors for better govt,0
1773,fulton county democrat committee,0
1774,fulton county dem committee,0
1775,"freeberg, kevin friends of ",0
1776,pa dem women&#39;s pac                                          ,0
1777,bka pac (brinjac kambic assoc)                              ,0
1778,"gingrich, mauree for st house                               ",0
1779,"pippy, john friends of                                      ",0
1780,pa liberty fund                                             ,0
1781,"del ricci, sarah  ",1
1782,pa democratic party                                         ,0
1783,americans for marcel,0
1784,"readshaw, harry for leg                                     ",0
1785,"folmer, mike for state sen         ",0
1786,friends for scappe,0
1787,"everett, garth friends of                                   ",0
1788,pa abc pac (pa assoc. bldrs &amp; contractors)                  ,0
1789,pa oil marketers pac (pompac)                               ,0
1790,covanta energy llc                               ,0
1791,"black, david e  (lob)                                       ",0
1792,sprint corporation pac,0
1793,steve santarsiero for state representative,0
1794,j m uliana &amp; associates llc pac                             ,0
1795,rga pennsylvania 2014 pac,0
1796,"costa, paul for st rep                                      ",0
1797,koppers inc pac                                             ,0
1798,"zhang, dafan for pennsylvania",0
1799,cozzone for pa senate,0
1800,"staats for state rep""""",0
1801,"latsha davis &amp; mckenna, pc pac                              ",0
1802,h.j. heinz company political action committee,0
1803,pennoni assoc pac                                           ,0
1804,dist 145 assembly dem org                                   ,0
1805,"ramaley, sean citizens for                                  ",0
1806,focus philly pac,0
1807,"boback, karen friends of                                    ",0
1808,friends of martina white,0
1809,"brumbach, marissa joan ",1
1810,colville for superior court,0
1811,"colville, robert john ",1
1812,"woodruff, dwayne judge for justice",0
1813,"lazarus, anne e  ",1
1814,campaign for fairness,0
1815,warren for justice,0
1816,foradora for supreme court,0
1817,"huffman, christopher w ",1
1818,martina white,1
1819,keep jobs in the usa                                  ,0
1820,"coleman, martin for judge                                   ",0
1821,pa state pipe trades assoc pac                              ,0
1822,"susquehanna bancshares, inc.",0
1823,dent for congress,0
1824,fulton county republican committee,0
1825,petroleum retailers &amp; auto repair assn,0
1826,elk co rep com,0
1827,committee to elect bill keller,0
1828,harrisburg regional chamber pac                             ,0
1829,"baker, michael corp pac                                     ",0
1830,farmers employee &amp; agent pac,0
1831,carpenters pac of phila &amp; vicinity                          ,0
1832,women for change,0
1833,"dubow, alice  b ",1
1834,"johnson, shanese i ",1
1835,"allen, cheryl  ",1
1836,"silvis, jim friends of ",0
1837,citizens for shanese johnson for common pleas judge,0
1838,"watson-stokes, deborah ann ",1
1839,"kassis, abraham p ",1
1840,stella tsai,1
1841,"sawyer, stephanie m friends of                              ",0
1842,"white, don friends of                                       ",0
1843,aument for senate,0
1844,united wards                                                ,0
1845,citizens for a greater reading,0
1846,logan for senate,0
1847,"dermody, frank friends of",0
1848,"savage, danny friends of",0
1849,perry county republican committee,0
1850,local 0250 teamsters political action committe,0
1851,21st ward gop,0
1852,"indiana, armstrong &amp; clarion central labor council afl-cio",0
1853,juniata county republican comm,0
1854,pa. horse breeders assoc. - pac,0
1855,"gordon, tracey  ",1
1856,conservation voters of pa action fund                       ,0
1857,friends of joanna mcclinton,0
1858,nexpac,0
1859,local 2026 faculty fed/comm. college faculty federation of community college of philadelphia,0
1860,ward 14 democratic executive committee,0
1861,fayette country republican committee,0
1862,blawnox democratic committee,0
1863,scranton federation of teachers cope,0
1864,psychiatric physicians of pa pac,0
1865,western pa. laborers' pac,0
1866,fifth square pac,0
1867,kline for judge,0
1868,committee to retain justice max baer,0
1869,friends of frank staudenmeier,0
1870,juniata co. womens democratic club c/o nancy lebkicher,0
1871,friends of john k. weinstein,0
1872,delaware county republican executive committee,0
1873,"davis, tina friends of                                       ",0
1874,bucks county gop pac,0
1875,"lavery, hugh j. (lob)                                       ",0
1876,"wozniak, john n com to elect                                ",0
1877,pa psychological pac (pennpsypac)                           ,0
1878,"frank, gale, bails, murcko &amp; pocrass, p.c. pac",0
1879,stand up westmoreland pac,0
1880,mike kelly for congress,0
1881,school police association - committee for safe schools,0
1882,fayette county republican committee,0
1883,"mt lebanon democratic committee c/o geoffrey r. hurd, treas.",0
1884,democratic party of cheltenham township,0
1885,bipartisan political action committee/the bank of new york mellon corporation bipac/bnymc,0
1886,darby township republican party,0
1887,friends of natasha taylor-smith,0
1888,pspa political support for political action,0
1889,pa future pac,0
1890,blawnox democratic party,0
1891,friends of sharon losier,0
1892,northeast caucus of pa state democratic committee,0
1893,"mallios, chris for judge",0
1894,lawrence demarco,1
1895,bob charles,1
1896,friends of guy,0
1897,katherine b. emery,1
1898,duane morris govt com                                       ,0
1899,arthur l. zulick,1
1900,pennsylvania working families party ie pac,0
1901,greater harrisburg association of realtors(r) pac,0
1902,"tioga county democratic party--robert wooley, treasurer",0
1903,lower makefield democractic club,0
1904,"taylor, robert s. (lob)",0
1905,michael h. wojcik,1
1906,lillian harris ransom,1
1907,maureen a. skerda,1
1908,john milton younge,1
1909,ann m butchart,1
1910,walter j. olszewski,1
1911,charles j. cunningham,1
1912,pat dugan,1
1913,"schulman, susan i",1
1914,"shirdan-harris, lisette",1
1915,melissa a. amodie,1
1916,"dobson, thomas r",1
1917,leon w tucker,1
1918,xerox corporation pac (xpac),0
1919,central pa builders for affordable housing                  ,0
1920,chester co chamber pac,0
1921,upper moreland republican assoc,0
1922,w.e.s.t.r.u.m. pac,0
1923,"kaplin stewart meloff reiter &amp; stein, p.c.",0
1924,derry township democratic committee,0
1925,pennsylvania independent pharmasists pac,0
1926,professional acupuncture in pa,0
1927,people to elect brooks,0
1928,patriot voices pac,0
1929,greener east nottngham,0
1930,"parsons, scott citizens to elect",0
1931,area 8 rep com                                              ,0
1932,7th ward friends of angerl cruz,0
1933,citizens for progress,0
1934,second district luzerne county republican committee,0
1935,laborers local union no. 130 pac,0
1936,pa horse breeders assocaition- pac,0
1937,"mcginn ,joe friends of",0
1938,"scanlon , tony for judge",0
1939,"dermovsesian, albert j friends of",0
1940,montgomery co council of rep women,0
1941,african american women for political change,0
1942,committee to elect flo fabrizio,0
1943,union county republican committee,0
1944,citizens to elect dick hess state representative,0
1945,friends of cris dush,0
1946,nea fund for children and public education,0
1947,nea fund for children and public education nfi,0
1948,"flynn, marty friends of",0
1949,golden livingcenters care pac - pa,0
1950,national association of mutual insurance companies pac,0
1951,united parcel service inc. pac,0
1952,csl behring employees political action committee,0
1953,friends of neil makhija,0
1954,quest diagnostics incorporated political action committee,0
1955,mylan inc. political action committee (mypac),0
1956,cozen o&#39;connor federal pac,0
1957,keystone reform pac,0
1958,harris corporation political action committee,0
1959,crawford co dem com                                         ,0
1960,"nesbit, tedd elect",0
1961,friends of john r. campbell,0
1962,york county federation  of democratic women,0
1963,wcr special funds,0
1964,the kraft heinz company political action committee   (heinzpac),0
1965,mcnees pac,0
1966,warren county dem committee,0
1967,"tallman, will f",1
1968,regional priorities pac,0
1969,ward 63 rep exec com                                        ,0
1970,dist 143 dem assembly (new)                                 ,0
1971,fredric j. ammerman,1
1972,gwendolyn n. bright,1
1973,ward 05 rep com                                             ,0
1974,"wojcik, michael h ",1
1975,"johnson, shanese citizens for common pleas judge",0
1976,pa joint board workers united pac,0
1977,"warren, rebecca for justice",0
1978,friends of joe  ciresi,0
1979,friends of neal rice,0
1980,long for pa,0
1981,mccandless rep commottee,0
1982,sims4papac,0
1983,friends of kate klunk,0
1984,friends of john brown,0
1985,voit for pa treasurer,0
1986,tavern pac,0
1987,friends of john rafferty,0
1988,sanofi us services inc employees pac                   ,0
1989,19th ward executive committee,0
1990,concerned citizens of central pennsylvania,0
1991,kotik for representative 2002,0
1992,university city rep com                                     ,0
1993,crossroads pac                                              ,0
1994,"green party of montgomery county, pa",0
1995,"mcgeehan, mike friends to elect                             ",0
1996,richland dem com                                            ,0
1997,allegheny co dem delegation                                 ,0
1998,keeping america competitive,0
1999,phila future pac                                            ,0
2000,afscme council 13 political and legislative,0
2001,carmeuse pac,0
2002,friends of kristin phillips-hill,0
2003,upper providence republican committee,0
2004,"upper darby firefighters pac""""",0
2005,friends for daryl metcalfe,0
2006,greene county republican committee c/o mary sue crayne - treasurer,0
2007,robbins for senate committee,0
2008,ward 58 democratic philadelphia,0
2009,friends of bob mellow,0
2010,corry democratic party,0
2011,pa ballot access coalition,0
2012,"schwank, judy friends for",0
2013,pa radiology pac (paradpac)c/o keith haidet,0
2014,don l. francis,0
2015,pac pard phil pac c/o frank a. rubino treasurer,0
2016,kathleen kane for pennsylvania,0
2017,berks democratic women,0
2018,friends of camera bartolotta,0
2019,friends of jess stairs,0
2020,juniata co. womens' democratic club,0
2021,nbt bank n.a. state fund p.a.,0
2022,mckean county republican committee,0
2023,"wuf political action committee c/o: robert l. kmecak, jr., secretary-treasurer",0
2024,western pennsylvania laborers' pac,0
2025,"nextera energy, inc. political action committee",0
2026,chris rabb for state representative,0
2027,pennsylvanians for better leadership pac                    ,0
2028,"dawkins, jason friends of",0
2029,indiana co fed of dem women                                 ,0
2030,"denlinger, gordon friends of                                ",0
2031,weston solutions inc. pac (weston pac),0
2032,distilled spirits cncl of us inc pac                        ,0
2033,eli lilly and company political action committee,0
2034,"boni, andrew j election fund",0
2035,beaver county young republicans,0
2036,pa fed of college republicans,0
2037,"samuelson, steve friends of                                 ",0
2038,friends of pat harkins c/o treasurer susan m. kowalski,0
2039,local 8 plasterers,0
2040,sullivan county democratic committee,0
2041,local 592 - cement masons,0
2042,pa bpw pac c/o susanna westover,0
2043,lawrence county democratic committee,0
2044,southeast pa now pac,0
2045,friends of randy phiel for comm,0
2046,friends of joe torsella,0
2047,american association for justice pac,0
2048,"international union of operating engineers, local 95",0
2049,"mcguffin ,brian t ",1
2050,m. l. skip ebert,1
2051,pa manufactured housing pac c/o treas: mike sienkiewicz @ sienkiewicz holding,0
2052,delaware county future fund,0
2053,republican committee of allegheny county,0
2054,"york professional firefighters local 627, iaff",0
2055,erie insurance pac                                          ,0
2056,reichley for superior court,0
2057,friends to elect lynne m. summers for judge,0
2058,richardson todd eagen,1
2059,penn environment action fund,0
2060,lower makefield rep club                                    ,0
2061,"kitchen table patriots pac, the                             ",0
2062,"murphy, elvage g ",1
2063,"sweeney, patrick for judge",0
2064,hansen for seante,0
2065,"sweeney, patrick allen ",1
2066,"sponseller, todd michael ",1
2067,"walsh, joseph m iii",1
2068,pharmpac (pa pharmacy pac) c/o treas: patricia a epple,0
2069,pa sfa pac                                                  ,0
2070,bucks montgomery com for housing affordability              ,0
2071,dwayne woodruff,1
2072,"committee to elect starr marshall cash, judge, court of common pleas",0
2073,"barletta, lou for congress",0
2074,"thomson, rhodes &amp; cowie  pc  pac                            ",0
2075,pa now (natt org for women),0
2076,int'l brotherhood of boilermakers local 154,0
2077,pocono builders association pac,0
2078,teamsters jt council 40 pac,0
2079,lancaster county democratic women's association,0
2080,committee to elect marci l. miller judge,0
2081,conroy for philly,0
2082,friends of julia malloy-good,0
2083,carnes for judge,0
2084,friends of erin molchany,0
2085,mattis for judge committee (court of common pleas - northumberland county),0
2086,"urologists for patients access to care pac (u-pac pac) c/o treas., andrew goodman",0
2087,pa deer framers association of pa pac (pdfa pac) c/o harry strawser,0
2088,"milliron &amp; goodman pac c/o treas., john p. milliron",0
2089,"pa academy of ophthalmology pac (pao pac) c/o treas., john p. milliron",0
2090,monsanto company citizenship fund aka monsanto citizenship fund,0
2091,"jubas, gary a",1
2092,"shaw, alan people to elect",0
2093,friends of 56ward democratic committee,0
2094,committee to reelect sandra major state representative,0
2095,"marshall, jon  ",1
2096,matthew perks,1
2097,"lazarus, anne for supreme court",0
2098,teamsters local #30 political action comm,0
2099,"miller, lawrence",0
2100,"barrar, stephen friends of                                  ",0
2101,pac45,0
2102,kdpf pac,0
2103,upland republican executive committee,0
2104,"lower bucks leadership fund c/o e fluke, treasurer",0
2105,indian valley democrats c/o stephanie ferretti,0
2106,the hershey company politicial action committee (hcpac),0
2107,local 0524 united assn steamfi,0
2108,48th ward democratic executive committee-philadelphia,0
2109,friends to elect tina tartaglione,0
2110,so phila pac,0
2111,"committee to elect starr marshall cash, judge,m court of common pleas",0
2112,air products pa pol alliances,0
2113,susquehanna co dem com,0
2114,"castor, bruce friends of, inc.",0
2115,dnb financial good govt pac,0
2116,"frank,gale,bails, murcko &amp; pocrass, p.c. pac",0
2117,fulton county democratic committee,0
2118,brian t. ortelere,1
2119,friends of joshua young,0
2120,matis baum o&#39;connor pac                               ,0
2121,vote liz 2012,0
2122,committee to elect t.r. williams judge,0
2123,"mcguffin , brian t ",1
2124,"grayson, lisa m ",1
2125,"h. robert mattis, jr.",1
2126,david henderson / committee to elect henderson,0
2127,committee to elect jennifer staley mccrady for judge,0
2128,plan w pa,0
2129,democratic society of york,0
2130,pa ag republican,0
2131,"lower bucks leadership fund c/o e. fluke, treasurer",0
2132,prosperity pa pac,0
2133,arise usa,0
2134,juniata co dem com,0
2135,friends of barry moore,0
2136,local 09 pa bricklayers &amp; allied craftworkers,0
2137,international association of heat and frost insulators and allied workers political action committee,0
2138,kate m harper,1
2139,friends of barbarann keffer,0
2140,"baker, k. scott  (lob)                                      ",0
2141,"moore, barry friends of",0
2142,lower paxton twp rep com                                    ,0
2143,committee to elect gary jubas judge,0
2144,"chiomento iii, thomas v                                     ",0
2145,"yudichak, john citizens for                                 ",0
2146,johnstown professional firefighter pac,0
2147,mark painter,1
2148,"oliver, frank friends of                                    ",0
2149,"cohen, mark pennsylvanians for rep",0
2150,the honorable edward j. borkowski,1
2151,the honorable donna jo mcdaniel,1
2152,the honorable kathryn m. hens-greco,1
2153,the honorable thomas e. flaherty,1
2154,m l skip ebert,1
2155,the honorable dwayne d. woodruff,1
2156,the honorable anthony m. mariani,1
2157,delaware co rep finance com. 7900243,0
2158,bayada home health care pac,0
2159,indiana-armstrong builders for affordable housing,0
2160,lower makefield-yardley rep com                             ,0
2161,"whare, michael j ",1
2162,erie co bar assoc judicial plebiscite com                   ,0
2163,"regional leaders c/o frank colucci, treasurer",0
2164,pfrw pac,0
2165,republican state leadership committee pac &amp; individual account,0
2166,pennsylvanians for integrity in government pac,0
2167,citizens for integrity in government llc,0
2168,moderate americans,0
2169,bedford area republican women,0
2170,pa. automatic merchandising council mark craney treasurer,0
2171,friends of pat krebs,0
2172,"apollo education group, inc. political organization for legislative leadership in pennsylvania",0
2173,syngenta corporation employee pac,0
2174,greater philadelphia automobile dealers pac,0
2175,"iheartmedia, inc - clear channel outdoor pac                  ",0
2176,keystone progress pac                                       ,0
2177,the center pac                                              ,0
2178,friends of leroy wentz,0
2179,shipley energy pac,0
2180,eastern pocono democratic club,0
2181,"emrick, joe committee to elect c/o tres. joann cardello",0
2182,committee to elect craig stephens,0
2183,school nurse pac c/o nancy kaminski,0
2184,arkema political action committee,0
2185,friends of bob donchez,0
2186,"millard, david committee to elect",0
2187,mercer county committee for affordable housing,0
2188,john kane for state senate,0
2189,teamsters local 463 political action committee,0
2190,susquehanna republican committee,0
2191,phila now pac,0
2192,great lakes building &amp; construction trades council,0
2193,friends of marian b. tasco,0
2194,williamsport area women's democratic club pac,0
2195,"toohil, tarah committee to elect",0
2196,pennsylvania communities organizing for change pac,0
2197,friends of harry fike,0
2198,forest county democratic committee,0
2199,haggerty for senate,0
2200,"francis, ron for congress",0
2201,pennsylvania republican outreach,0
2202,friends of gene yaw for senate,0
2203,committee to elect phyllis bennett,0
2204,allegheny county deputy sheriffs association (acdsa) pac,0
2205,eastern schuylkill democratic club,0
2206,clinton co democratic committee,0
2207,gt commonwealth pac,0
2208,committee to elect tim solobay,0
2209,"pennsylvania association of plumbing heating cooling contractors, inc",0
2210,tobacco and candy political action committee (tac pac),0
2211,butler county democratic committee,0
2212,monroe county republican committe,0
2213,bikers pac bikepac c/o carol umbenhauer,0
2214,bradford county republican committee,0
2215,int.l longshoremen's assoc. local 1291 pac,0
2216,citizens for andy ritter,0
2217,friends for ferlo,0
2218,"aramark services, inc. pac (aramark pac)",0
2219,scott wagner for senate,0
2220,afl-cio cope com. (erie),0
2221,pro-life political development,0
2222,berks county committee for affordable housing,0
2223,friends of w. curtis thomas,0
2224,reform pa pac,0
2225,nutter for mayor,0
2226,judge dwayne woodruff for justice,0
2227,adam for state representative,0
2228,philadelphia republican leadership council,0
2229,"herman, tom friends of c/o claudia lukert",0
2230,friends of tonyelle cook-artis,0
2231,friends of ed gainey,0
2232,huntingdon county democratic committee,0
2233,pentecostal clergy political awareness committee,0
2234,bucks/montgomery committee for housing affordability,0
2235,friends of tom michalow,0
2236,bayada home health care,0
2237,upper perkiomen democratic club,0
2238,55th ward republian executive committee,0
2239,friends of john lawrence,0
2240,"sanguinito, bryan friends of for pa house",0
2241,2020 future fund,0
2242,pa academy of nutrition &amp; dietetics,0
2243,dante santoni jr. for state representative,0
2244,hampden township republican association,0
2245,constitution party of pennsylvania,0
2246,united democratic committee,0
2247,committee to elect judge david acker,0
2248,teamsters local 623 pac,0
2249,york county builders pac,0
2250,team gillespie,0
2251,committe to elect rich irvin,0
2252,committee to elect dan deasy,0
2253,committee to elect scott hutchinson,0
2254,the wendys company political action committee,0
2255,friends of alex lipton,0
2256,murray energy corporation pac,0
2257,o'connor for judge,0
2258,fund for green values,0
2259,local 169 pac,0
2260,morrison cove blair county republican club c/o katelynne waltz,0
2261,abington twp rockledgeboro republican organization,0
2262,butler county republican committee,0
2263,bradford county council republican woman,0
2264,friends of paul steinke,0
2265,2000 african american women,0
2266,friends for sekela coles,0
2267,spurgeon for judge,0
2268,ltk pac,0
2269,united association political education committee,0
2270,nova chem inc &amp; nova chem serv inc com for polact &amp; engage,0
2271,pennsylvania for tax fairness pac,0
2272,friends of charles dertinger,0
2273,pa accountant pac,0
2274,pennsylvania watchdog pac,0
2275,committee to elect dan surra,0
2276,friends of bob charles,0
2277,pennsylvania motor truck association pac (pmta pac),0
2278,"kasunic, richard a camp com",0
2279,"bowling proprietors association of pa pac (bpap pac) c/o treas., john p. milliron",0
2280,ward 31 pac 31 31st ward dem ex. com.,0
2281,"pa amusement &amp; music machine association pac (pamma pac) c/o exe dir., john p. miliron",0
2282,"outdoor advertising association of pa pac (oaap pac) c/o treas., john p. milliron",0
2283,pa auctioneers assn pac,0
2284,johnson &amp; johnson political action committee,0
2285,"cox, jim friends of                                         ",0
2286,keystone strategic advocacy pac (&quot;ksa pac&quot;),0
2287,international union of bricklayers and allied craftworkers political action committee,0
2288,pioga pac,0
2289,"farina, frank friends of",0
2290,friends of duane milne,0
2291,utu pac (united transportation union),0
2292,tax payers for lisa esler,0
2293,pa family pac,0
2294,friends of rania major,0
2295,america votes - pa                                          ,0
2296,"warren, rebecca lee",1
2297,"schott, ann friends of",0
2298,"kassis, abe bipartisan com to elect",0
2299,"hope, christine marie ",1
2300,john a. barbour,0
2301,babst calland clements &amp; zomnir pc pac                      ,0
2302,aft pa,0
2303,pa automotive assn pac,0
2304,bikers pac bikepac c/o carol umberhauer treasurer,0
2305,"indiana, armstrong, &amp; clarion central labor council afl-cio",0
2306,"cawley,jim friends of                                       ",0
2307,fund for future delaware co dems                            ,0
2308,"morabito, don",0
2309,clinton county republican committee,0
2310,committee to elect deborah cianfrani,0
2311,friends of jamie barton,0
2312,p.h.b.a. pac (pa horse breeders assn),0
2313,upper perk democrats-area2                                  ,0
2314,"drive chapter 776 c/o: ronald w. hicks, secretary treasurer",0
2315,"value drug company pac, c/o treas: carmen a. dicello",0
2316,indiana-armstrg buildrs for affordbl housing                ,0
2317,"bell, joann                                                 ",0
2318,"bullock,donna ",1
2319,"bullock, donna friends ",0
2320,jessica brewbaker,1
2321,lady liberty pac,0
2322,cross for cumberland,0
2323,casa commonwealth association of school administrators,0
2324,committee to elect tammy bernstein for judge,0
2325,tamara bernstein (candidate for judge),1
2326,"john s. cornes, jr.",1
2327,jim gerlach for congress,0
2328,friends of jim smith,0
2329,nwpfc pac (northwestern pa food council)                    ,0
2330,"stine, tamara mckinney                                      ",0
2331,friends of nate silcox,0
2332,fulton financial corporation,0
2333,"latsha davis & mckenna, pc pac                              ",0
2334,chesapeake energy corporation fed pac,0
2335,oxford area republican committee,0
2336,"sullivan, sean friends of",0
2337,pac 102                                                     ,0
2338,"hagarty, lois                                               ",0
2339,citizens for the 21st century                               ,0
2340,psa action pac,0
2341,"stark, debra d                                              ",0
2342,"barrack, rodos & bacine state pac                           ",0
2343,jodi lobel for judge,0
2344,darby twp republican party,0
2345,montco democ. women's leadership initiative,0
2346,wyoming co dem com,0
2347,local 0012 sheet metal workers pac,0
2348,bentley systems incorporated federal pac,0
2349,chester co young dems                                       ,0
2350,pa family pac                                               ,0
2351,local 0019 sheet metal wrkrs union league for pol educa     ,0
2352,allegheny co rep com                                        ,0
2353,committee to elect amodie for judge,0
2354,"fletman, abbe f. ",1
2355,"motto, dominick",1
2356,glenn b. bronson,1
2357,"beltrami, anthony s ",1
2358,"anderson, thomas bradley",1
2359,pa radiology pac (paradpac) c/o keith haidet,0
2360,pocono builders association,0
2361,"sturla, mike for state rep                                  ",0
2362,thompson leadership committee,0
2363,two eleven pac,0
2364,armstrong cty democratic committee,0
2365,"pa college of emergency medicine pac (pep pac) c/o treas., john p. milliron",0
2366,"pa deer farmer association pac (pdfa pac) c/o treas., harry strawser",0
2367,"pa academy of otolaryngology pac (oto pac) c/o treas., john. p. milliron",0
2368,pa society of physician assistants pac (pspa pac) c/o john p. milliron,0
2369,bill shuster for congress,0
2370,committee to elect tom quigley,0
2371,friends of saud siddiqui,0
2372,friends of jack stollsteimer,0
2373,citizens to elect mike o'brien,0
2374,boma for good government,0
2375,local 2026 faculty fed/comm.c,0
2376,new century leadership alliance,0
2377,rail labor committee of pa,0
2378,patriots for perry,0
2379,committee to elect jennifer staley mccrady judge,0
2380,committee to elect tammy bernstein for judge cambria county,0
2381,waxpac,0
2382,kevin schreiber for york,0
2383,friends of peter schweyer,0
2384,markosek for state legislature committee,0
2385,friends of lisa boscola,0
2386,4 we the people - cook,0
2387,dla piper new york political action committee,0
2388,committee to elect len bodack,0
2389,"clymer, paul citizens for",0
2390,"committee to re-elect jay costa, c/o guy costa, treas.",0
2391,calgon carbon corporation pac inc.,0
2392,"magellan health, inc. employee committee for good government",0
2393,selective insurance company of america political action committee,0
2394,keystone america pac,0
2395,dla piper pac,0
2396,"key questions, key answers",0
2397,erie county leadership comm % treas. barbara j boyes,0
2398,friends of allen cerullo,0
2399,"reedy, tim supporters of",0
2400,jerry stern for assembly,0
2401,friends of jack wagner,0
2402,nustar pac,0
2403,maximus inc political action committee (maxpac),0
2404,amalgamated bank pac,0
2405,leadership for educational equity - pennsylvania pac,0
2406,pennsylvania young democrats,0
2407,zuffa political action committee,0
2408,gateway health plan pac,0
2409,9th ward democratic committee,0
2410,"bodack, leonard for senate",0
2411,committee to reelect frank burns,0
2412,pennsylvanians for injured workers,0
2413,friends of kevin boyle,0
2414,43rd ward democratic executive committe,0
2415,cerner corporation pac,0
2416,better pennsylvania pac,0
2417,friends of margo davidson,0
2418,national organization for the reform of marijuana laws pac,0
2419,boma pa pac,0
2420,1199 seiu new york state political action fund,0
2421,committee to elect rick mirabito,0
2422,democratic caucus of county commissioners,0
2423,friends of sharif street,0
2424,d pac,0
2425,friends of gary day,0
2426,pa cable pac (pa cable television)                          ,0
2427,philadelphia black republican council,0
2428,friends for dwight evans,0
2429,pennsylvania school boards association ed,0
2430,liberty pa 2016,0
2431,"madden, maureen friends of for state representative",0
2432,tim barker for republican state committee,0
2433,capitol region stonewall democrats,0
2434,crisci associates pac,0
2435,wine &amp; spirits brokers association pac,0
2436,friends of seth williams,0
2437,pennsylvania beverage association pac,0
2438,alliance of automotive service providers of pa pac c/o bret foley,0
2439,local 9 bricklayers &amp; allied craftworkers,0
2440,somerset county leadership fund,0
2441,"barbin, bryan citizens to re-elect                          ",0
2442,campaign for a fresh start,0
2443,"kuller, laura jan                                           ",0
2444,campaign for compassion,0
2445,"miller, dottie friends of",0
2446,friends of fred keller,0
2447,friends of eric roe campaign finance committee,0
2448,"crown cork &amp; seal company, inc. pac",0
2449,fumo for senate,0
2450,"sabatina sr.,john friends of                                ",0
2451,general contractors assn of pa pac                          ,0
2452,"keller, mark friends of                                     ",0
2453,alliance of community service providers pac,0
2454,cmmt to elect marc gergely,0
2455,"hohenstein, joe elect",0
2456,genesis healthcare corp state pac                           ,0
2457,"warner, ryan friends of",0
2458,southeastern pennsylvania manufacturers pac,0
2459,"decaro, john  jr",1
2460,sandjai weaver,1
2461,"woodruff, dwayne  d ",1
2462,"sawyer, stephanie michelle ",1
2463,"connelly, erin colleen ",1
2464,"grobstein, jed for pa house",0
2465,wawa inc pac                                                ,0
2466,"kolling, jr charles j                                       ",0
2467,"barbour, john a",0
2468,cambria first,0
2469,"rafferty, john friends of",0
2470,greater lehigh valley realtors pac         ,0
2471,manufacturer &amp; business assoc pac (mba-pac)                 ,0
2472,"rongione, vote vince pa",0
2473,gary jubas,1
2474,furlong for judge,0
2475,"john s. carnes, jr. esq",1
2476,indian valley dem com                                       ,0
2477,"barrack, rodos &amp; bacine state pac                           ",0
2478,"committee to elect ci l. miller, judge",0
2479,unite here tip campaign com                                 ,0
2480,rebecca warren,1
2481,tangie marie boston,1
2482,"leon a. king, ii",1
2483,jim silvis,1
2484,"armstrong, sarah friends of",0
2485,"parker, cherelle friends of                                 ",0
2486,friends of mcateer for house,0
2487,win with waugh committee c/o wanda waugh,0
2488,joffie pittman,1
2489,pennsylvania republican outreach pac (pro pac),0
2490,pa manufactured housing pac c/o treas: mike sienkiewicz @ sienkiewicz holdi,0
2491,win with waugh c/o tres wanda waugh,0
2492,ward 07 friends of,0
2493,capital region stonewall democrats,0
2494,clarion cnty rep cmmte,0
2495,local 692 sprinklerfitters pac,0
2496,38th ward democratic,0
2497,"kaplin stewart meloff reiter &amp; stein, pc pac c/o neil a. stein, equire",0
2498,committee to elect chris,0
2499,citizens for katie oliver,0
2500,"donatucci, ronald - 2007 com",0
2501,pacan pac                                                   ,0
2502,keystone progress pac,0
2503,committee to elect jennifer schultz to court of common oleas,0
2504,highmark pac of highmark inc                                 ,0
2505,"charles, bob friends of",0
2506,"gordon,tracey ",1
2507,"mensch, bob friends of                                      ",0
2508,"sokoloski, kimberly s.                                      ",0
2509,better pa pac                                               ,0
2510,friends of sharon w losier,0
2511,northumberland county gop,0
2512,voter report project,0
2513,south eastern pa pac                                        ,0
2514,"regan, mike citizens for",0
2515,phila fed teach (pft) com supt pub edu                      ,0
2516,nra victory fund,0
2517,ronald s. mcglaughlin,1
2518,"friends to keen judge harry f. smail, jr.",0
2519,workers voice pennsylvania,0
2520,"forrest, liz friends of ",0
2521,stv engineers inc pac                                       ,0
2522,pa social work pace                                         ,0
2523,sims 4 pa pac,0
2524,comcast corporation &amp; nbc universal political action committee - usa,0
2525,7th ward friends of angel cruz,0
2526,"tucker, kevin  lob                                          ",0
2527,southeast pa citizens for honorable elected officials,0
2528,pennsylvania for judicial reform,0
2529,somerset co dem com,0
2530,pa manufactured housing pac,0
2531,nextgen climate action committee - pennsylvania,0
2532,sullivan county republican committee,0
2533,east nantmeal democratic committee,0
2534,western cumberland county republican club,0
2535,suplizio for senate,0
2536,local 0692 sprinklerfitters pac (phila)                     ,0
2537,gateway health plan pac                                     ,0
2538,pa radiology pac (paradpac)                                 ,0
2539,spirit of 1776,0
2540,bensalem democratic organization ,0
2541,"garrity,stacy l ",1
2542,wojdak for the commonwealth pac,0
2543,"clancy, eric r.",0
2544,teamsters local 929 pac,0
2545,truist pennsylvania pac,0
2546,casa (commonwth assn school adm pac),0
2547,ibew local 654 pac,0
2548,tinicum democrats,0
2549,food pac (pa food merchants assn)                           ,0
2550,arconic inc. employees voluntary political action committee,0
2551,pa chiropractic assn                                        ,0
2552,"american international group, inc. employee state political action committee",0
2553,transportation construction industries pac (tci-pac),0
2554,leaders only uniite political action committe (lou pac),0
2555,chubb group holdings inc. political action committee,0
2556,relight america pac,0
2557,f.n.b. corporation pac,0
2558,walgreen co pac (walgreenspac),0
2559,upper allen mechanicsburg democratic club,0
2560,friends of robert prah jr,0
2561,"pennsylvania committee for affordable housing/jill pento, treasurer; lori venema, assist tre",0
2562,friends of harold m hayes,0
2563,"bipartisan voluntary public affairs committee of the pnc financial services group, inc.   (pnc pac)",0
2564,"vance, shohin",0
2565,perkiomen valley area 15 democrats                          ,0
2566,malady & wooten pac              ,0
2567,"neff, jeff friends of",0
2568,"davis, rosie for pa",0
2569,ward 39a pac,0
2570,planned parenthood pennsylvania votes,0
2571,area 18 republican committee,0
2572,"wilson, zachary james ",1
2573,friends of tom tosti,0
2574,friends of bob harvie,0
2575,"kulik, astorino anita friends of",0
2576,liberty city lesbian & gay dem club                         ,0
2577,leadingage pa political action committee,0
2578,"baker, raymond friends of",0
2579,ray sosa,1
2580,iuoe local 542 pac fund,0
2581,concord-bethel democratic committee,0
2582,pgh fire fighters local #1 fire pac,0
2583,wellcare health plan political action committee,0
2584,committee to elect harlan shober,0
2585,making americans count pac (mac pac),0
2586,elect kacey french committee,0
2587,keurig dr pepper inc. pac,0
2588,tinicum township republican finance committee,0
2589,energy voices pac,0
2590,local 0009 bricklayers & allied craftworkers pa pac         ,0
2591,sterner for pennsylvania,0
2592,ipal (ironworkers pol action league)                        ,0
2593,community associations institute pac - pennsylvania,0
2594,salvo pac,0
2595,ugi utilities inc/ugi energy services llc pac,0
2596,"king, megan friends of",0
2597,dga victory fund,0
2598,"santiago, enid friends of",0
2599,people for the american way (pfaw) action fund,0
2600,"waltenbaugh, tay friends of",0
2601,"williams, claudette friends of ",0
2602,friends of kelly mcdonough,0
2603,pennsylvania opportunity pac,0
2604,independence blue cross pac (ibcpac) pa,0
2605,committee for good government ,0
2606,committee for a better commonwealth,0
2607,nina for pa,0
2608,"ahmad, nilofer nina ",1
2609,democratic attorneys general association ? pa,0
2610,elect joe hohenstein,0
2611,"hodge, richard michael ",1
2612,"shaaban, marisa friends of",0
2613,the integrity project,0
2614,all of us,0
2615,philadelphia democratic socialists of america political action committee,0
2616,vistra energy leaders political action committee of vistra energy,0
2617,"waugh, john friends of ",0
2618,te connectivity corporation political action committee tepac,0
2619,"urban engineers, inc pac",0
2620,worcester pa democrats,0
2621,food and water action pac,0
2622,life sciences pennsylvania pac,0
2623,food & water action ie pac,0
2624,shapiro for pennsylvania,0
2625,friends of frank ryan,0
2626,friends of melissa shusterman,0
2627,58 democratic ward of philadelphia,0
2628,outdoor advertising association of pa pac (oaap pac),0
2629,western pennsylvania laborers 2019 pac,0
2630,"mizgorski, lori we believe in",0
2631,"stephens, todd friends of inc                               ",0
2632,"keefer wetzel, dawn committee friends of",0
2633,"marlier, noah friends of",0
2634,citizens for a better pennsylvania                          ,0
2635,pennsylvania land title association political action committee,0
2636,friends of denny semsick,0
2637,"snyder, pam  ",1
2638,friends of mike taylor,0
2639,"day, gary  ",1
2640,mcnees pac                                                  ,0
2641,"ferrence, matthew friends of",0
2642,"semsick, dennis r ",1
2643,harry young cochran campaign fund,0
2644,"baker, annette c ",1
2645,may for pa,0
2646,friends of david rowe,0
2647,the hershey company political action committee,0
2648,friends of nathan brown,0
2649,faculty and staff federation of the community college of philadelphia,0
2650,"grimm, ryan s ",1
2651,"del valle, andre  ",1
2652,conservation voters of pa victory fund ,0
2653,"coplen, richard chase  ",1
2654,dte energy company political action committee,0
2655,afscme pennsylvania,0
2656,centene corporation political action committee (centene pac),0
2657,friends of monica taylor,0
2658,"deloreto, tony friends of",0
2659,"rodriguez, adam the committee to elect",0
2660,"goodman, neal friends of                                    ",0
2661,friends of bob doddato,0
2662,nether providence democratic committee,0
2663,tredyffrin twp dem com                                      ,0
2664,"archetto, gregory   ",1
2665,"daley, mary josephine ",1
2666,"guidi, sharon the committee to elect pa house 40",0
2667,future leaders fund,0
2668,"boyle, kevin friends of                                     ",0
2669,the raucous resistance,0
2670,ox-grove democratic com,0
2671,"doddato, robert august ",1
2672,"covert, ryan  andrew ",1
2673,"troutman, bill friends of",0
2674,picone for pa,0
2675,seiu caregivers action,0
2676,"archetto, gregory taxpayers for",0
2677,"benner, william e. iii",1
2678,carlisle area democratic committee,0
2679,vote bill benner committee,0
2680,bipartisan committee to elect amanda waldman,0
2681,east penn democratic club,0
2682,"brown, margie friends of",0
2683,"waldman, amanda r ",1
2684,greater pa carpenters pec                     ,0
2685,"leland, wendy graham friends of",0
2686,change pa,0
2687,jones for pa,0
2688,moyer for pa,0
2689,31st ward democrats,0
2690,bayer u.s. llc political action committee,0
2691,friends of manny guzman,0
2692,"leith, jennifer a. ",1
2693,friends of david bria,0
2694,karen dunn,1
2695,pa 188 for karen dunn,0
2696,friends of brittney rodas,0
2697,all pac,0
2698,"ecker, torren taxpayers for",0
2699,"fields, linda friends of",0
2700,"malagari, steve friends of",0
2701,neighbors united,0
2702,"ruff, jason citizens for",0
2703,"warren, perry  ",1
2704,boma pittsburgh pac,0
2705,"pape, kathy l.",0
2706,bridge across pa pac,0
2707,"moton, ruth friends of ",0
2708,agentpac of pennsylvania   ,0
2709,friends of pam iovino,0
2710,travis stauffer for pa,0
2711,"schroeder, meghan  ",1
2712,be the change pa,0
2713,"schroeder, meghan friends of",0
2714,garrity for pa,0
2715,"pisciottano, nick friends of",0
2716,"smith, brian a ",1
2717,friends of brian smith,0
2718,"conklin, scott friends of                                   ",0
2719,the pa blue victory fund,0
2720,committee to elect michael mccreary,0
2721,fedex corporation political action committee,0
2722,"int'l association of bridge, structural, ornamental and reinforcing iron workers (ipal)",0
2723,perry warren for state representative,0
2724,"gai consultants, inc- political action committee",0
2725,"breault, hervey conrad ii",1
2726,american property casualty insurance association political action committee (insuring america pac),0
2727,"ciresi, joe friends of",0
2728,"jaillet, scott  ",1
2729,"kim, patty friends of",0
2730,"fountain, tracie for pa",0
2731,pennsylvania reynolds american inc. political action committee,0
2732,"madden, maureen  ",1
2733,pa restaurant & lodging pac                         ,0
2734,"stambaugh, perry friends of",0
2735,new foundation pac,0
2736,"isenhour, mary",0
2737,"page, airneezer j ",1
2738,"disanto, giovanni m ",1
2739,cumberland co rep com                                       ,0
2740,se pa opportunity pac,0
2741,"moeller, edward d ",1
2742,justice for victims,0
2743,"glick, bryant j friends of ",0
2744,teladoc health inc. political action committee,0
2745,mid-atlantic laborers&#39; pol league                           ,0
2746,"munroe, brian better bucks government ",0
2747,"gulick, dana 4 pa 97",0
2748,"robinson, devlin friends of",0
2749,friends of kevin glasson,0
2750,community first pac,0
2751,lamar foley for pa 2020,0
2752,aft-pennsylvania                                            ,0
2753,friends of david j gabauer,0
2754,"branco, kevin friends of ",0
2755,friends of brian hurter,0
2756,"shook, ashley henry",0
2757,doug for pa,0
2758,elect robyn colajezzi,0
2759,mcneill for pa,0
2760,"borowicz, stephanie friends of",0
2761,"murray, andrew i ",1
2762,equitrans midstream corporatioin pac,0
2763,friends of annette baker,0
2764,"dominion energy, inc. political action committee - dominion pac",0
2765,jackie baker for pa,0
2766,"shamberg, zachary",0
2767,daga people&#39;s laywer project pennsylvania,0
2768,"ahold delhaize usa, inc political action committee",0
2769,rock holdings inc pac,0
2770,friends of peter buck,0
2771,"magellan health, inc employee committee for good government",0
2772,progresspa pac,0
2773,way to lead pennsylvania,0
2774,igs ventures committee for responsible government,0
2775,"page- delahaye, airneezer committee to elect",0
2776,hntb holdings ltd. political action committee,0
2777,warminster first,0
2778,friends of rick coplen,0
2779,friends of fran chardo,0
2780,"thomas, wendi friends of",0
2781,"masser, kurt friends of                                     ",0
2782,"robertson, gregg e.",0
2783,win pa pac,0
2784,keystone pac,0
2785,friends of mike armanini,0
2786,firearm owners against crime                                ,0
2787,pa court reporters assn pac (pcra)                          ,0
2788,independent auto dealers pac                                ,0
2789,dist 1199c pol action fund                                  ,0
2790,warminster township democratic organization,0
2791,american income life political action committee,0
2792,berks co com for affordable housing                         ,0
2793,"fitzgerald, isabella   ",1
2794,nfg papac national fuel gas,0
2795,pro business pac,0
2796,dougherty for state senate,0
2797,"keegan, marian s ",1
2798,kennett area democrats,0
2799,fraternal order of police lodge 5                           ,0
2800,chamber pac              ,0
2801,psls pac (pa soc land surveyors)                            ,0
2802,vote tripling pa pac,0
2803,"armanini, michael j. mr.",1
2804,pa united pac,0
2805,friends of carolyn comitta,0
2806,windstream holdings llc political action committee,0
2807,pa osteopathic medical pac                                  ,0
2808,carpenters legislative improvement committee,0
2809,metlife inc. employees' political participation fund a,0
2810,"hdr, inc. political action committee",0
2811,"labs, shelby e.  ",1
2812,friends of ryan grimm,0
2813,friends of judi reiss,0
2814,run for something pennsylvania,0
2815,butler co rep com                                           ,0
2816,northern york county democratic club,0
2817,citizens for zachary wilson,0
2818,wolf pac,0
2819,second generation,0
2820,fair fight,0
2821,friends of ann marie mitchell,0
2822,unite pac,0
2823,cope aft local 2067,0
2824,freedom rings every day pac,0
2825,unitedhealth group incorporated pac (unitedhealth group pac),0
2826,"monroe energy, llc fueling the climb pac",0
2827,"gagliardo, vincent d jr",1
2828,friends of freedom & convenience,0
2829,vince gagliardo for pa 127th,0
2830,regola pac                         ,0
2831,"heidelbaugh, heather s ",1
2832,the dt pac,0
2833,collective impact pac,0
2834,george scott for pa 15,0
2835,wayne county republican committee,0
2836,republican committee of beaver county,0
2837,viatris inc. political action committee (viapac) (fec id# c00332395),0
2838,friends of shelby labs,0
2839,astellas us llc pac,0
2840,papsa (pa assn private schl admin)                          ,0
2841,abolish the electoral college,0
2842,"buck, meredith friends of",0
2843,national institute for reproductive health action fund pac for pa,0
2844,sanofi us services inc. employees' political action committee,0
2845,ydac pac,0
2846,rick for west philly,0
2847,"mccreary, michael l ",1
2848,gobrands inc political action committee,0
2849,"baker, jaclyn e ",1
2850,ward 30 dem com                                             ,0
2851,real justice pac,0
2852,mitsubishi hitachi power americas inc political action committee,0
2853,unisys corporation associates political action committee      ,0
2854,"jones, kevin d ",1
2855,upper lehigh democratic club,0
2856,"onemain holdings, inc. pac",0
2857,"juul labs, inc. employees political action committee (jle pac)",0
2858,red wing pac,0
2859,one vote at a time pennsylvania 2020,0
2860,pennsylvania leadership committee,0
2861,environment america action fund,0
2862,"oswald, james daniel ",1
2863,"williams, claudette  ",1
2864,team doyle,0
2865,end citizens united non-federal pennsylvania,0
2866,friends of james oswald,0
2867,office/prof empl union (vote)                               ,0
2868,future now fund - pa,0
2869,knoll4pa44,0
2870,pa united action committee,0
2871,friends of julie slomski,0
2872,glaxosmithkline llc pac (gsk pac),0
2873,"transcanada usa services, inc. pac",0
2874,vistra energy leaders political action committee of vistra corp.,0
2875,pa society of anesthesiologists pac (zpac),0
2876,monroe county young democrats,0
2877,fair share action,0
2878,friends of anton andrew,0
2879,"dougherty, shaun a ",1
2880,parsons corporation political action committee,0
2881,leanne for pa,0
2882,friends of marci mustello,0
2883,citizens for grove,0
2884,exxon mobil corporation political action committee,0
2885,ortho (pac),0
2886,iron mountain incorporated employees pac,0
2887,committee to elect joseph schember,0
2888,concerned citizens for pa,0
2889,elk county republican committee,0
2890,commonwealth leaders fund,0
2891,genuine leadership pac,0
2892,commonwealth children's choice fund,0
2893,"the presidential coalition, llc",0
2894,microsoft corporation political action committee,0
2895,kennedy democratic committee,0
2896,abington twp. rockledge borough republican committee (atro),0
2897,bikers pac bike pac c/o carol umbenhauer treasurer,0
2898,sullivan county democrat committee,0
2899,philadelphia democratic campaign committee of philadelphia,0
2900,concord - bethel democratic comm.,0
2901,friends of kevin lott,0
2902,johnathan d peffer,1
2903,bricklayers &amp; allied craftworkers local 1 pac,0
2904,govern pac,0
2905,moving pa forward pac,0
2906,laborers' local union no. 130,0
2907,western montgomery republican association,0
2908,bedford co republican committee,0
2909,qpac c/o treasurer: arthur d. martinucci,0
2910,east whiteland democrats,0
2911,friends of chester county,0
2912,"motorola solutions, inc. political action committee",0
2913,day school education pac,0
2914,friends of jeanine mcgree,0
2915,jeanine mcgee,1
2916,montgomery county council rep women,0
2917,pa. horse breeders association,0
2918,dem leg camp com,0
2919,lgbtq pa pac,0
2920,natl assoc of mutual insurance companies pac                ,0
2921,nurses of pennsylvania action,0
2922,"doyle, michael f jr",1
2923,"smith, daniel b jr",1
2924,"boscola, lisa friends of                                    ",0
2925,northampton co dem com,0
2926,pennsylvania republican outreach (pro pac),0
2927,thornbury township republican party opk,0
2928,susquehanna county republican committee,0
2929,4 wethepeople-cook,0
2930,friends of ben sanchez,0
2931,citizens for john padora,0
2932,friends of martin causer,0
2933,barry j. jozwiak,1
2934,"democrats for action, responsibility and truth (dart)",0
2935,energy for tomorrow,0
2936,donald bud cook,1
2937,elizabeth fiedler,1
2938,friends of elizabeth fiedler,0
2939,friends of jim struzzi,0
2940,"phillips, nicole friends of",0
2941,supporters for carol hill-evans,0
2942,friends of liz hanbidge,0
2943,committee to elect rich irvin,0
2944,citizens for joshua kail,0
2945,friends of lou schmitt,0
2946,kelly mcdonough,1
2947,friends of summer lee,0
2948,travis stauffer,1
2949,friends of napoleon nelson,0
2950,geiger shulman,0
2951,horsham republican party,0
2952,powerup pac,0
2953,citizens for kenyatta johnson,0
2954,duvall for pa,0
2955,katelind brennan,1
2956,builders for growth,0
2957,friends of val arkoosh (county commissioner),0
2958,friends of sam doctor,0
2959,friends of tony bottino,0
2960,kish bank political action committee,0
2961,tony bottino,1
2962,keep judge beemer,0
2963,friends of bob smythe jr.,0
2964,ray sosa for pa state representative,0
2965,aft 2026 faculty and staff federation community college of philadelphia,0
2966,philadelphia republican party,0
2967,mercer county dem women,0
2968,montour county republican committee,0
2969,great lakes building trades council,0
2970,aston township republican executive finance comm,0
2971,chester county democratic women's leadership initiative,0
2972,friends for pries,0
2973,ward 8 gop philadelphia,0
2974,financial businesspersons assoc,0
2975,"mark and john for, solebury 2019",0
2976,central pa family of leaders,0
2977,fayette county dem. committee,0
2978,gaydos for pa,0
2979,western pennsylvania growth pac,0
2980,indiana county republican committee,0
2981,local 56 ibew political education fund,0
2982,upper st. clair democratic committee,0
2983,luzerne county rep party,0
2984,unity 2001,0
2985,se caucus democratic committee pac c/o tom herman,0
2986,hawley democratic club,0
2987,pft pol action fund (pgh fed teachers),0
2988,friends of daniel c. camp iii,0
2989,lehigh county democratic committee,0
2990,greene county democratic committee,0
2991,friends of scott timko,0
2992,twardy for judge,0
2993,schuylkill builders pac,0
2994,people for peduto,0
2995,hampden township democratic club,0
2996,springfield forward pa,0
2997,wayne co builders for affordable housing,0
2998,pa veterinary pac,0
2999,teamsters joint council no. 53 pac,0
3000,friends of jim gregory,0
3001,pena pac (pa state nurses assn),0
3002,potter county republican committee,0
3003,pennsylvania citizens for progress,0
3004,economic empowerment pac,0
3005,friends of curtis jones jr.,0
3006,brett w burman,1
3007,friends of sara innamorato,0
3008,"mccaffery, daniel for pennsylvania superior court",0
3009,lamar foley,1
3010,berger &amp; montague state pac,0
3011,friends of natalie mihalek,0
3012,turzai leadership pac,0
3013,friends of jimmy lamb,0
3014,friends of bridget malloy kosierowski,0
3015,pa hdcc special election fund,0
3016,lamb for pa,0
3017,roi ligon jr.,1
3018,keep judge elliot howsie,0
3019,friends of glenn yoder,0
3020,friends of karen geld sanchez,0
3021,friends of sara johnson rothman,0
3022,i am you committee,0
3023,deborah krull for judge committee,0
3024,"robert wooley, treasurer of tioga co. democratic party",0
3025,leadership for tomorrow fund,0
3026,"dickie, mccamey &amp; chilcote political action committee",0
3027,tinicum township republican finance committee c/o tammy bucci,0
3028,gainey for mayor,0
3029,"boyle, kevin friends of",0
3030,elect emily 4 pa,0
3031,friends of mike turzai,0
3032,friends of jennifer o'mara,0
3033,friends of kolbe cole,0
3034,aldan democratic organization,0
3035,22nd democratic ward,0
3036,tim deforr for auditor general,0
3037,elect bill kortz committee,0
3038,friends of marcia hahn,0
3039,committee to elect josh maxwell,0
3040,new leaders pa,0
3041,campaign to elect kimberly felan,0
3042,friends of jim rath,0
3043,central pa builders for affordable housing,0
3044,lawpac (pa assoc. for justice f/k/a pa trial lawyers),0
3045,citizens for a better hazleton,0
3046,friends of roi ligon jr.,0
3047,block by block pac,0
3048,the green fund,0
3049,mid-atlantic laborers' political education fund,0
3050,aaron bernstine,1
3051,city of pittsburgh democratic committee,0
3052,santiago for judge,0
3053,casey for treasurer committee,0
3054,friends of vicki lightcap,0
3055,quaker valley region gop,0
3056,i.p.a.l.(ironworkers political action) c/o kerry a. zettlemoyer,0
3057,north penn democratic committee,0
3058,friends of tom neafcy,0
3059,doylestown democrats,0
3060,turn south central pa blue,0
3061,friends of nancy guenst,0
3062,richard ruggieri for pa13,0
3063,friends of chris pielli,0
3064,friends of rob mercuri,0
3065,l c a r - pa,0
3066,marc basist,1
3067,bradford county council republican women,0
3068,friends of ezra nanes,0
3069,let's go with yetsko,0
3070,committee to elect collin warren,0
3071,gene yaw for senate,0
3072,"raynock, jp com to elect",0
3073,friends of elizabeth b. stone,0
3074,friends of tom mehaffie,0
3075,committee to elect dan laughlin,0
3076,friends of clint owlett,0
3077,sue helm for state house committee,0
3078,friends of mary isaacson,0
3079,"kasunic richard a. campaign comm c/o richard a. kasunic, treas.",0
3080,friends of jonathan fritz,0
3081,friends of jeff black,0
3082,"bartolotta, camera for senate",0
3083,elect laura burke,0
3084,committee to elect ryan costello,0
3085,beaver county democratic committee,0
3086,latino victory fund,0
3087,"grell, glen for house com                                   ",0
3088,committee to elect doyle heffley,0
3089,citizens for stan saylor c/o brenda s resh,0
3090,friends of austin davis,0
3091,committee to elect rosemary crawford judge,0
3092,democrats for shaler,0
3093,jamie for west philly,0
3094,indiana county fed women,0
3095,pennsylvania motortruck association pac (pmta pac),0
3096,helen b hughes federation of democratic women,0
3097,women for the future pittsburgh,0
3098,"greenleaf, stewart",0
3099,pha home pac,0
3100,commonwealth common sense,0
3101,"arnold, dave friends of",0
3102,friends of joe pittman,0
3103,pa chamber of business & industry                           ,0
3104,wiley pac,0
3105,mt lebanon dem com                                          ,0
3106,lampeter-strasburg dem club                                 ,0
3107,pa stand up state pac,0
3108,"cardello, veronica friends of",0
3109,green for safe and accountable communities,0
3110,pennsylvania committee for affordable housing,0
3111,"atkins, sara for pa families",0
3112,"farry, frank friends of                                     ",0
3113,building together pac,0
3114,"schroeder, friends of michael",0
3115,michael schroeder,1
3116,pa academy of ophthalmology pac (pao pac),0
3117,responsible citizens for economic progress,0
3118,action committee for rural electrification,0
3119,first pac (pa assn community bankers),0
3120,pa manufactured housing pac c/o treasurer: delane elsenhart,0
3121,republican city committee                                   ,0
3122,operators for skill pac,0
3123,pa manufactured housing pac c/o treasurer: delane eisenhart,0
3124,k.c. tomlinson for state representative,0
3125,bates for senate 13,0
3126,mid county democratic committee,0
3127,pa society of physician assistants (pspa) pac,0
3128,"shank, mary beth friends of for judge ",0
3129,"alloway, rich friends of                                    ",0
3130,"andrew, anton friends of ",0
3131,women&#39;s dem club of delaware co                             ,0
3132,"keystone fund, the                                          ",0
3133,"dennin, jill friends of",0
3134,"zigmund, robert freinds of for judge",0
3135,dispac,0
3136,allentown firefighters iaff local 302 public safety pac fund,0
3137,hntb pennsylvania state pac,0
3138,wanda logan for the 190,0
3139,pennsylvania democratic state committee new americans caucus,0
3140,"bowers, kathy for pa",0
3141,cheltenham twp rep org                                      ,0
3142,pharmpac (pa pharmacy pac)                                  ,0
3143,clinton county democratic woman political action committee,0
3144,local 0249 teamsters drive                                  ,0
3145,psea-pace for state elections                               ,0
3146,pssu local 668 seiu cope fund,0
3147,manheim twp democaratic com                                 ,0
3148,friends of doug weimer,0
3149,red river canyon com                                        ,0
3150,"francis, malek a ",1
3151,clarion co dem com                                          ,0
3152,dentons cohen and grigsby pac                                       ,0
3153,friends of tim bonner,0
3154,timothy r. bonner,1
3155,friends of eric davanzo,0
3156,pard phil pac                                               ,0
3157,"mcginty, katie for senate",0
3158,flippable - pennsylvania victory fund,0
3159,alcoa corporation employees' political action committee,0
3160,"arcosa, inc. employee political action committee",0
3161,trinity industries employee political action committee (sf) inc.,0
3162,"suplizio,john herm ",1
3163,"kinkead, emily people for",0
3164,lebanon co dem com                                          ,0
3165,friends of tony tarsi,0
3166,"tarsi, anthony robert ",1
3167,upper darby united,0
3168,w.e.s.t.r.u.m. pac                                          ,0
3169,re-joyce pac,0
3170,area 1 gop,0
3171,yinz vote pac,0
3172,emgage pac,0
3173,pa progress pac                                             ,0
3174,hamburg rubin mullin maxwell & lupin pac,0
3175,"iovino, pam friends of",0
3176,"scavello, mario com to elect                                ",0
3177,friends of kevin madden,0
3178,"lareau, lauren friends of",0
3179,hough for pa 135,0
3180,"quinlan, sean friends of",0
3181,bosha for state senate,0
3182,friends of bruce kraus,0
3183,"day, gary friends of                                        ",0
3184,local 0500 political action fund                            ,0
3185,"blichar, michael friends of",0
3186,"shakespeare, tara friends of",0
3187,elect marlene katz,0
3188,friends of drew murray,0
3189,"santiago, enid v ",1
3190,philadelphia federation of teachers committee to support,0
3191,"mastriano, doug friends of",0
3192,bucks county dem women&#39;s leadership initiative,0
3193,kenney james for philadelphia,0
3194,"jacquinto, carmella committee to elect",0
3195,"martin, jim com to elect                                    ",0
3196,"hough, scott j ",1
3197,friends of bob williams,0
3198,"polinchock, todd friends of",0
3199,"forman, brittany friends of",0
3200,cna financial corporation citizens for good government,0
3201,committee for delaware county's future,0
3202,"pennsylvania committee for affordable housing/jill pento, treasurer, lori venema, assist tre",0
3203,secure energy for america association pac (seapac),0
3204,wsp usa  pac,0
3205,lindsey williams for pa,0
3206,elect gary spillane,0
3207,future now fund - federal,0
3208,"deloreto, anthony j ",1
3209,"baker, matt people to elect                                 ",0
3210,"regan, michael  ",1
3211,"regan, mike for senate",0
3212,"houck, karen m. ",1
3213,protectingpa pac,0
3214,"troutman, william nelson jr",1
3215,friends of matt bradford,0
3216,zeneca. inc. political action committee (azpac),0
3217,wpa neca pac,0
3218,kennedy democrats,0
3219,agentpac of pennsylvania,0
3220,family and friends of janet diaz,0
3221,lkq corp employee good government fund,0
3222,martin for pa,0
3223,national democratic redistricting committee,0
3224,malcolm for pa,0
3225,national democratic redistricting pac,0
3226,malcolm kenyatta,1
3227,sheetzpac                                                   ,0
3228,friends of 58th ward executive committee,0
3229,"tartaglione, christine friends to elect                     ",0
3230,"armanini,michael j. ",1
3231,where it&#39;s needed pac,0
3232,impact pa,0
3233,"the travelers companies, inc. political action committee (t-pac)",0
3234,"bizzarro, ryan committee to elect",0
3235,"flynn, marty  ",1
3236,prime therapeutics llc employee state pac,0
3237,transport workers union political contributions committee,0
3238,american international group inc. employee state political action committee,0
3239,citizens for amen brown,0
3240,williamsport area womens dem com                            ,0
3241,pa solar pac,0
3242,jpmorgan chase &amp; co. pac,0
3243,"shopp, bradley",0
3244,santarsiero for state senate,0
3245,ibwa pa pac,0
3246,pennsylvanians for the disabled ,0
3247,west whiteland democrats,0
3248,calgon carbon corporation pac inc dba ccc pac or calgon carbon pac,0
3249,advansix inc. political action committee,0
3250,international brotherhood of boilermakers campaign assistance fund,0
3251,consulting engineers of pennsylvania pac,0
3252,philips north america llc political action committee,0
3253,covanta energy llc political action committee (covanta pac),0
3254,berger & montague state pac,0
3255,"bipartisan voluntary public affairs committee of the pnc financial services group, inc. (pnc pac)",0
3256,elect greg hayes,0
3257,general motors company political action committee (gm pac),0
3258,voice of housing of chester and delaware,0
3259,cumberland county republican women,0
3260,friends of cris dush c/o pamela ames,0
3261,friends of barry jozwiak,0
3262,"wherley, michele for pa41",0
3263,committee to elect jim rigby,0
3264,benham for pa,0
3265,friends of joe hamm,0
3266,committee to elect kristine howard,0
3267,team gillespie - c/o treasurer laura shue,0
3268,"emrick, joe com. to elect c/o joann cardello",0
3269,friends of dan moul,0
3270,friends of corey o'connor,0
3271,bfb pac,0
3272,south central pa mfg good government committee,0
3273,friends of wendy ullman,0
3274,friends of lindsay drew,0
3275,courage pac,0
3276,shannondell democrats,0
3277,for our future,0
3278,friends of beth ann bittner mazza,0
3279,padova for judge,0
3280,pac 102,0
3281,159th victory committee,0
3282,friends of tim o'neal,0
3283,ward 05 rep com,0
3284,christina d. sappey,1
3285,philly vote,0
3286,friends of christina sappey,0
3287,ritter for judge,0
3288,crompton for judge,0
3289,franklin county democratic committee,0
3290,friends of carrie,0
3291,friends of nicole ziccarelli,0
3292,wisehart for pa,0
3293,london grove first,0
3294,phila council aflcio,0
3295,bennighoff for representative,0
3296,citizens for mackenzie,0
3297,friends of john weinstein,0
3298,mccaffery for distric attorney,0
3299,citizens for jordan a. harris,0
3300,friends of john hershey,0
3301,friends of lindsay circle,0
3302,friends of michelle siegel,0
3303,national committee for an effective congress,0
3304,remington & vernick pac,0
3305,friends of brett burman,0
3306,bucks families for leadership,0
3307,friends of ray d'agostino,0
3308,committee to elect james gavin,0
3309,murrysville export republican committee (merc),0
3310,greater harrisburg association of realtors political action committee,0
3311,smart local 44 political action league,0
3312,republican river wards pac,0
3313,friends of deb gross,0
3314,friends of john nungessner,0
3315,friends of michael mccollum,0
3316,friends of joe kerwin,0
3317,paulforpa,0
3318,friends of christine boyle,0
3319,east goshen democratic committee,0
3320,republican party of peters twp,0
3321,tim briggs,1
3322,afscme council 13,0
3323,parts pac,0
3324,punxsutawney area republican club,0
3325,local 0712 ibew cope,0
3326,rick hodge for pa,0
3327,fraternal assn of prof paramedics pac                       ,0
3328,black democratic women of montgomery county,0
3329,marc bozzacco for pennsylvania,0
3330,timothy eller,0
3331,thomas longenecker,0
3332,rail labor com of pa                                        ,0
3333,"breslin, charlie",0
3334,"dougherty,shaun a ",1
3335,jefferson county republican party,0
3336,hampden twp rep assn,0
3337,central pa republican conference,0
3338,constitution party of penna,0
3339,friends of theresa brunson,0
3340,stephen j krizan,1
3341,team fetterman,0
3342,120th republican committee,0
3343,pa manufactured housing pac c/o treasurer: dalane eisenhart,0
3344,rep women of the main line,0
3345,friends of bob merski,0
3346,common sense coalition,0
3347,team sabrina,0
3348,somerset county leadership,0
3349,area 5 republican committee,0
3350,washington county democratic committee,0
3351,"rabb, chris for the people",0
3352,citizens tax policy group,0
3353,daniel smith for hd12,0
3354,friends of lisa labrasca becker,0
3355,friends of karen houck,0
3356,united party committee,0
3357,friends of joseph patrick murphy,0
3358,vote veverka,0
3359,"post &amp; schell, p.c. pac",0
3360,somerset co. democratic committee,0
3361,morganelli pac,0
3362,committee to elect john weinrich,0
3363,ward 2 democrats,0
3364,"bond, leslie",0
3365,"employees of dupont pac - dupont de nemours, inc.",0
3366,dauphin county leadership pac,0
3367,friends of earl granville,0
3368,55th ward republican executive committee,0
3369,"united democrat committee of mt pleasant, scottdale, east huntingdon township",0
3370,local 0250 teamsters political action committee,0
3371,venango county democratic committee,0
3372,"bradford county democratic committee, c/o jeffrey gonzalez, treasurer",0
3373,heasley for pa,0
3374,1199/seiu new york st pol act fund                          ,0
3375,murrysville democratic committee,0
3376,"leach, daylin daypac                                        ",0
3377,protect our police pac,0
3378,"rosselot, chris friends of",0
3379,republican committee of indiana township,0
3380,citizen networking 4 progress,0
3381,"walsh, justin friends for",0
3382,mulqueen for judge,0
3383,penn national gaming inc political action committee,0
3384,friends of bobby mckinstry,0
3385,marco for pa,0
3386,marco attisano,1
3387,friends of tom giovanni,0
3388,friends of the 66a ward,0
3389,tri county fed of dem women,0
3390,ward 63 friends of dem exec com,0
3391,wyoming county democratic committee,0
3392,tri-county democrats,0
3393,taxpayers unite! blair county,0
3394,chester heights republican committee,0
3395,bipartisan committee to elect dulce ridder state representative,0
3396,17th ward democratic executive committee,0
3397,carlos barraza for judge,0
3398,protect and elect,0
3399,"curry, jeff friends of",0
3400,"gantt, jesse friends of",0
3401,friends of eric davamzo,0
3402,snyder county democratic committee,0
3403,metlife inc empl pol participation fund a                   ,0
3404,marty pac,0
3405,craig lehman for pa senate 13,0
3406,committee to re elect frank burns,0
3407,friends of john leshko,0
3408,"joy, christy d ",1
3409,area four democratic committee,0
3410,school nurse pac fund c/o valerie zanotti,0
3411,ridley park democratic committee,0
3412,plp pac (2004 277),0
3413,43rd ward dem exeutive com,0
3414,communication workers of america,0
3415,friends of tom leighton,0
3416,union pac,0
3417,"tarasi, beth friends of",0
3418,kane for state senate,0
3419,friends of mayor tom micozzie,0
3420,hapco pac (homeowners assn of phila),0
3421,graham gonzales,1
3422,leadership for enterprise and opportunity pac,0
3423,friends of maria,0
3424,friends of don cunningham,0
3425,"danielson, shanna friends of",0
3426,common sense pa,0
3427,repoint philadelphia,0
3428,friends of matthew areman for commissioner,0
3429,friends of ralph shicatano,0
3430,friends of judge caulfield,0
3431,taubenberger for philadelphia,0
3432,"ucb, inc political action committee",0
3433,pa college of emergency physicians pac (pep pac),0
3434,tiffany thomas-smith for judge pac,0
3435,redd for pa,0
3436,friends of danilo burgos,0
3437,"horton, andre r ",1
3438,tracie for pa,0
3439,sunrise pac,0
3440,sunrise pa,0
3441,"white, martina friends of",0
3442,democrat women of mercer county,0
3443,"waltz, joe friends of",0
3444,friends of mike heckmann,0
3445,media democratic committee,0
3446,donegal pa pac,0
3447,friends of rachel hendricks,0
3448,chester county democrats zone one,0
3449,friends of scott petri,0
3450,local 81 ibew c/o treasurer michael mcdermott,0
3451,pa sierra club pac,0
3452,"ricky's pride pac john d. lyon, treas",0
3453,voice of housing of chester and delaware co.,0
3454,toll bros. inc. pac,0
3455,york county young republicans,0
3456,york co fed of dem women,0
3457,120th district republican committee,0
3458,cement masons &amp; plasterers local 592 pac,0
3459,republican committee of lower merion and narberth,0
3460,pa oil marketers pac (pompac),0
3461,d.r.i.v.e. chapter 776,0
3462,john jack matson,0
3463,republican principles for york county,0
3464,joseph a. ellenberger,1
3465,north central democratic caucus,0
3466,greenberg traurig pennsylvania pac,0
3467,"friends of lou menna treasurer, chris baccari",0
3468,judith l schwank,0
3469,friends of michael clement,0
3470,re-elect angel cruz,0
3471,tina l. burgess,0
3472,financial business persons association,0
3473,d'angelo lee virgo,1
3474,crawford county republican committee,0
3475,friends of ed moeller,0
3476,onward pa,0
3477,brittain 2020,0
3478,upper perk democrats - area 2,0
3479,cozen o'connor political action committee,0
3480,committee to elect erin vecchio,0
3481,friends of evette thompson,0
3482,heather kass,1
3483,friends of jonathan kassa for state rep,0
3484,citizens for audrey mclain,0
3485,"leland, wendy graham ",1
3486,bikerspac bikepac c/o carol umbenhauer treasurer,0
3487,pa recreation pac,0
3488,concord - bethel democrat committee,0
3489,"fountain, tracie lynne ",1
3490,local no. 5 pac fund,0
3491,somerset co democrtic committee,0
3492,ascend pac,0
3493,heidelbaugh for attorney general inc ,0
3494,cozen o&#39;connor political action committee,0
3495,ward 1 executive committee,0
3496,"ciresi, joseph p ",1
3497,friends of collegeville democrats,0
3498,harry young cochran,1
3499,"friends of miles arnott c/o emiline i weiss, treasurer",0
3500,monroeville republican committee,0
3501,paft cope pittston area fed of teachers,0
3502,miles arnott,1
3503,friends of peter gaglio,0
3504,"ridge, dave committee to elect",0
3505,david g. argall,1
3506,int. longshoremen's assoc (ila) local 1291 pac,0
3507,silvis for pa,0
3508,lisa labrasca becker,1
3509,"dow, supreme friends of",0
3510,"clear channel outdoor, llc. pac",0
3511,vote scott jaillet,0
3512,integrity project,0
3513,area 15 republican committee of chester county,0
3514,hensel for state representative,0
3515,cnx resources corporation political action committee (cnx pac),0
3516,fox rothschild llp pennsylvania pac,0
3517,democratic governors association - pa,0
3518,boyer for chester county,0
3519,"matzie, robert f ",1
3520,"burman, brett w ",1
3521,pennsylvania great frontier pac,0
3522,sepa victory pac,0
3523,"drew, lindsay friends of",0
3524,"young, regina young 185",0
3525,friends to elect robin costenbader-jacobson,0
3526,"costenbader-jacobson, robin  ",1
3527,"dawkins, jason  t  ",1
3528,"davis, rose marie ",1
3529,friends of the 65th ward,0
3530,"smith, patty friends of",0
3531,mariaforpa,0
3532,friends of mike zabel,0
3533,democratic attorneys general association - pa,0
3534,friends of lissa,0
3535,"miller, dan friends of",0
3536,"scott, george b ",1
3537,friends of steve malagari,0
3538,great american pennsylvania fund,0
3539,"white, martina a ",1
3540,pa campground owners association (pcoa pac),0
3541,pennsylvania deer farmers association pac (pdfa pac),0
3542,rosemary brown for state rep,0
3543,be true to yourself-pac,0
3544,"erie management group, llc pac",0
3545,ed moeller friends of,0
3546,pac1742,0
3547,citizens for gleim,0
3548,lcar,0
3549,friends of tim kearney,0
3550,ward 31 rep com,0
3551,hartman for pa,0
3552,"runey, kevin t ",1
3553,ppg industries inc. pac,0
3554,fulton co rep com                                           ,0
3555,friends of charlie adcock,0
3556,"wherley, michele  ",1
3557,"lareau, malinda lauren  ",1
3558,impact pac,0
3559,yeadon democratic committee,0
3560,go to camp comm.,0
3561,energy harbor corp. political action committee,0
3562,quicken loans inc pac,0
3563,jason silvis,1
3564,voice of housing of chester and delaware counties,0
3565,western pennsylvania laborers political action fund,0
3566,society hill towers community pac,0
3567,friends of jed,0
3568,daga individual pac,0
3569,ward 14th democratic executive committee,0
3570,noyes j. lawton,1
3571,local majority,0
3572,tri-county fdw pac,0
3573,windstream corporate pac                                    ,0
3574,cappelletti for pa,0
3575,"hartwick, george iii citizens for                           ",0
3576,friends of shanna danielson,0
3577,friends of craig williams,0
3578,pa forward together fund,0
3579,turn pa blue,0
3580,danielle 4 pa,0
3581,staats for state rep,0
3582,susquehanna county democratic committee,0
3583,friends of mike puskaric,0
3584,friends of dave delloso,0
3585,friends of dianne herrin,0
3586,friends of ann flood,0
3587,"hennessey, tim friends of c/o treas: carol hennessey",0
3588,the committee to elect brad roae,0
3589,keystone leadership fund pac,0
3590,"larry yost, ii",1
3591,larry yost for state representative,0
3592,l-pec/pasr (pa assn of school retirees),0
3593,republican club of montgomery county,0
3594,lgbtq victory fund federal pac,0
3595,richard ruggieri for pa 13,0
3596,susan b. anthony list candidate fund,0
3597,walmart inc. pac for responsible government,0
3598,pfizer inc. pac,0
3599,pennridge democrats,0
3600,republican state leadership committee - ie committee,0
3601,tucker arensberg political action committee,0
3602,chester county democratics committee,0
3603,rothman institute pac,0
3604,christina sappey,1
3605,monroe co rep com                                           ,0
3606,friends of mary noldy,1
3607,elect parke wentling,0
3608,mollie mcenteer,0
3609,"keller, mark friends of",0
3610,manheim twp democratic committee                                 ,0
3611,friends of mark m gillen,0
3612,"skopov, emily elect 4 pa",0
3613,abbott laboratories employee political action committee,0
3614,gary spillane,1
3615,friends of aaron bashir,0
3616,friends of linda j book,0
3617,jobs america pac,0
3618,nationwide mutual insurance company political action committee,0
3619,diversified gas &amp; oil pac,0
3620,"sister district project, pennsylvania",0
3621,committee to elect david m. maloney,0
3622,flippable (federal),0
3623,enbridge (u.s.) inc. political action committee (enbridge-dcp pac),0
3624,roche diagnostics corporation pac (roche dxpac),0
3625,our states matter pac,0
3626,huntington bancshares inc. political action committee (hbi-pac),0
3627,andrew holter,1
3628,patty smith,0
3629,friends of danny devito,0
3630,human rights campaign pac,0
3631,lawrence d. frey iii,1
3632,paul friel,1
3633,friends of elvira n. berry,0
3634,elvira n. berry,1
3635,markosek campaign,0
3636,greater than,0
3637,mako for pa,0
3638,friends of ken lawrence,0
3639,holter for pa,0
3640,friends of tara zrinski,0
3641,the people for joanna bryn smith,0
3642,clean wave,0
3643,middletown township republican committee,0
3644,debbie wachspress for congress,0
3645,good day pac,0
3646,314 action victory fund,0
3647,service employees international union cope,0
3648,friends of bryan walters,0
3649,indian american impact fund,0
3650,friends of chris quinn,0
3651,cvs health pac,0
3652,lets go with yetsko,0
3653,aecom pac - pennsylvania account,0
3654,len iacono 4 the 156th,0
3655,michael thomas taylor,1
3656,"torsella, joe friends of",0
3657,"gainey, edward friends of                                   ",0
3658,"citizens for gleim, barb",0
3659,teamsaters local 8 pac,0
3660,dispac (distributors pac) pac,0
3661,pft 400,0
3662,"tioga county democratic party c/o robert wooley, treasurer",0
3663,daga pac,0
3664,friends of lisa goldman riley,0
3665,pennsylvania liberty fund,0
3666,venango county republican comm.,0
3667,philadelphia federal credit union-pac (pfcu),0
3668,pennylvania first,0
3669,committee to elect kelly bellerby-allen for state representative,0
3670,committee to elect sara-summer oliphant,0
3671,ortho pac (pa orthopaedic society),0
3672,friends of 65th ward,0
3673,friends of jeff c. wheeland,0
3674,"keenan, mary m   (lob)                                      ",0
3675,northumberland county democratic committee,0
3676,libertarian party of pennsylvania,0
3677,"delloso, friends of",0
3678,friends of the 21st ward democrats,0
3679,friends of nicole miller,0
3680,pennsylvania association of milk dealers (pamd pac),0
3681,friends of deb ciamacca,0
3682,neighbors for tim 2020,0
3683,friends of william kresge,0
3684,michael baker international holdco corporation political action committee,0
3685,committee to elect shelbie,0
3686,ann marie mitchell,1
3687,shelbie lynn stromyer,1
3688,planned parenthood votes,0
3689,friends of ellen fisher,0
3690,friends of brian kirkland,0
3691,friends of steve samuelson,0
3692,elect scott zelov,0
3693,josh maxwell for chester county,0
3694,pac 45,0
3695,friends of kyle mullins,0
3696,friends of chelsa wagner,0
3697,"dowling, matthew friends of",0
3698,tara zrinski,1
3699,"hepkins, rohan friends of",0
3700,citizens for jake wheatley,0
3701,robert melendez,1
3702,peter pj symons jr,1
3703,emrick joe comm to elect c/o joann cardello,0
3704,"molony, friends of dave",0
3705,"page-delahaye, airneezer com",0
3706,friends of bill monahan,0
3707,wanda logan for the 190th,0
3708,friends of miles arnott c/o emiline weiss treasurer,0
3709,citizens for todd eachus,0
3710,friends of howard terndrup,0
3711,krizan for state senate 47,0
3712,friends of tracy pennycuick,0
3713,doc clements for pa 101,1
3714,friends of rico elmore,0
3715,rose for pa,0
3716,tracy pennycuick,0
3717,active 55th ,0
3718,hemminger for judge political action committee,0
3719,lower makefield republican club,0
3720,michael for  pa,0
3721,"carroll, andre for pa",0
3722,friends of joe mcginn,0
3723,citizens for terence farrell,0
3724,day & zimmermann inc fed pac (daypac)                       ,0
3725,"lawpac (pa. association for justice, f/k/a pa trial lawyers)",0
3726,friends of michael c lambert,0
3727,covestropac a political action committee of covestro llc,0
3728,friends of thaddeus kirkland,0
3729,students first pac                                          ,0
3730,upper merion rep com                                        ,0
3731,"pashinski, edwin  ",1
3732,"schroeder, michael friends of",0
3733,"allone health resource, inc. pac",0
3734,"suplizio, john herm ",1
3735,"williams, wendell craig ",1
3736,greene co republican committee c/o clint blaney,0
3737,bedford county repub. committee,0
3738,pa manufactured housing pac c/o treasurer: dalene eisenhart,0
3739,kirsch 4 pa 39,0
3740,pa association of milk dealers pac (pamd pac),0
3741,"tai, helen committee to elect",0
3742,"slomski, julie l ",1
3743,york co fed of dem women                                    ,0
3744,"abdullah, fareed   ",1
3745,"bowers, kathleen  ",1
3746,"bassani, dominic",0
3747,"santanna, tom",0
3748,"mizgorski, lori a ",1
3749,"moyer, branden m. ",1
3750,friends of robin robinson,0
3751,"johnson rothman, sara friends of",0
3752,firstenergy corp political action committee,0
3753,alianza lehigh valley pac,0
3754,friends of jennifer lugar,0
3755,friends of nikil saval,0
3756,"saval, nikil  ",1
3757,"hensel, dale l. ",1
3758,"warner, ryan james ",1
3759,committee to elect darisha k parker,0
3760,"dowling, matthew david ",1
3761,"covert, ryan friends of",0
3762,milliron goodman pac (mg pac),0
3763,friends of milou mackenzie,0
3764,citizens alliance for pennsylvania pac,0
3765,friends of matt weintraub,0
3766,mifflin county democratic committee,0
3767,pa horse breeders association,0
3768,commonwealth leaders fund ,0
3769,plumstead democrats,0
3770,"emrick, joe committee to elect c/o treasurer joann cardello",0
3771,people with libby,0
3772,friends of jim roebuck,0
3773,friends of annamarie scannapieco,0
3774,friends of byron timmins,0
3775,todd eachus,1
3776,friends of mimi,0
3777,"legro, mimi",1
3778,friends of chris roland,0
3779,friends of carrie lewis delrosso,0
3780,tim defoor for auditor general,0
3781,katie evans for representative,0
3782,pa beverage pac,0
3783,northumberland cpunty republican committee,0
3784,progressive woman of nepa,0
3785,v. milou mackenzie,1
3786,"ahmad, nina for pa",0
3787,better lebanon county pac,0
3788,building for america's future,0
3789,rabb for the people,0
3790,danny devito,1
3791,ginny kerslake (virginia vivian marcille-kerslake),1
3792,ginny kerslake for pa 167 / courage pac,0
3793,friends of bob brooks,0
3794,citizens for stan saylor c/o brenda sue resh,0
3795,friends of don v,0
3796,annamarie scannapieco,1
3797,"leshko, john thomas ",1
3798,friends of jeanine mcgee,0
3799,catherine e. spahr,1
3800,friends of danyl patterson,0
3801,"lawpac (pa assoc. for justice, f/k/a pa trial lawyers)",0
3802,friends of 63rd ward democratic executive cmte,0
3803,arcadis u.s. inc. political action committee,0
3804,voters for resaon,0
3805,east pennsboro democratic committee,0
3806,"millard, david, committee to elect",0
3807,friends of diane marseglia,0
3808,"ryan, carol lynne ",1
3809,"martin, jared daniel ",1
3810,"nuss, roger w ",1
3811,peco pac                                                    ,0
3812,"smith, patricia a ",1
3813,heidelbaugh for attorney general inc,0
3814,"bradford, matthew d ",1
3815,school police assn of phila com for safe schools            ,0
3816,"webster, joseph  ",1
3817,"burrell, george r",0
3818,friends to elect mike doyle,0
3819,pennsylvania leadership fund,0
3820,monroeville republican comm.,0
3821,robert wilson mercuri,1
3822,team gillespie - c/o treasurer laura shoe,0
3823,emrick joe committee to elect c/o treasurer joann cardello,0
3824,"lawpac (p.a. assoc. for justice, f/k/a pa trial lawyers)",0
3825,wine &amp; spirits brokers association pac (wsba pac),0
3826,timothy f. twardzik,1
3827,new ideas pac,0
3828,federation of democratic women of indiana county,0
3829,pa concrete pavement pac (acpa pac),0
3830,chester county chamber pac,0
3831,friends of the 29th ward democrats,0
3832,friends of jay walker,0
3833,friends to elect fred owens,0
3834,"merck &amp; co., inc. employees political action committee (merck pac)",0
3835,"prospect medical holdings, inc. political action committee (prospectpac)",0
3836,steve kantrowitz for senate,0
3837,i am you! committee,0
3838,boscov's pac c/o treasurer kim kolakowski,0
3839,voteaudia.com,0
3840,"darryl audia, sr.",1
3841,"benninghoff, kerry for rep com                              ",0
3842,utu pac (united trans union pac)                            ,0
3843,friends of bryan cutler,0
3844,citizens for a better warminster,0
3845,"pennsylvania association of plumbing heating cooling contractors, inc.",0
3846,greene co. republican committee c/o clint blaney,0
3847,clarion county republican committee,0
3848,bethel park republican committee,0
3849,michael bagdes-canning (pa 64),0
3850,good government for eastern pennsylvania,0
3851,par id/a pac,0
3852,indian valley democrats c/o anthony clafardoni,0
3853,"plumstead democrats, paula lichtenstein, treasurer",0
3854,plumbers local union 24 political action committee,0
3855,byron timmins,1
3856,friends of janelle crossley,0
3857,copart pac,0
3858,allies for educational equity,0
3859,tri county democrats,0
3860,"ward 26, republican executive committee",0
3861,clinton co dem com                                          ,0
3862,larry for liberty,0
3863,interntional association of heat and frost insulators and allied worrkers political action committee,0
3864,aston township republcan party executive finance committee,0
3865,calpine corporation pac,0
3866,lower bucks leadership fund,0
3867,"local 0542, pittsburgh sprinkler fitters",0
3868,hampden township democratic club committee,0
3869,9th ward democrats,0
3870,casa in action pac,0
3871,"symons jr,, peter james",1
3872,tredyffrin twp rep com,0
3873,voteneft,0
3874,"gaydos, valerie for pa",0
3875,"o&#39;flynn, rich friends of",0
3876,"international association of sheet metal, air, rail and transportation workers political action league",0
3877,friends of miles arnott,0
3878,pennsylvania fund for change,0
3879,oxford area republican committee                            ,0
3880,cohen for judge,0
3881,saxton & stump llc pac,0
3882,friends of haste + pries,0
3883,pioga-pac,0
3884,voters for reason,0
3885,republican committee of lampeter strasburg,0
3886,centra pa republican conference,0
3887,amalgamated transit union cope account vol fund,0
3888,51st ward democratic executive committee,0
3889,mercer co dem women of                                      ,0
3890,rally at the rock,0
3891,"stuckey, dennis friends of",0
3892,solebury democrats,0
3893,"boyer, kyle juan ",1
3894,"henry, sue friends of",0
3895,"ross, douglas f ",1
3896,friends of isabella fitzgerald,0
3897,rudolph clarke leadership pac,0
3898,"foley, francis lamar jr",1
3899,"keegan, marian friends of",0
3900,"williams, dan citizens for",0
3901,"johnson, mark a ",1
3902,sunrise movement lancaster pa pac,0
3903,"rozzi, mark l ",1
3904,pa medical pac (pam pac)                                    ,0
3905,"krueger, leanne  ",1
3906,ward 26 republican executive committee,0
3907,scott timko,1
3908,friends of marisa shaaban,0
3909,rico t. elmore,1
3910,oxford area republican committee (oarc),0
3911,friends of heather macdonald,0
3912,"dush, cris friends of",0
3913,friends of joe webster,0
3914,northeast democratic caucus - pa dem state comm,0
3915,theresa gaffney for state representat,0
3916,public record pac,0
3917,citizens for vanessa mcgrath,0
3918,"farnese, lawrence m jr",1
3919,theresa gaffrey for state rep.,0
3920,joanna bryn smith,1
3921,friends of ed diasio,0
3922,matthew duvall,1
3923,john ritter for pa - 25 /monroeville republican comm.,1
3924,"ridder, dulce maria ",1
3925,chester county democratic committee,0
3926,"leith, jennifer friends of",0
3927,stronger pennsylvania pac,0
3928,int. long shoremen's assoc (ila) local 1291 pac,0
3929,timberpac                                                   ,0
3930,neighsbors for jeff dempsey,0
3931,mckean county democratic committee,0
3932,friends of teamsters 397,0
3933,friends of chris lupp,0
3934,christopher lupp,1
3935,friends of cathy spahr,0
3936,district council 33 political contributions ssf,0
3937,keystone free enterprise fund,0
3938,transport wrkrs local 234 cope                              ,0
3939,coghill for city council,0
3940,"brown, amen  ",1
3941,west goshen dems,0
3942,"bertha, robert the committee to elect",0
3943,friends of joe st pedro,0
3944,committee to elect joe toner,0
3945,gregory r. benjamin,0
3946,"langerholc, wayne for senate",0
3947,abington twp rockledge borough republican committee (atro),0
3948,tioga county democratic party c/o treasurer robt h wooley,0
3949,mcdonald's penna operator pac,0
3950,barlow for council,0
3951,friends of jay conners,0
3952,"killion, thomas victory com                                 ",0
3953,adrienne redd/redd for pa,0
3954,kutztown area democratic committee,0
3955,friends of judy hoover,0
3956,friends of ken hayes,0
3957,bowling proprietors association of pa pac (bowl pac),0
3958,warwick township democratic association,0
3959,montco dfa,0
3960,pa academy of otolaryngology pac (oto pac),0
3961,friends of john chura,0
3962,pa campground owners association pac (pcoa pac),0
3963,pa academy of nutrition &amp; dietetics pac (pand pac),0
3964,pa bus assn - motorcoach pac (motorcoach pac),0
3965,"friends of miles arnott, c/o emiline weiss, treasurer",0
3966,vote garret wassermann,0
3967,marc bozzacco,1
3968,friends of christine boyla,0
3969,"heatlh partners plans, pac",0
3970,vincent hughes,1
3971,friends of tom panzer,0
3972,lindsay drew,1
3973,international paper political action committee (ip-pac),0
3974,marci mustello,1
3975,"house rep campaign com 2004, inc                            ",0
3976,republican state leadership commitee - ie committee,0
3977,afl-cio cope political contribution committee - pa,0
3978,erie management group llc pac,0
3979,indian valley democrats c/o anthony j. ciafardoni,0
3980,se caucus democratic committ pac c/o tom herman,0
3981,friends of daniel wassmeer,0
3982,friends of patty smith,0
3983,the committee to elect kelly bellerby-allen for state representative,0
3984,psna pac (pa state nurses association),0
3985,andrew holtere,1
3986,friends of camera bartolotta pac,0
3987,diversified gas &amp; oil corporation pac,0
3988,montgomery county republica committe,0
3989,bedford co. republican committee,0
3990,pa interest citizens pac,0
3991,area 14 democratic committee,0
3992,acadia healthcare company inc.,0
3993,margie brown,1
3994,where america started,0
3995,"weinrich, john  sr",1
3996,pennsylvania automotive association political action commitee,0
3997,john a lawrence,1
3998,lower providence republican committee,0
3999,asbestos heat & frost insulators pac                        ,0
4000,lancaster county senior coalition ,0
4001,nuca pa pac,0
4002,brian samuel malkin,0
4003,"the chamber of commerce for greater philadelphia political action committee, aka chamberphl pac",0
4004,chesco victory,0
4005,wuf political action fund,0
4006,friends of carolyn bunny welsh,0
4007,"orrick, herrington & sutcliffe llp",0
4008,banks channel pac,0
4009,"rooney, terence j.",0
4010,pride mobility products corporation pac,0
4011,"the geo group, inc. political action committee fec # c00382150",0
4012,the lh pac,0
4013,friends of lou mincarelli,0
4014,lower gwynedd republican committee,0
4015,republican committee of upper chichester,0
4016,int. longshoremen's assoc. (ila) local 1291 pac,0
4017,pala pac,0
4018,greenpac / green party of pa                                ,0
4019,western pennsylvania building trades pac,0
4020,the scotts miracle-gro co stewardship pac fec #c00365254,0
4021,"rynd, louise a.                                             ",0
4022,neighborhoods united pac,0
4023,"spahr, cathy friends of",0
4024,"kaiser, annmarie",0
4025,"ditka, laura for judge",0
4026,"area 8 republican committee c/o treasurer, michael a. bieloski",0
4027,friends of staudenmeier and halcovage,0
4028,political action committee of the international alliance of theatrical stage employees,0
4029,hatch chester pac                  ,0
4030,philly for warren,0
4031,conduent incorporated political action committee (cndt pac),0
4032,"bullock, donna friends of",0
4033,"moton, ruth  ",1
4034,"mclain, audrey citizens for",0
4035,hanover adams leadership team,0
4036,"mitchell, ann marie",1
4037,americans against socialism,0
4038,defending the tax payer c/o joann cardello,0
4039,pa academy of nutrition &amp; dietetics (pand pac),0
4040,"parker, darisha k ",1
4041,ironworkers political action league,0
4042,"mcgrath, vanessa  ",1
4043,daulton for pa,0
4044,"solomon, jared  ",1
4045,buckingham democrats,0
4046,jennifer lugar,0
4047,windstream corporation political action committee,0
4048,friends of jim oswald,0
4049,james oswald,1
4050,aaron&#39;s inc pac,0
4051,committee to elect cuyler walker,0
4052,friends of bob donchez pac,0
4053,better prosecutors for pa,0
4054,committee for good government,0
4055,"williams, robert t sr",1
4056,progressive women of nepa,0
4057,warwick area republican committee,0
4058,120th republican committe,0
4059,citizens for smaller government,0
4060,miller pac,0
4061,byron f timmins,1
4062,michael 2020,0
4063,republican party of luzerne county,0
4064,committee to elect kevin d jones,0
4065,parke h. wentling,1
4066,committee to elect kevin d. jones,0
4067,greg hayes,1
4068,deb clamacca,1
4069,rosemary brown for state rep.,0
4070,peter j symons,1
4071,stephen k krizan,1
4072,hampden township democratic committee,0
4073,kevin jones,1
4074,louis c. schmitt,1
4075,leniacono4the156th,0
4076,dianne herrin,1
4077,rutledge democratic committee,0
4078,house dem campaign com                                      ,0
4079,"yaffe, peter  (lob)                                         ",0
4080,tinicum together,0
4081,newtown democrats (alexander treece-treasurer),0
4082,rural cuacus pa dems,0
4083,chester county republican party area 14,0
4084,q pac c/o treasurer: arthur d. martinucci,0
4085,montgomery county council of repub. women,0
4086,friends of deminski,0
4087,the next 50 pac,0
4088,william michael,1
4089,friends of william michael,0
4090,concord republican party,0
4091,democratic party of carbon county,0
4092,pike county democratic committee,0
4093,republican friends of area 4,0
4094,"ricky's pride pac j.d. lyon, treas",0
4095,friends to elect payne,0
4096,realjusticepac,0
4097,john lashko for pa state representative (amanda leshko-treasurer),0
4098,local union 354 pac,0
4099,montco victory,0
4100,pa young dems                                               ,0
4101,"smerechanskyy, taras for pa",0
4102,northeast delegation,0
4103,kevin runey for pa senate,0
4104,jefferson&#39;s preamble society inc,0
4105,franklin park rep com                                       ,0
4106,engie north america inc. pac (ena pac) fec id# c00375568,0
4107,bethel township republican party,0
4108,educate pac,0
4109,national association of chain drug stores pac,0
4110,"friends of miles arnott c/o emiline weiss, treasurer",0
4111,lkq corporation employee good government fund,0
4112,jam for pa,0
4113,"schmolze, nathanael  ",1
4114,"ruff, jason  ",1
4115,"kaminski, amy l.",0
4116,firepac 10                                                  ,0
4117,empower pac,0
4118,"sulman, dan friends of",0
4119,chester county lawyers for progress,0
4120,jim christiana for senate,0
4121,"atkins us holdings, inc. pac fec",0
4122,arkema pac (formerly atopac)                                ,0
4123,philadelphia young republicans,0
4124,"zabel, michael p ",1
4125,ltk pac                                                     ,0
4126,"freda, scott",0
4127,jamie l glasson,0
4128,wine & spirits brokers assoc of pa                          ,0
4129,where america started                     ,0
4130,"wagner, scott for governor, inc",0
4131,pa dem caucus county commrs                                 ,0
4132,bartos for pennsylvania,0
4133,civility and manners in politics pac (c.a.m.p. pac),0
4134,pa consulting engineers pac                                 ,0
4135,the action pac,0
4136,consumer advocacy pac,0
4137,joe hamm,1
4138,citizens for boyle,0
4139,"zabel, mike friends of",0
4140,pennsylvania deer farmers assocation pac (pdfa pac),0
4141,calvin clements,1
4142,friends of jonathan keeler,0
4143,jonathan keeler,1
4144,team gillespie keith - c/o treasurer laura shue,0
4145,"deluca, anthony for legislator committee",0
4146,paft cope pittston area fed,0
4147,republic committee of chester county,0
4148,republican women of chester county,0
4149,pennsylvania sierra club pac,0
4150,helen b. hughes federation of democratic women,0
4151,sheryl delozier,1
4152,katelina brennan,1
4153,kevin maxson,1
4154,"volunteers for argall, david",0
4155,john padora,1
4156,democratic society of new york,0
4157,committe to elect robert freeman,0
4158,neighbors for jeff dempsey,0
4159,"mackenzie, ryan citizens of",0
4160,citizens for stan saylor c/o brenda suc resh,0
4161,letsgowithyetsko,0
4162,"i'm for knowles, jerry",0
4163,friends for steve necaster,0
4164,friends of eileen cipriani,0
4165,friends for daryl melcalfe,0
4166,committee to elect matthew bartko,0
4167,knoll 4 pa 44,0
4168,"ritter, john d ",1
4169,friends f chris lupp,0
4170,"webster, joseph g. phd",1
4171,michele knoll,1
4172,brown james mark,1
4173,"shober, harlan g. jr.",1
4174,"shulman, melissa geiger ",1
4175,marco santino attisano,1
4176,umua local 686 committee political education fund,0
4177,jason ruff,1
4178,monroe future fund,0
4179,"battisti, eric p.                                           ",0
4180,"defrank, stephen m",0
4181,pennsylvania cannabis coalition pac,0
4182,"shafer, melissa",0
4183,"hartman, christina for pa",0
4184,the people for david hines,0
4185,"hines, david  ramsay ",1
4186,barbin for penn woods,0
4187,"alliance coal, llc pac",0
4188,pennsylvania citizen for progress,0
4189,springfield township democratic committee-montgomery county,0
4190,western chester county democrats,0
4191,mt. lebanon republican committee,0
4192,concord bethel democratic committee,0
4193,kevin d. jones,1
4194,"lawpac (pa. assoc. for justice, f/k/a pa trial lawyers)",0
4195,fund of pa leadership,0
4196,committee to delaware county's future,0
4197,"stambaugh, perry friend of",0
4198,afl-cio cope - state and local voluntary fund,0
4199,ryan bourinski,1
4200,montgomery co dem women's lead init,0
4201,pa liberty fund,0
4202,the national rural electric cooperative association action committee for rural electrification (acre),0
4203,"kavulich, sid friends of                           ",0
4204,rovito for judge,0
4205,matthew rogers for judge,0
4206,democratic college campaign fund of pennsylvania,0
4207,ward 03 dem exec com                                        ,0
4208,"mcgill, kate friends of",0
4209,rescare inc advocacy fund,0
4210,"sala, pete friends of",0
4211,caterpillar inc. political action committee (catpac),0
4212,"dudro, anne",0
4213,"zurich holding company of america, inc. committee for good government (z-pac, zurich pac)",0
4214,eastmanpac-political action committee of eastman chemical company,0
4215,friends of parthenia izzard,0
4216,northwest leaders pac,0
4217,"williams, anthony h friends of                           ",0
4218,"angelichio, leon for state rep",0
4219,montgomery co dem womens lead init                          ,0
4220,p & c pac                                                   ,0
4221,pa - better healthcare pa,0
4222,gina force for judge,0
4223,wachspress for congress,0
4224,united homecare workers of pa action,0
4225,pennsylvania future pac,0
4226,"mcgrath, vanessa citizens for",0
4227,marsy&#39;s law for pennsylvania llc,0
4228,alex minishak jr.,0
4229,elect jill beck,0
4230,intl longshoremens assn afl-cio com on pol education        ,0
4231,shell oil company employees' political awareness committee,0
4232,bank of america corporation state and federal pac,0
4233,"contura energy, inc. political action committee",0
4234,direct energy employee political action committee (deepac),0
4235,"dipillo, jennifer for judge",0
4236,pattern energy group inc. pac (pattern pac),0
4237,"scott, kara friends of ",0
4238,washington gas light company pac,0
4239,franklin park democratic committee,0
4240,warren co rep comm,0
4241,sara-summer oliphant,1
4242,commonwealth leders fund,0
4243,springfield township democratric committee-montgomery county,0
4244,northumberland county-democratic committee,0
4245,crawford county republican party,0
4246,"godshall, friends of",0
4247,committee for delaware country's future,0
4248,"mako, zachary for pa",0
4249,jerry carnicella,1
4250,go to camp comm,0
4251,lisa goldman riley,1
4252,amanda m cappelletti,1
4253,venango county republican comm,0
4254,"fingles, rachel for pennsylvania",0
4255,19th ward exec. committee,0
4256,phila food pac,0
4257,citizens for gleim barbara,0
4258,chester county chamber pac c/o martelli,0
4259,nicole ziccarelli,1
4260,friends of danyl patterson - 20190391,0
4261,smart local 44 political action leauge,0
4262,tom kirsch,1
4263,pennsylvania concrete pavement pac (acpa pac),0
4264,john lawrence,1
4265,friends of d'angelo virgo,1
4266,heather macdonald,1
4267,alvin q. taylor,1
4268,philadelphia voters united,0
4269,she can win,0
4270,citizens for jordan harris,0
4271,"opeiu, jb moss voice of the electorate (vote)",0
4272,tioga county democratic party c/o treasurer robert h. wooley,0
4273,friends of ruth schemm,0
4274,"feidstein grinberg lang &amp; mckee, p.c. (formerly fgsm, p.c.) c/o treasurer, francis c. rapp, jr., esquire",0
4275,qpac c/o treasurer: arthur d martinucci,0
4276,plan wpa,0
4277,montgomery co dem womens lead init,0
4278,snyder co dem,0
4279,pike county demoratic committee,0
4280,local 0405 iron workers pac,0
4281,"diaz, janet family and friends of",0
4282,pennridge democrats 20140248,0
4283,langhorne blue,0
4284,alliance of automotive svc providers of pa pac              ,0
4285,conservative citizens for liberty,0
4286,friends of bucks county democrats,0
4287,"kelley, aaron robert",0
4288,independent thinking pac,0
4289,"campbell, j duncan iii",0
4290,jason ortitay,1
4291,national association of chain drug stores political action committee,0
4292,newtown democrats (alexander treece - tres),0
4293,2999 group,0
4294,"toll bros, inc. pac",0
4295,"branco, kevin friends of",0
4296,jennifer o'mara,1
4297,jefferson co dem com                                        ,0
4298,"peck, christylee for superior court",0
4299,stevie for the people,0
4300,shields for judge,0
4301,commercial metals company pac (cmc pac),0
4302,"jukus, joel for supervisor",0
4303,commonwealth horizons pac,0
4304,warren co dem com                                           ,0
4305,chadds ford dem party                                       ,0
4306,"allen, bryan friends of",0
4307,friends of wendi barish,0
4308,pennsylvania justice & public safety pac,0
4309,cumberland county young republicans (ccyr),0
4310,celgene corporation political action committee,0
4311,bristol-myers squibb company political action committee (bms pac),0
4312,centurylink inc. employees political action committee,0
4313,centre county democratic committee,0
4314,judge lane for superior court,0
4315,maria mclaughlin for supreme court,0
4316,aon corporation political action committee,0
4317,skippack democrats,0
4318,jefferson hills democratic committee,0
4319,philly neighborhood networks pac,0
4320,rpm international inc. manufacturing in america pac dba manufacturing in america pac,0
4321,american kennel club political action committee,0
4322,lehigh valley committee for affordable housing,0
4323,nova chemicals inc.,0
4324,middletown first,0
4325,brandywine leadership pac,0
4326,ricky's pride pac,0
4327,haverford township republican campaign committee,0
4328,friends of cris dush c/o pamela d. ames,0
4329,"ness, laura",0
4330,"bedio, denise for office",0
4331,rebecca for philadelphia,0
4332,northern tier conservative p.a.c.,0
4333,bethel park democratic committee,0
4334,reading capital pac,0
4335,"pepsico, inc. concerned citizens fund",0
4336,forward together,0
4337,mars area republican club,0
4338,jacobs good government fund of jacobs engineering group inc.,0
4339,upper buxmont rising,0
4340,defend medicare,0
4341,"marisco, andrew j ",0
4342,"o&#39;connell, john",0
4343,young democrats of westmoreland county,0
4344,kenney for philadelphia,0
4345,pa society of physician assistants                          ,0
4346,tinu moss for judge,0
4347,the main street usa,0
4348,pa advocates and resources for autism and intellectual disabilities pac (par id/a pac),0
4349,national federation of independent business pennsylvania political action committee,0
4350,young republicans of delaware county,0
4351,committee to elect schimizzi judge,0
4352,lackwanna county democratic committee,0
4353,wheeler for pa,0
4354,capehart for judge committee,0
4355,friends of tamika washington for judge,0
4356,american solidarity party,0
4357,friends of bryan callahan,0
4358,apa ie pac,0
4359,friends of mary pugh,0
4360,citizens for good government pac                            ,0
4361,"linhardt, eric committee to elect for judge",0
4362,"clingerman, kristin committee to elect judge",0
4363,"murray, mary p ",1
4364,"marisico, ed friends of              ",0
4365,accountable leadership pac,0
4366,"prendergast, kathleen  j. ",1
4367,"clingerman, kristin anne ",1
4368,"sainovich, myron r ",1
4369,"giordano, emil for judge",0
4370,"lancos decostro, deborah for judge",0
4371,vedder for judge,0
4372,chuck hobbs,1
4373,"barish, wendi dawn ",1
4374,"mp murray campaign, inc t/d/b/a judge p murray committee",0
4375,"bompiani, l anthony ",1
4376,"sias, henry mcgregor ",1
4377,"canty, deborah committee to elect",0
4378,"conroy, david for judge",0
4379,"conroy , david  hugh ",1
4380,"barbin, bryan e ",1
4381,todd eagen for judge,0
4382,"johnson, shanese for judge",0
4383,"shahen, mitchell p ",1
4384,woodruff 2017,0
4385,"canty, deborah l ",1
4386,"berardinelli, james committee to elect",0
4387,"linhardt, eric r ",1
4388,roan j confer jr,1
4389,christine fizzano cannon,1
4390,friends of leonard deutchman,0
4391,leonard s. deutchman,1
4392,"major, rania friends of",0
4393,michael rozman,1
4394,judge julia munley,1
4395,ellen ceisler,1
4396,timothy barker,1
4397,royce morris,1
4398,john mcnally,1
4399,kagarise for superior court committee,0
4400,henry sias for judge,0
4401,peter m. vaughn,1
4402,maria mclaughlin,1
4403,amber anstine kraft,1
4404,wendy g. rothstein,1
4405,"menges, matthew d.",1
4406,vincent melchiorre,1
4407,leon goodman,1
4408,vikki kristiansson,1
4409,jeff conrad,1
4410,friends of lisa monzo,0
4411,charles e. kurowski,1
4412,joseph m. cosgrove,1
4413,friends of jenn for judge,0
4414,george r. twardy jr.,1
4415,"clemons, lucretia c.",1
4416,brandon p neuman,1
4417,joyce hatfield-wise,1
4418,jeffrey saltz,1
4419,melograne for judge,1
4420,irene mclaughlin clark,1
4421,lori k. serratelli,1
4422,"barbin, bryan for pennsylvania",0
4423,"vedder, clyde w ",1
4424,"hall, christopher r ",1
4425,"buchanan, diane zack committee for judge",0
4426,"buchanan, diane zack ",1
4427,"pavlack, melissa friends of",0
4428,friends of randy vulakovich,0
4429,common sense for pa,0
4430,"boyle, brian j",0
4431,pa radiology pac (paradpac),0
4432,"caum, mike committee to elect district judge",0
4433,pa judicial pac,0
4434,lawpac (pa association for justice f/k/a pa trial lawyers association),0
4435,saylor retention 2017,0
4436,friends of craig stedman,0
4437,friends of judge mclaughlin,0
4438,clarion county dem com c/o jennifer vinson,0
4439,dauphin co rep com,0
4440,committee to retain justice debra todd,0
4441,justice debra todd (candidate),1
4442,ward 41 rep exec com,0
4443,cartwright for congress,0
4444,"spurgeon, david keep judge",0
4445,david l. spurgeon,1
4446,phila fed credit union-pac,0
4447,v-pac,0
4448,diane e. gibbons,1
4449,"santora, jamie friends of",0
4450,"knowles, jerry i'm for com",0
4451,local 0012 sheet metal wrkrs pac,0
4452,"trauger, jeffrey elect judge (elect judge trauger)",0
4453,"edwards, janine committee to elect judge",0
4454,janine edwards,1
4455,lower merion and narberth rep com,0
4456,toll bros. inc pac,0
4457,action of pa.,0
4458,ironworkers pol action league-dc,0
4459,"tesla, kim committee to retain",0
4460,schuylkill co rep committee,0
4461,allegheny co bar association pac,0
4462,james j. panchik,1
4463,friends of judge julia munley,0
4464,pennsylvanians for qualified judges,0
4465,"depasquale, eugene for pennsylvania",0
4466,international association of asbestos heat,0
4467,"rothstein, wendy g for judge",0
4468,propac,0
4469,"haste &amp; pries, friends of",0
4470,tim barker for judge,0
4471,pa dental pac,0
4472,friends of vikki for judge,0
4473,dauphin county judicial pac,0
4474,york co rep com,0
4475,mark b. cohen,1
4476,friends for sallie mundy,0
4477,bucks montgomery com for housing affordability,0
4478,friends of patrick connelly,0
4479,western pennsylvania pac,0
4480,westmoreland bar retention committee for judge hathaway,0
4481,citizens to retain judge pam ruest,0
4482,montgomery county democratic womens leadership initiative,0
4483,friends of dan demarco,0
4484,rullo for judge,0
4485,daniel w. rullo,1
4486,berks co rep co,0
4487,conservation voters of pa action fund,0
4488,"tioga co dem party c/o treasurer, robert wooley",0
4489,fulton co rep committee,0
4490,local 81 ibew c/o treasurer paul casparro,0
4491,while rose pac,0
4492,pgh fire fighters local #1 pac fund,0
4493,local 0130 laborers pac,0
4494,"coles, sekela friends for",0
4495,"walsh, joseph citizens to elect judge",0
4496,trappe first,0
4497,pamela a. ruest,1
4498,upper gwynedd township republican committee,0
4499,montgomery twp republican committee,0
4500,horsham rep party,0
4501,"schaefer, elaine friends of",0
4502,armstrong co dem com,0
4503,local 830 teamsters pac,0
4504,"thompson, robert for senate",0
4505,"feliciani, westmoreland bar retention",0
4506,powr pac of women republicans,0
4507,tms corporation pac,0
4508,huntingdon county dem com,0
4509,d.r.i.v.e.,0
4510,chester county democratic womens leadership initiative,0
4511,perry co rep committee,0
4512,"whelan, jack for judge",0
4513,"boyle, michelle elect",0
4514,united democrate of mt pleasant township,0
4515,emerge usa pa,0
4516,friends of michael corr,0
4517,road forward pa,0
4518,pa pro life fed state pac,0
4519,"keystone fund, the",0
4520,jenkintown dem com,0
4521,"dastra, tony for mayor",0
4522,"king, richard, committee to elect",0
4523,berks county community for affordable housing,0
4524,montour co rep com,0
4525,"mcginn, joe friends of",0
4526,"griffin, david friends of",0
4527,committee to elect sandra thompson judge,0
4528,pat meehan for congress,0
4529,friends of the 58th ward executive committee,0
4530,cambria co rep com,0
4531,ceisler for pa,0
4532,judy hines for state representative,0
4533,school nurse pac c/o susan dalton,0
4534,local 0044 sheetmetal wrkrs pol act leag,0
4535,"ramirez, fred friends of",0
4536,the honorable kelly eileen bigley,1
4537,the honorable michael e. mccarthy,1
4538,columbia co rep com,0
4539,ward 19 exec com,0
4540,committee to elect nate craig,0
4541,neuman for judge,0
4542,"mcclister, chase gray ",1
4543,mary mcginley for judge,0
4544,"steinberg, robert for retention committee",0
4545,"rebarchak , jody friends of",0
4546,"abney, aerion friends of",0
4547,"rodriguez, emily for pennsylvania",0
4548,philadelphia grand renewal fund,0
4549,"popovich, mary friends of",0
4550,"solobay, tim com to elect                                   ",0
4551,"jansen, matt friends of",0
4552,argentum's silver pac,0
4553,"ciresi, joe friend of",0
4554,"deasy, dan com to elect",0
4555,pa amusement &amp; music machine association pac (pamma pac) e/o treasurer joseph calla,0
4556,"ravenstahl, adam friends of",0
4557,alliance of automotive service providers of pa pac c/o bret fadely,0
4558,"monroe co democratic women, anne fetherman, treasurer",0
4559,"hanlon mirabito, molly com to elect",0
4560,"wheeland, jeffe friends of",0
4561,punxsutawney area republican committee,0
4562,"block, philip friends",0
4563,"pyle, jeff friends of",0
4564,green party of philadelphia,0
4565,indiana armstrong builders for affordable housing,0
4566,"fike, harry the friends of",0
4567,tioga co dem com c/o treasurer robert h. wooley,0
4568,"bradford co council, rep women",0
4569,"michalek, gregory committee to elect",0
4570,tri-county fed of dem women,0
4571,pa assn of milk dealers (pamd),0
4572,"thomson, rhodes &amp; cowie pc pac",0
4573,"hartwick, george iii citizens for",0
4574,defending the taxpayer c/o joann cardello,0
4575,committee to elect a republican council,0
4576,"zupancic, joe friends of",0
4577,cgi technologies and solutions inc. pac,0
4578,gillespie keith - team gillespie,0
4579,"boling, daryl friends of-common sense for the commonwealth",0
4580,ward 58 dem com of philadelphia,0
4581,juniata county republican women,0
4582,ward 5 republican committee,0
4583,"braslawsce, william friends of",0
4584,"nanes, ezra friends of",0
4585,"brooks, michele people to elect",0
4586,pa ag rep,0
4587,"logan, sean for senate",0
4588,uaw v-cap c/o gary casteel,0
4589,"kasunic, richard a. camp comm, % richard a. kasunic treas",0
4590,pa social work pace,0
4591,radnor twp dem com,0
4592,"wuf political action fund c/o: robert l. kmecak, jr., secretary-treasurer",0
4593,"gleim, barbara citizens for",0
4594,"farry, frank friends of",0
4595,pennsylvania democratic state committee new americans caucas,0
4596,"marshall, brian citizens for",0
4597,"marshall,brian k ",1
4598,"mahoney, tim committee to re-elect",0
4599,"te connectivity, inc. political action committee telpac",0
4600,anadarko petroleum corporation political action committee,0
4601,dr pepper snapple group pac,0
4602,mango for governor,0
4603,campaign for quality schools-pittsburgh,0
4604,northeast regional council of carpenters pec - pa,0
4605,walgreen co pac,0
4606,"dougherty, patrick for judge",0
4607,friends of mark pinsley,0
4608,national association of letter carriers of u.s.a. political fund (letter carrier political,0
4609,local 405 iron workers pac,0
4610,firepac - philadelphia,0
4611,phila future pac,0
4612,take back pa,0
4613,"lewis, kelly r",0
4614,"denham, joe committee to elect",0
4615,"enterprise holdings, inc.  political action committee",0
4616,keystone republicans for visionary change ,0
4617,pa towing assn                                              ,0
4618,the trustwave pac,0
4619,"andreassi, scott for judge",0
4620,"helm, sue for st house com                                  ",0
4621,"bartoli, anthony vote",0
4622,friends of maggie borski,0
4623,"wyatt, tom south philly for",0
4624,the people&#39;s pac,0
4625,pennsylvania for tax fairness,0
4626,"english, hal friends of",0
4627,david wills house pac,0
4628,"laughlin, dan committee to elect",0
4629,committee to elect john taylor,0
4630,"clark, mike for judge",0
4631,4 we the people-cook,0
4632,tinibum township republican finance committee,0
4633,pgh metro builders (housing industry for resp govt),0
4634,york - democratic society of,0
4635,york-democratic society of,0
4636,democratic society of,0
4637,"paulson, gregory for pa senate",0
4638,"cardillo, catherine judge",0
4639,"peck, michele zappala com to elect                          ",0
4640,"korbel, sabrina for judge",0
4641,morrisons cove rep club                                     ,0
4642,"howsie, elliot friends of",0
4643,friends of cheri honkala,0
4644,sears for state house,0
4645,belfanti robert rep. p,0
4646,green party of delaware county,0
4647,chamberphl pac,0
4648,pennoni pac,0
4649,nfg papac national fuel gas patricia m. delavern,0
4650,"western pennsylvania pac c/o: robert l. kmecak, jr. sec/treasurer",0
4651,montgomery county republican comm,0
4652,"dickie mccamey &amp; chilcote, political action committee",0
4653,committee to elect judge serratelli,0
4654,timothy barry for commonwealth court committee,0
4655,friends of glick,0
4656,"pittsburgh federation of teachers, pft400",0
4657,mermelstein for judge,0
4658,friends of sallie mundy,0
4659,giordano for judge,0
4660,committee to elect judge paula patrick to superior court,0
4661,david barton 2017 committee,0
4662,pennsylvania committee for affordable housing/joseph harcum treasurer,0
4663,committee to elect mike caum district judge,0
4664,rebecca warren for superior court,0
4665,neighbors for kevin ressler,0
4666,franklin county republican committee,0
4667,herco inc pac,0
4668,committee to elect eric solomon,0
4669,campaign for qualified judges,0
4670,bedford cty. republican committee,0
4671,friends of ward 39b,0
4672,citizens for george p. hartwick iii,0
4673,local 592 cement masons &amp; plasterers,0
4674,committee to elect david neely judge,0
4675,friends of marty qually,0
4676,"tioga county democratic party c/o treasurer, robt h. wooley",0
4677,fulton county committee,0
4678,local 81 ibew c/o treasurer rick schraeder,0
4679,"pritchard, eric j",0
4680,bethlehem city democratic committee,0
4681,48th democratic ward,0
4682,judge joe cosgrove for pa,0
4683,friends of david griffin,0
4684,friends of jim raith,0
4685,mary kilgus,0
4686,21st ward citizens for good government,0
4687,republican committee of lower merion &amp; narberth,0
4688,"pittsburgh federation of teachers, pft 400",0
4689,goodman for judge,0
4690,43rd ward democratic executive committee,0
4691,crystal powell for judge,0
4692,washington county democrats committee,0
4693,mann for judge committee,0
4694,friends of chuck hobbs,0
4695,committee to elect lawrence j. bozzelli,0
4696,sherman toppin,0
4697,committee to re elect sandra major,0
4698,boscov's pac c/o treasurer dean e. sheaffer,0
4699,montour co. republican committee,0
4700,peter vaughn for judge,0
4701,pa radiological society (pa radpac),0
4702,patriot pac,0
4703,jack whelan for judge,0
4704,colorofchange pac,0
4705,fraternal association of professional paramedics,0
4706,citizens to elect judge joe walsh,0
4707,elect sweeney district judge,0
4708,"toll bros, inc pac",0
4709,lead pac,0
4710,neighborhood networks ie pac                          ,0
4711,pennsylvanians for well qualified judges,0
4712,mid penn bank pac,0
4713,voice of housing of chester delaware co,0
4714,pa dem caucus county commrs,0
4715,"goodman, neal friend of",0
4716,citizens for george p. hartluck iii,0
4717,"bane, john p",0
4718,"mcclister, chase for judge",0
4719,friends of maureen madden,0
4720,"andreassi,scott j ",1
4721,keystone priorities state pac,0
4722,community candidates for east pennsboro,0
4723,ross township republican committee,0
4724,aston township republican party,0
4725,ward 56 dem com friends of,0
4726,rac pac,0
4727,pittston area fed of teachers,0
4728,"dent, charlie for congress",0
4729,fulton county rep com,0
4730,"o'neill, bernie friends of",0
4731,"miccarelli, nick friends of",0
4732,international association of heat and frost insultors and allied workers political action committee,0
4733,committee to elect heath himes,0
4734,"ruest, pamela a ",1
4735,first responders of western pa pac,0
4736,"neuman, brandon friends of",0
4737,pa radiological society (paradpac),0
4738,"allone health resources, inc. pac",0
4739,"york building products co., inc., political action committee",0
4740,committee to elect richard king,0
4741,friends of philip block,0
4742,"tioga democratic party c/o treasurer, robert h. wooley",0
4743,"tri-county democrats (berks, chester, mont)",0
4744,"driscoll, mike friends of",0
4745,mcnally for judge,0
4746,montgomery twp rep com,0
4747,area 9 rep com,0
4748,krawchuk '18,0
4749,"lang, adam for state representative",0
4750,road forward pennsylvania,0
4751,howard f knisely,1
4752,"murray,mary p ",1
4753,"shahen,mitchell p ",1
4754,penn communities organizing for change pac,0
4755,"zappala, stephen a for pennsylvania",0
4756,kim tesla,1
4757,"hickernell, dave friends of",0
4758,leonard s deutchman,1
4759,"deluca, anthony for leg com",0
4760,"zimmerman, dave supporters of",0
4761,"brown, rosemary for state rep",0
4762,friends of warren kampf,0
4763,"weaver, linda friends of",0
4764,macoretta for judge,0
4765,"korns, michael friends of",0
4766,"weidman, david friends of",0
4767,constitution party pennsylvania,0
4768,abington township rockledge borough republican organization (atro),0
4769,"bradford county democratic committee c/o jeffrey m. gonzalez, treasurer",0
4770,5th ward democratic executive cmte,0
4771,general building contractors assn pac (gbca pac),0
4772,friends of andy lee,0
4773,area ii gop,0
4774,upper darby rep camp committee,0
4775,amalgamated transit union cope account vol. fund,0
4776,friends of jim knapp,0
4777,val digiorgio for pa gop chairman,0
4778,friends of brian gondek,0
4779,ray sosa for a better pennsylvania,0
4780,local 2026 faculty fed/comm college,0
4781,american muslim democratic committee,0
4782,elect michelle boyle,0
4783,clark mitchell,0
4784,pamela s. wilson,1
4785,"lynch, jessica friends of for judge",0
4786,friends of donald cunningham,0
4787,wayne co builders for afford housing,0
4788,"black, jeff friends of",0
4789,"jefferson county democratic com (carole a. briggs, treasurer)",0
4790,"conklin, scott friends of",0
4791,citizens networking 4 progress,0
4792,"mayernik, dave comm. to elect",0
4793,engie north america inc. political action commitee (ena pac),0
4794,talen energy corporation pac,0
4795,friends of tom lynch,0
4796,venango co dem com-61,0
4797,chairman's pac/bill cole,0
4798,turn out pac,0
4799,friends of casey mcclain,0
4800,engineers political education committee (epec)/international union of operating engineers,0
4801,lehman for pa,0
4802,schuylkill bar pac                                          ,0
4803,brian fitzpatrick for congress,0
4804,local no. 5 pac fund iuec,0
4805,schreiber for york,0
4806,mont county rep women's leadership,0
4807,washington county republican party,0
4808,pa diatetic assn,0
4809,the campaign for equality in pennsylvania,0
4810,committee to elect dan butler judge,0
4811,"ed eichenlaub, eich, ed friends of",0
4812,campaign for theresa wright,0
4813,bernard a williams for state representative,0
4814,matthew j. darragh,0
4815,jeffrey mcguire,0
4816,"wayland, sean patrick committee to elect",0
4817,cheltenham twp dem party of,0
4818,cheltenham twp dem party,0
4819,"murt, tom friends of                                        ",0
4820,int.l longshoremen's assoc.local 1291 pac,0
4821,ksmrs pac,0
4822,"micozzie, nicholas friends of                               ",0
4823,"keep judge spurgeon (f/k/a spurgeon for judge); c/o eric l. bradley, treasurer",0
4824,friends of joe pitts,0
4825,lancaster county association of realtors political action committees,0
4826,run with rossi,0
4827,mercer county democrat committee,0
4828,north star pac c/o daphne goggins,0
4829,"mackereth, beverly",0
4830,"butt, jim friends of",0
4831,"clark, michael t ",1
4832,transystems corporation pac,0
4833,"cervone, jason friends of",0
4834,society for leading ledgislation on transportation,0
4835,amber anstine kraft for judge,0
4836,committee to elect janine edwards,0
4837,friends of dawn tancredi,0
4838,"stern, jerry for assembly",0
4839,"butchko, dominic j friends of",0
4840,northeast regional council of carpenters  pec-pa,0
4841,wells fargo &amp; co. connecticut employees good government fund,0
4842,wendy g. rothstein for judge,0
4843,friends of rob wilkinson,0
4844,lackawanna co rep party of,0
4845,lawpac (pa association for justice),0
4846,pgh firefighters local #1 fire pac,0
4847,local 0030 teamsters pac,0
4848,pa com for affordable housing,0
4849,ppg better govt team,0
4850,"stephens, todd friends of inc",0
4851,montgomery co rep com,0
4852,southeast regional pac (serpac),0
4853,pac 2005,0
4854,delaware co rep finance com,0
4855,pa. interested citizens pac (pic pac),0
4856,fulton co dem com,0
4857,tms international corporation pac,0
4858,franklin co rep com,0
4859,pard phil pac,0
4860,"block, philip friends of",0
4861,transport wrkrs local 234 cope,0
4862,juniata co rep com,0
4863,"pac pard philpac c/o burt zazlow, treasurer",0
4864,tom casciola election committee,0
4865,12th ward democratic executive committee,0
4866,hospital &amp; healthsystem assoc of pa pac (hapac),0
4867,"mcvay, jack for judge                                       ",0
4868,york county republican com,0
4869,jackie for judge committee,0
4870,jackie bernard,1
4871,pft pol action fund,0
4872,elephant fund,0
4873,united steelworkers of america pac,0
4874,dauphin county republican com,0
4875,"stedman, craig friends of",0
4876,"martin, scott friends of",0
4877,"white, dave friends of",0
4878,nichols for pa,0
4879,"monroe energy, llc fueling the climb political action committee",0
4880,united steelworkers of america,0
4881,ward 35 dems friends of,0
4882,robert thompson committee,0
4883,lower merion &amp; narberth rep com,0
4884,berks co rep com,0
4885,luzerne county republican party,0
4886,philadelphia dem campaign com of,0
4887,"clark, irene for judge",0
4888,"mcglaughlin, ron for judge",0
4889,ronald s mcglaughlin,1
4890,friends of dan gilman,0
4891,southeast pa citizens for honorable elected official,0
4892,"kopas, committee for",0
4893,regular republican campaign committee of chester,0
4894,horsham republican committee,0
4895,university city republican committee,0
4896,6th ward democratic committee,0
4897,committee to elect kelly eckel,0
4898,local 0250 teamsters political action committe (charles gaston),0
4899,fayette republican committee,0
4900,25th ward democratic club,0
4901,school nurse pac fund c/o susan dalton,0
4902,"united democrat committee of mt pleasant, scottdale east huntindo",0
4903,ulli pac,0
4904,pamela wilson for judge,1
4905,"ercoli, chris",0
4906,smart local #44 political action comm,0
4907,committee to elect janine edwards judge,0
4908,marvin l. williams,1
4909,"argall, david volunteers for",0
4910,donald r. totaro,1
4911,sandra thompson,1
4912,wade kagarise,1
4913,"monzo, lisa friends of",0
4914,jeffrey j. reich,1
4915,"hackman, christopher a",1
4916,gregory h. chelak,1
4917,"prendergast,kathleen  j. ",1
4918,"deleon, james maurice iii",1
4919,joyce o webb eubanks,1
4920,"saltz, jeff for judge",0
4921,brad moss,1
4922,"deleon, james com to reelect judge",0
4923,"morris, royce for judge",0
4924,"cannon fizzano, christine friends of",0
4925,"clemons,lucretia c ",1
4926,macy&#39;s inc. retail issues fund                              ,0
4927,"murphy, terrence j ",0
4928,"teva pharmaceuticals usa inc. political action committee (teva pac"")""",0
4929,"scandale murnin, cheryl friends of",0
4930,"apollo education group, inc. state pac",0
4931,friends of mike o'pake for district attorney,0
4932,school nurse pac,0
4933,friends of braslawsce,0
4934,friends of dave hall,0
4935,ward 44,0
4936,gang of 100,0
4937,central susquehanna builders association,0
4938,warren co rep com,0
4939,tinicum township republican finance,0
4940,the friends of claudette,0
4941,lawrence krasner for district attorney,0
4942,"ciach, michael j friends of",0
4943,"eckel, kelly d ",1
4944,"barish, wendi friends of ",0
4945,moniak for judge committee,0
4946,committee to re-elect albert j augustine magistererial judge,0
4947,lucinda little,1
4948,friends of lucinda little,0
4949,"mccabe, christopher i. ",1
4950,"mclaughlin, brian  ",1
4951,"mclaughlin, brian committee to elect",0
4952,sallie mundy,1
4953,"berardinelli, james f ",1
4954,charles j. hobbs,1
4955,"moniak,stephen  ",1
4956,"bompiani, anthony committee to elect",0
4957,firends of cheri honkala,0
4958,cheri honkala,1
4959,"kyriakakis, anthony for judge",0
4960,"furlong, vincent  ",1
4961,ward 08 dem exec com                                        ,0
4962,"decostro, deborah l ",1
4963,people for menges for judge,0
4964,"moulton, h geoffrey jr",1
4965,voice of housing of chester/delaware,0
4966,"pennsylvania committee for affordable housing/joseph harcum, treasurer",0
4967,say no to robot rob,0
4968,"dougherty, patrick   ",1
4969,"van mol, hans friends of",0
4970,springfield twp dem (mont. co),0
4971,afscme council 13 pol &amp; leg acct,0
4972,hershey co pac (hcpac),0
4973,"kilgus, mary committee to elect judge",0
4974,clarion co dem com c/o jennifer vinson,0
4975,"nfg papac national fuel gas patricia m. delavern, tresurer",0
4976,wsp usa pac,0
4977,"goodman, neal friends of",0
4978,indiana co rep com,0
4979,"tioga co dem com c/o treasurer, robert wooley",0
4980,hapco-pac (homeowners assn of phila),0
4981,friends of elaine schaefer,0
4982,montgomery county democratic women's leadership initiative,0
4983,smart local #44 political action committee,0
4984,"fgsm, p.c. pac",0
4985,local 0250 teamsters,0
4986,cement masons and plasterers local 592 pac,0
4987,erie co dem com pac,0
4988,teamsters jt council no. 53 pac drive,0
4989,mifflin co rep com,0
4990,pottsville city dem com,0
4991,"dickie, mccarney &amp; chilcote political action committee",0
4992,lycoming co dem com,0
4993,galloway john - for state rep,0
4994,york co rep com (operating),0
4995,better pa pac,0
4996,teamsters local 384 pac                                     ,0
4997,local 0830 teamsters pac,0
4998,intl brotherhood of electrical workers political action committee,0
4999,phila fed credit union pac,0
5000,local 0542 iuoe oper eng (norristn),0
5001,friends with dana,0
5002,"gallagher, ryan friends of",0
5003,ridley twp rep campaign fund,0
5004,phila builders for affordable housing,0
5005,the east wind project,0
5006,blawnox dem party,0
5007,local 0001 bac pac (bricklayers),0
5008,towamencin rep com,0
5009,lower providence rep com,0
5010,upper moreland repub com,0
5011,pft pol. action fund (pgh fed teachers),0
5012,lucretia clemons for judge,0
5013,"woodruff, dwayne d ",1
5014,"moore, mark j frends of",0
5015,ward 25 dem club                                            ,0
5016,"marsico, ed friends of              ",0
5017,"decostro,deborah l ",1
5018,"silvis,james philip ",1
5019,judge furlong election committee,0
5020,"shaffer, zac friends of",0
5021,"wolf, matt committee to elect",0
5022,"wolf, matt s ",1
5023,"lupas, david  w ",1
5024,stephen g. baratta,1
5025,"shahen, mitchell committee to elect judge",0
5026,"furlong,vincent ",1
5027,michael erdos,1
5028,"brumbach, marissa joan",1
5029,"mehaffie, tom friends of",0
5030,linda a. carpenter,1
5031,phil melograne,1
5032,"cohen, mark for judge",0
5033,"boyd,tina ",1
5034,itc holdings corp. pac,0
5035,rozman for judge,0
5036,todd debra for justice com,0
5037,neuman for pa,0
5038,irene m. clark,1
5039,joseph p. walsh,1
5040,"thompson, sandra com to elect judge",1
5041,"prendergast, kathleen",1
5042,"shaffer, zac",1
5043,"vedder,clyde w ",1
5044,36th ward committee pac,0
5045,school police assn-committee for safe schools,0
5046,"judge tesla, kim committee to retain",0
5047,"new, robbins shelley",1
5048,jewish community pac of pgh,0
5049,greater lehigh valley realtors pac,0
5050,sottile for judge,0
5051,pa manufactured housing pac c/o treas: mike sienkiewicz &amp; sienkiewicz holdi,0
5052,laborer's local union no. 130,0
5053,southeast regional pac (serpa),0
5054,friends of matthew currie monroe,0
5055,"ravenstahl, adam friends of                                 ",0
5056,w.m. democrats for progress,0
5057,manheim township democrate club,0
5058,west chester millennial congress,0
5059,committee to retain judge kim tesla,0
5060,payr pac,0
5061,"sulman,daniel r ",1
5062,"roberts, joshua h ",1
5063,"confer jr, roan  committee to elect",0
5064,"confer, roan j jr",1
5065,mark cohen for judge,0
5066,"linhardt,eric r ",1
5067,"clemons, lucretia c ",1
5068,thomas a. kauffman for judge committee,0
5069,seafarers political activity donation,0
5070,26th ward republican executive committee,0
5071,"ben for berks (nevius, ben for berks)",0
5072,timothy barry for commonwealth court,0
5073,dnb financial good govt pac                                 ,0
5074,retention 17,0
5075,keystone leader's pac,0
5076,"reese, george friends of",0
5077,"eckel,kelly d ",1
5078,friends of chuck mcillhinney,0
5079,"harper, kate friends of",0
5080,delaware co rep women's com,0
5081,lcar-pac,0
5082,delaware co rep state com of,0
5083,"nevius, john benjamin ",1
5084,"connelly,patrick ",1
5085,susquehanna co rep com,0
5086,bracey for mayor committee,0
5087,ross twp republican com,0
5088,brush wellman good govt fund,0
5089,"james, r lee com to elect state representative",0
5090,fayette rep com,0
5091,"mcilhinney, chuck friends of",0
5092,guy k bard dem club,0
5093,committee to elect joseph e sinnett,0
5094,wyoming co dem,0
5095,dist 1199c pac,0
5096,friends of linda fields,0
5097,teamsters local # 30 political action committee,0
5098,pike co dem committee,0
5099,tobash for a better 125th,0
5100,friends for justin walsh,0
5101,northeast republican house delegation,0
5102,honesty integrity &amp; performance committee,0
5103,"their party, your problem pac",0
5104,fund for a better pennsylvania pac,0
5105,washington co dem com,0
5106,judeg joe cosgrove for pa,0
5107,arise usa pac,0
5108,jones mike-jones for pa,0
5109,ward 01 rep com,0
5110,voit for pa,0
5111,perkiomen township republican committee,0
5112,callender for pa,0
5113,friends of madeleine dean,0
5114,"liriano, cesar for the 101",0
5115,"collett, maria",0
5116,hospital & healthsystem assoc of pa pac(hapac)              ,0
5117,"wirs, peter friends of",0
5118,"seale, kristin committee to elect ",0
5119,friends of rick nelms,0
5120,papsa,0
5121,"maxwell, josh committee to elect",0
5122,"patel, ayaan anand",0
5123,school police assn of phila com for safe schools,0
5124,chartwell law pac,0
5125,"hines, judy for state representative",0
5126,"hanbidge, liz friends of",0
5127,united dem com of mt pleasant twp,0
5128,greater mon valley pac,0
5129,"o'brien, mike citizens to elect",0
5130,"benyak, alan friends of",0
5131,kunselman 2017,0
5132,psna pac (pa state nurses assn),0
5133,huntingdon co dem com,0
5134,worcester twp rep com,0
5135,moving philly forward,0
5136,"saccone, rick friends of",0
5137,"castille, ron friends of",0
5138,"pawlowski, ed friends of",0
5139,allegheny co dem com,0
5140,"crawford, rosemary the committee to elect judge",0
5141,"gilman, dan friends of",0
5142,friends of fred ramirez,0
5143,"gainey, edward friends of",0
5144,friends of ethan keedy,0
5145,bedford co rep com,0
5146,sullivan co dem com,0
5147,"fazio, amy for pa",0
5148,1st ward gop,0
5149,musto raphael senate committee,0
5150,pa young democrats,0
5151,citizens for a better pennsylvania,0
5152,pio for pa,0
5153,chester co. chamber pac,0
5154,pa court reporters association pac (pcra),0
5155,"devine, michael friends of",0
5156,moulton 2017,0
5157,"eckel, kelly committee to elect",0
5158,our turn pac,0
5159,friends of james craig,0
5160,rep state com of pennsylvania,0
5161,orthopac,0
5162,centre park political action committee,0
5163,pro-life political development com se pa,0
5164,"pallone, frank jr for magisterial district judg",0
5165,bucks county progressive action fund,0
5166,"burke, laura elect",0
5167,trinity industries employee pac                             ,0
5168,invenergy pac,0
5169,"murphy, tim for congress                                     ",0
5170,"marino, thomas for congress",0
5171,"behrens, justin friends for",0
5172,"yaw, gene friends of for senate",0
5173,ward 41 friends of the dems,0
5174,house dem campaign com,0
5175,allentown city dem com,0
5176,local 0032bj seiu american dream fund,0
5177,venango co. rep. comm,0
5178,zeneca inc. political action committee (az pac),0
5179,dlcc pennsylvania,0
5180,ward 31 pac 31 31st ward dem ex com.,0
5181,philadelphia dem progressive caucus,0
5182,citizens to elect dwight evans,0
5183,"connelly, patrick  ",1
5184,"marshall, brian k ",1
5185,"knowles, jerry i&#39;m for com                                  ",0
5186,sunbury area dem com                                        ,0
5187,"steinke, paul friends of",0
5188,"cozen, o'connor political action committee",0
5189,pharmpac (pa pharmacy pac),0
5190,upper morelana republican committee,0
5191,friends of noah marlier,0
5192,committee to elect harry lewis jr,0
5193,nfgpac national fuel gas,0
5194,"kaplin stewart meloff reiter &amp; stein, p.c. c/o neil a. stein, esquire",0
5195,bill rice for judge,0
5196,"szefi, andy for judge",0
5197,pa manufactured housing pac c/o treas: mike sienkiewicz &amp; sienkiewicz holding,0
5198,custom pac c/o treas: james b. ohrn,0
5199,mcguire for judge,0
5200,bedford republican committee,0
5201,friends of jamie santona,0
5202,local 0095 intl union operating eng,0
5203,lawrence j. bozzelli,0
5204,ronald g. henry,0
5205,zac shaffer,1
5206,jennifer schultz,1
5207,jeffrey allen conrad,1
5208,john macoretta,1
5209,financial businesspersons assn,0
5210,"ruest, pam citizens to retain judge",0
5211,bucks/montgomery committee for housing afforability,0
5212,northumberland co rep com,0
5213,matthew menges,1
5214,"crystal b. powell, esquire",1
5215,"patrick, paula committee to elect judge to superior court",0
5216,monroe co democratic honorary society,0
5217,mifflin co dem com,0
5218,local 0542 pgh sprinkler fitters,0
5219,potter co rep com                                           ,0
5220,ufcw (untd food/comm wrkr act ballot clb),0
5221,"mundy, sallie friends of",0
5222,"qually, marty friends of",0
5223,21st century township,0
5224,"todd, debra committee to retain justice",0
5225,"mcclister,chase gray ",1
5226,"nevius, ben for berks",0
5227,"notarianni, jay for pa com",0
5228,wayne co rep com,0
5229,carbon co. dem com,0
5230,"york builders association, inc.",0
5231,lower makefield dem club,0
5232,bethlehem dem city com,0
5233,"bikers pac bikepac c/o carol umbenhauer, treasurer",0
5234,"lower macungie republican committee c/o marilyn l. marles, treasurer",0
5235,local 0012 sheet metal wrks pac,0
5236,tms int corporation pac,0
5237,foundrymen's association pac,0
5238,ksmrs,0
5239,tenet healthcare corp pac                                   ,0
5240,"pa, automatic merchandising council mark craney",0
5241,north pittsburgh democratic volunteer corps,0
5242,keaton associates pac,0
5243,"wolfkiel, rebeccah",0
5244,"severoni, anthony",0
5245,equality pa pac,0
5246,"ceisler, ellen  ",1
5247,"leach, daylin daypac",0
5248,office/prof empl union (vote),0
5249,harper kate friends of,0
5250,"tallman, will - willftallman.com",0
5251,"hughes, vincent citizens for",0
5252,ward 17 democratic executive committee,0
5253,ward 17 dem executive com,0
5254,"canty,deborah l ",1
5255,"tomlinson, robt tommy"" for state sen""",0
5256,camera for senate,0
5257,carolyn nichols,1
5258,"honkala, cheri friends of",0
5259,christian dicicco,1
5260,friends of alex charlton,0
5261,"george r. twardy, jr.",1
5262,"greenleaf, stewart citizens for",0
5263,milliron goodman pac,0
5264,regular republican organization of prospect park,0
5265,citizens for integrity,0
5266,michael baker international holdco company political action committee (michael baker international pac),0
5267,local 0107 teamsters,0
5268,chase mcclister for judge,0
5269,chase mcclister,1
5270,ben for berks,0
5271,"j. benjamin (ben"") nevius""",1
5272,committee for fiscal responsibility 20130376,0
5273,friends of ryan gallagher 20160022,0
5274,elect sweeney for district judge,0
5275,lower bucks leadership fund 2002345 pac,0
5276,erie refocused pac,0
5277,elect judge trauger,0
5278,walter timothy barry,1
5279,friends of emilio,0
5280,bradford county democratic committee (c/o jeffrey m. gonzalez),0
5281,friends of marc grammes,0
5282,local 0500 political;action fund,0
5283,friends of patrick conelly,0
5284,andreassi for judge,0
5285,citizens for joyce,0
5286,the committee to elect mitchell p. shahen judge,0
5287,bring babette back,0
5288,patrick brier,0
5289,"sandra thompson, candidate judge york county court of common pleas",0
5290,amalgamated transit union cope acct. vol. fund,0
5291,bloc party,0
5292,working families party independent expenditure committee,0
5293,"clark,michael t ",1
5294,western pa laborers pac,0
5295,robert steinberg,1
5296,indian valley dem com,0
5297,"metcalfe, douglas for pa",0
5298,"petri, scott a friends of",0
5299,"quinn, marguerite friends of",0
5300,intl brotherhood electrical workers,0
5301,"faccrw (first armstrong county council of republican women) c/o myra l. miller, treasurer",0
5302,"caltagirone, thomas friends of",0
5303,irene for judge,0
5304,local 0354 pac,0
5305,pard phil. pac,0
5306,penn business pac,0
5307,pa automotive association political action committee,0
5308,pa. interested citizens pac,0
5309,local #30 teamsters political action committee,0
5310,p.h.b.a.,0
5311,"fgsm, p.c.",0
5312,custom pac c/o james b. ohrn,0
5313,kutztown area dem club,0
5314,tredyffrin twp dem committee,0
5315,sullivan county rep committee,0
5316,"york building products co., inc. political action committee",0
5317,the honorable cathleen bubash,1
5318,"the honorable john t. mcvay, jr.",1
5319,columbia co dem com,0
5320,the honorable jacqueline o. shogan,1
5321,"mt. lebanon dem com c/o geoffrey r. hurd, treasurer",0
5322,friend's of rick nelms,0
5323,hershey co political action committee (hcpac),0
5324,comcast corp &amp; nbcuniversal political action committee - usa,0
5325,michael baker international political action committee (michael baker international pac),0
5326,"roe, eric friends of campaign finance com",0
5327,carolyn nichols (candidate),1
5328,"shaffer, jeremy friends of",0
5329,citizens for michael geiselhart,0
5330,north star pac,0
5331,bikers pac bikepac c/o carol unbenhauer treasurer,0
5332,"walker-montgomery, v fawn committee to elect",0
5333,"davis, austin friends of",0
5334,friends of gary scarpello,0
5335,ward 14 dem exec com,0
5336,"hays, mike friends of",0
5337,"corcoran, joseph j. for pa senate com                       ",0
5338,ward 66-a friends of the,0
5339,"gabler, matt friends of",0
5340,property casualty insurers pac                     ,0
5341,vote the odds,0
5342,union co rep com,0
5343,"schweiker, mark citizens for",0
5344,"schemel, paul committee to elect",0
5345,friends of education in west mifflin &amp; whitaker,0
5346,the hershey co political action committee (hcpac),0
5347,chester co rep com of,0
5348,laborers local 1174 pol action,0
5349,"shaw, andy friends of",0
5350,unisys corporation employees pac,0
5351,chester county rep com,0
5352,"freeman, robert com to elect",0
5353,"diamond, russ friends of",0
5354,"shusterman, melissa friends of",0
5355,"panepinto, paul p. friends of judge",0
5356,"harkins, pat friends of",0
5357,"irvin, rich committee to elect",0
5358,"fabrizo, flo com to elect",0
5359,franklin park rep. comm c/o laura coombs,0
5360,democratic committee of sharon hill,0
5361,"quigley, tom com to elect",0
5362,local 0044 sheet metal wrkrs pol act leag,0
5363,juniata co dem com                                          ,0
5364,the scotts miracle-gro co stewardship pac,0
5365,select medical corporation pac,0
5366,purdue pharma inc. political action committee (purdue pac),0
5367,"evankovich, eli friends of                                   ",0
5368,"probst, tarah friends of",0
5369,parts pac pa automotive recycling trade soc,0
5370,local 0107 pac teamsters,0
5371,women's political action committee of nepa,0
5372,costello ryan for congress,0
5373,rural conservatives of pennsylvania,0
5374,c/o treas: paula bronstein - pa ballot access coalition,0
5375,ue local 506 legislative action committee,0
5376,turn chester county blue,0
5377,green party of delaware county pa,0
5378,clinton co dem committee,0
5379,coaltion for real leadership,0
5380,aft-pennsylvania,0
5381,"snell, steve for pa house committee",0
5382,dynegy inc. good government fund,0
5383,"didonato, nicholas j jr friends of",0
5384,"hendricks, rachel friends of",0
5385,regional leaders,0
5386,miller dan friends of,0
5387,rpm international inc manufacturing in america pac dba rpm manufacturing in america pac,0
5388,rural leaders pac,0
5389,citizens for sara,0
5390,the caterpillar inc. employee political action committee,0
5391,re-elect angel cruz for the 180th,0
5392,"washington, craig m com to retain judge                     ",0
5393,voice of housing of chester &amp; delaware,0
5394,58 ward democratic philadelphia,0
5395,lower makefield democratic club 9500217,0
5396,"naylor, dan friends of                                       ",0
5397,moveon.org political action,0
5398,pennsylvania video gaming association pac (pavga pac),0
5399,committee to elect deborah clanfrani,0
5400,"woodruff,dwayne d ",1
5401,roberts for judge,0
5402,"macoretta, john angelo ",1
5403,"mclaughlin, maria",1
5404,jeffery d. wright,1
5405,"brumbach,marissa joan ",1
5406,"wolf,matt s ",1
5407,rosalyn k. robinson,1
5408,m. teresa sarmina,1
5409,excellence in goverment comm,0
5410,"dorney, samantha x ",1
5411,casa- commonwealth association of school administrators,0
5412,bradford county-republican committee,0
5413,"pa com for affordable housing/joseph harcum, treasurer",0
5414,phila dem campaign com of,0
5415,"rodriguez, adam committee to elect",0
5416,mercer county dem women of,0
5417,american insurance association political action committee state individual account,0
5418,mckean county republican,0
5419,ufcw,0
5420,team bream,0
5421,beaver county dem committee,0
5422,"urban engineers, inc. pac",0
5423,friends of ernest lemoncelli,0
5424,"sernell, joseph committee to elect",0
5425,capital region stonewall dems                               ,0
5426,transport workrs union local 234,0
5427,"berringer, aryanna join",0
5428,ellsworth for governor,0
5429,state conservation voters action fund,0
5430,sprint corporation pac                                      ,0
5431,pa reynolds american inc pac               ,0
5432,jpmorgan chase & co. pac,0
5433,"dethomas, joseph friends of",0
5434,phila leadership council                                    ,0
5435,lcv political engagement fund,0
5436,bristol-myers squibb co. employee political advocacy fund for innovation,0
5437,"covestropac, a political action committee of covestro llc",0
5438,"molloy, martin friends of",0
5439,campaign for compassion committee,0
5440,"wilkins, charles friends of",0
5441,friends of diane cornman-levy,0
5442,rep friends of area 4,0
5443,"team to elect lawrence wojcik, jr.",0
5444,"dinniman, andy friends of",0
5445,pa truck pac,0
5446,"mauck, shawn for senate",0
5447,urologists for patients access to care pac (u-pac pac),0
5448,bowl pac (bowling proprietors assn),0
5449,pa society of physician assistants pac (pspa pac),0
5450,pa campground owners pac (pcoa pac),0
5451,(pdfa pac) pa deer farmers association pac,0
5452,(oto pac),0
5453,outdoor advertising association of pennsylvania pac (oaap pac),0
5454,"citizens for smaller government, inc.",0
5455,"t-mobile usa, inc. political action committee (t-pac)",0
5456,edgewood rep com,0
5457,friends of josh camson,0
5458,pa beverage association pac,0
5459,rga pennsylvania 2018 pac,0
5460,"dowling, mathew friends of",0
5461,"applebach, tom friends of",0
5462,"lee, summer friends of",0
5463,"outfront media, inc. political action committee (ofpac)",0
5464,"prospect medical holdings, inc. pac",0
5465,color of change pac,0
5466,rouse for pa,0
5467,joshua nulph for pennsylvania state house of representatives,0
5468,committee to elect frank pryor,0
5469,levdansky for legislature,0
5470,snyder co dem committee,0
5471,ruth mackley democratic club,0
5472,cna citizens for good government,0
5473,gp/np pac,0
5474,sunovion pharmaceuticals inc. good governance fund,0
5475,schuylkill co rep com,0
5476,chester co rep. com of,0
5477,"paphcc (pa assoc plumbing, heating cooling cont)",0
5478,"killough, doug for 53",0
5479,"ruest, pamela a",1
5480,"causer, martin friends of",0
5481,bipart pac/bank of ny mellon corp,0
5482,"walsh, stephanie friends of",0
5483,"hill, ronald friends of",0
5484,"harhart, julie com to elect",0
5485,"wansacz, jim friends of",0
5486,action for pa,0
5487,"kilkenny, sean elect",0
5488,"friends of glick, bryant",0
5489,phila pac,0
5490,h-tech pac,0
5491,srw &amp; a pac,0
5492,"hamby, dale  allen ",1
5493,citizens for pier hess,0
5494,friends of alan benyak,0
5495,alan benyak,1
5496,"pace, michael p ",1
5497,"williams, lloyd a friends of",0
5498,amalgamated transit union cope acct vol fund                ,0
5499,"nelson, eric r",1
5500,mark amsdell,1
5501,jarbola for judge                                ,0
5502,michael scott travis,1
5503,"rieger, christian m ",1
5504,"rieger, christian for pennsylvania",0
5505,american dental political action committee,0
5506,"costa, paul  ",1
5507,"mcdowell, latryse friends of",0
5508,pa horse breeder association - pac,0
5509,the committee to elect joe denham,0
5510,"edward joseph denham, do, jd",1
5511,"hall, alan m ",1
5512,kraig william bruder,1
5513,"siviy weldon, denise",0
5514,friends of nick selch,0
5515,"rohanna mcclure, elizabeth l ",1
5516,pennsylvania consulting engineers pac (pace pac),0
5517,windstream corporate pac,0
5518,voice of housing of chester/delaware counties,0
5519,friends of greg lucas,0
5520,friends of hans van mol,0
5521,christopher j beichner,1
5522,faccrw (first armstrong county council of republican women c/o myra l. miller,0
5523,carolyn t. comitta,1
5524,committee elect v faunwalker-montgomery,0
5525,local 0433 uwva c/o brian dixon,0
5526,vote for estilow,0
5527,friends to elect mark alterici,0
5528,"joseph wm billotte, ii",1
5529,friends of thaddues kirkland,0
5530,smith committee to elect for state representative,0
5531,john kluck,1
5532,friends of steven jones,1
5533,darryl thomas,1
5534,pottsville city dem com                                     ,0
5535,"holston, jr., joseph d.                                     ",0
5536,school police association - committee for safe schoold,0
5537,campaign for quality schools - pittsburgh,0
5538,"mccabe, william j. for judge now",0
5539,"mcdonald, robert john ",1
5540,"rossi, michael run with",0
5541,"madden, maureen e",1
5542,"reames, andre  ",1
5543,friends of neil,0
5544,"salka, rod friends of",0
5545,"warren,perry s jr",1
5546,"schaefer,elaine paul ",1
5547,pioforpa,0
5548,"rodgers-morrisette, patti friends of",0
5549,"popovich,mary e ",1
5550,jamar izzard,1
5551,mike hanna,1
5552,"hall, allan friends of",0
5553,jonathan a. fritz,1
5554,joanne jackson,1
5555,"charles mrlack, jr.",1
5556,friends of bill coyle,0
5557,friends of ryan gallagher,0
5558,friends for behrens,0
5559,ted smith,1
5560,justin behrens,1
5561,"groff, duane for state assembly",0
5562,"perry, patriots for",0
5563,"snyder, pamela  ",1
5564,lawpac (pa association for justice f/k/a pa trial association),0
5565,friends of patrick leyland,0
5566,kate klunk,1
5567,friends of cheryl scandale murnin,0
5568,friends to elect anthony scalfaro,0
5569,friends of linda weaver,1
5570,jannie l. blackwell,0
5571,"roae, bradley t ",1
5572,"zappala,stephen a ii",1
5573,"torsella ,joseph m ",1
5574,"disanto,giovanni m ",1
5575,"jackson, joanne friends of",0
5576,"hendricks, rachel lynn ",1
5577,"bagdes-canning, michael 2016",0
5578,"iezzi, linda",0
5579,citizens for mark amsdell,0
5580,betsy summers,1
5581,"iezzi,linda l ",1
5582,mark e amsdell,1
5583,"neuman, brandon p ",1
5584,melinda s. fee,1
5585,"nesbit,tedd  c ",1
5586,"sanders, edward friends for state rep",0
5587,"sanders , edward thomas iii",1
5588,"gibbons,jaret a ",1
5589,"hanna, michael  k sr",1
5590,"pounds, bill friends of",0
5591,friends of rick saccone,0
5592,jerri buchanan for senate,0
5593,donald f. morabito,0
5594,"emrick, joe committee to elect c/o treas jo ann cardello",0
5595,fred keller,1
5596,friends of charlie klein,0
5597,"dermody, frank",1
5598,york county leadership committee,0
5599,"corbett, tom friend of",0
5600,kevin scott baker,0
5601,"w. thomas mcgough, jr.",0
5602,local 0081 ibew cope fund c/o treasurer richard schraeder,0
5603,friends of bob mcdonald,0
5604,lou jasikoff,1
5605,pa now pac,0
5606,"kirkland, brian friends of",0
5607,"major, sandra j com to elect state rep",0
5608,"butkovitz, alan friends of",0
5609,maxim healthcare services inc political action committee,0
5610,friends of matthew j. darragh,0
5611,"fagan, jimmy friends of",0
5612,armstrong for pa,0
5613,"armstrong, phillips m sr.",1
5614,"micozzie, nicholas friends of",0
5615,damarys fight for fairness,0
5616,friends of john craig hammond,0
5617,friends of larry mullins,0
5618,russ diamond,1
5619,friends of ed flocco,0
5620,kutztown area demotratic club,0
5621,local 0506 leg action comm,0
5622,montgomery county house republican committee,0
5623,coggins for judge,0
5624,"roae, bradley t",1
5625,"zahalsky, andrew j ",1
5626,"dean, nancy friends of",0
5627,neil friends of,0
5628,"zimmer, peter friends of",0
5629,"cernic, ed for senate",0
5630,jay for pa,0
5631,"mcginley, mary for judge",0
5632,exxon mobil coporation pac                                  ,0
5633,friends of bernie oneill,0
5634,friends of daryl metcalfe,0
5635,unisys corporation employees pac                            ,0
5636,"nelson, eric friends of",0
5637,"harris, jordan citizens for",0
5638,"mari, james friends of",0
5639,"mari, james m ",1
5640,"cook-artis, tonyelle friends of",0
5641,"long, jake for the 102",0
5642,pa tha pac (thoroughbred horsemen),0
5643,"boyle, brendan friends of                                   ",0
5644,"savage, lynwood friends for",0
5645,albert baker knoll for pa,1
5646,"stephen a. zappala, ii",1
5647,josh shapiro,1
5648,boscovs pac c/o treasurer dean e. sheaffer,0
5649,"cook-artis, tonyelle  ",1
5650,"pace, michael committee to elect",0
5651,friends of movita c/o theresa thomas,0
5652,friends of jimmie moore,0
5653,"rossi, michael",1
5654,"westrick, martin j committee to elect",0
5655,cecilia houser,1
5656,"lenhart, lester l",1
5657,"gregory,gary ",1
5658,rick. rogers,0
5659,"fritz, jonathan friends of",0
5660,"weaver,linda j ",1
5661,"mahoney, timothy s ",1
5662,"fuller,patrick j ",1
5663,"fuller, patrick friends of",0
5664,"london, jack samuel ",1
5665,"houtz, thomas friends of",0
5666,"griffith, jeffrey w friends of",0
5667,pennsylvanians for union reform pac,0
5668,"kunkel, stephen fager ",1
5669,"nesbit,tedd  c. ",1
5670,"mullen, paul friends of",0
5671,mike turzai,1
5672,"rzucidlo, susan f ",1
5673,"cole, vera friends of ",0
5674,"kunkel, stephen 2016",0
5675,"molloy, martin w ii",1
5676,friends for newland,0
5677,friends of lorraine scudder,0
5678,friends of thomas lukasewicz,0
5679,"pa amusement &amp; music machine association pac(pamma pac) c/o exe. dir., john p. milliron",0
5680,"keffer, barbarann  ",1
5681,"laughlin,daniel j ",1
5682,"lewis,andrew james ",1
5683,"koger, todd elliott ",1
5684,"brown, vanessa l 190",0
5685,friends of jim butt,0
5686,keystone freedom pac,0
5687,tenet healthcare corporation political action committee,0
5688,"hughes, chris friends of",0
5689,"springer, charles e jr",1
5690,"winck, dwight jr for pa senate",0
5691,"francis, ron for congress c/o douglas price, treasurer",0
5692,friends for lorraine scudder,0
5693,john bosha for state senate,0
5694,metlife inc. employees' political participation fund,0
5695,mid-atlantic laborers political league,0
5696,"lytle, gabe elect",0
5697,"cleary, david g ",1
5698,"krueger-braneky,leanne t ",1
5699,lynda j schlegel culver,1
5700,"popovich, mary e ",1
5701,committee to elect tom quiley,0
5702,democrats of crosslands,0
5703,lorraine helen scudder,1
5704,"bikers pac bike pac c/o carol umbenhauer, treasurer",0
5705,friends of jim burns,0
5706,milliron &amp; goodman pac,0
5707,"pa society of physician assistants pac (pspa pac) c/o treas., andrew goodman",0
5708,"pa com for affordable housing/richard clawson, treasurer",0
5709,citizens for affordable housing,0
5710,go to camp comittee,0
5711,lackawanna co rep party,0
5712,"united democratic committee, mt pleasant, scottdale, east huntingdon",0
5713,"york professional firefighters 627, iaff",0
5714,joel sears for state house,0
5715,pa deer farmers association pac (pdfa pac),0
5716,"bikers pac bikepac c/o carol umbenhaver, treasurer",0
5717,sheet metal workers #44 c/o j schmuder,0
5718,r. lee james,1
5719,ryan costello for congress,0
5720,safe families pa pac,0
5721,committee to elect john kluck,0
5722,friends of latryse mcdowell,0
5723,pa amusement &amp; music machine association pac (pamma pac),0
5724,brthrhd locomotive enginrs &amp; trainmen pac fund,0
5725,working america coalition,0
5726,marc gergely,1
5727,"dickie, mccarney &amp; chilcote, p.c.",0
5728,voices of the american federation of government employees,0
5729,judicial excellence matters,0
5730,"fumo, vincent for senate",0
5731,damary fight for fairness,0
5732,afl-cio cope political contributions committee,0
5733,nextgen climate action committee - pa,0
5734,sweeney for state rep 117,0
5735,judith d. hines,1
5736,chira smith,1
5737,rob teplitz,1
5738,bill kortz,1
5739,"gehosky, kenneth elect senator committee",0
5740,alan c. kessler,0
5741,melanie patterson,1
5742,"cox,james a jr",1
5743,nova chem inc & nova chem serv inc com for pol act & engage ,0
5744,ortho pac (pa orthopaedic soc)                              ,0
5745,"solomon,jared g ",1
5746,lou lanni 4 pa,0
5747,sheetmetal workers local #44,0
5748,pa republican caucus of county commissioner,0
5749,"keller, mark k ",1
5750,"henderson, donn for state representative",0
5751,"fleck, mike friends of                                      ",0
5752,pennsylvanians for bernie sanders,0
5753,jonathan david keeler,1
5754,geico new york pac,0
5755,"chubb-ace group holdings, inc. political action committee",0
5756,albert baker knoll for pennsylvania,0
5757,pad pac,0
5758,"savage, lynwood",1
5759,"williams, leon",1
5760,jim manderino ii campaign committee,0
5761,james john manderino ii,1
5762,"scarnati, joseph  b.  iii",1
5763,friends of steve elliott,0
5764,"scarnati,joseph  b.  iii",1
5765,committee to re-elect peter j. daley,0
5766,voice of housing of chester &amp; delaware c,0
5767,"friends of kraig bruder, kraig bruder for state representative of 92nd district",0
5768,"storrs, craig committee to elect",0
5769,"pa college of emergency physicians pac (pep pac) c/o treas., john p. milliron",0
5770,citizens to elect mike obrien,0
5771,"pa deer farmers association pac (pdfa pac) c/o treas., harry strawser",0
5772,"pa society of physician assistants pac (pspa pac) c/o treas., john p. milliron",0
5773,perry bentley for state house,0
5774,cmac investment corp employee pac,0
5775,pa horse breeders association - pac,0
5776,friends of christopher cowan,0
5777,committee to elect tom quiglely,0
5778,friends of christopher j beichner,0
5779,valli victory committee,0
5780,"howard, reggie the people's power committee to elect",0
5781,friends of cecilia houser,0
5782,friends of stephanie borowicz,0
5783,committee to re elect sandra j major state rep.,0
5784,emrick joe committee to elect c/o tres. joann cardello,0
5785,susquehanna co. democratic committee,0
5786,friends of david parker,0
5787,mike regan for senate,0
5788,citizens for stan saylor c/o brenda resh,0
5789,movita johnson-harrell,1
5790,chester county democratic womens leadership initiative c/o maryann f. piccioni,0
5791,"hanley, john",0
5792,national federation of independent business/ pa s.a.f.e. trust,0
5793,anthony pugliese,1
5794,joshua shapiro,1
5795,pa assn private stal admin pac,0
5796,friends of mary ann buckley,0
5797,"tallman, will-willftalman.com",0
5798,pa assn private schl admin pac,0
5799,friends of robert bigley,0
5800,friends of frederick weaver,0
5801,friends of cliff glovier,0
5802,clifford glovier,1
5803,johnstown professional firefighters pac,0
5804,greene co republican committee c/o mary sue crayne - treasurer,0
5805,the committee to elect troy m. clawson,0
5806,robert bigley,1
5807,friends of carlwalker metzgar,0
5808,committee to elect joe szpara,0
5809,friends of melody,0
5810,friends of darryl thomas,0
5811,friends of chuck,0
5812,edward thomas sanders iii,1
5813,committee to elect gordon marburger,0
5814,dennis nichols for better government,0
5815,"evankovich, eli  ",1
5816,"salka,rod a jr",1
5817,"keffer,barbarann ",1
5818,"flynn, martin b ii",1
5819,"roae, brad com to elect                                     ",0
5820,pa manufactured housing pac c/o treas: mike sienkiewicz * sienkiewicz holding,0
5821,"urologist for patients aaccess to care pac (u-pac pac) c/o treas., andrew goodman",0
5822,"bowling proprietors association of pa pac (bowl pac) c/o treas., andrew goodman",0
5823,"pa deer farmers accociation pac (pdfa pac) c/o treas., andrew goodman",0
5824,"pa academy of ophthalmology pac (pao pac) c/o treas., andrew goodman",0
5825,"pa academy of otolaryngology pac (oto pac) c/o treas., andrew goodman",0
5826,"outdoor advertising association of pa pac (oaap pac) c/o treas., andrew goodman",0
5827,unitedhealth group inc pac (fed pac)                        ,0
5828,"pa college of emergency physicians pac (pep pac) c/o treas., andrew goodman",0
5829,"pa amusement &amp; music machine association pac (pamma pac) c/o exe. dir., john p. milliron",0
5830,committee to elect fawnwalker-montgomery,0
5831,"butt,james frederick ",1
5832,"tolbert, christine friends of",0
5833,"ward, judith f ",1
5834,"ciresi,joseph p ",1
5835,"mattei, friends for",0
5836,greene co republican committee c/o mary sue crayne: treas.,0
5837,friends of matthew dowling,0
5838,east central house rep com,0
5839,friends of melody fleck,0
5840,committee to elect neale dougherty,0
5841,local 0044 sheetmetal wrkes pol act leag,0
5842,"pard phil pac c/o frank a. rubino, treasurer",0
5843,emerge usa pac pa,0
5844,friends of albert j. dermovsesian,0
5845,"rogers, richard friends of",0
5846,first natl bank of pa pac                                   ,0
5847,"the hartford financial services group, inc pac                          ",0
5848,upper moreland republican assoc.,0
5849,united we can,0
5850,cheryl scandale murnin,1
5851,pennsylvanians for good govt.,0
5852,sierra club pa,0
5853,pa academy of otolarngology pac (oto pac),0
5854,"gregory, gary citizens for",0
5855,thomas j. quigley,1
5856,rosemary brown state rep,0
5857,brian sims,1
5858,philadelphia friends for ross feinberg,0
5859,friends of inder bains,0
5860,inderjit singh bains,1
5861,"rodgers morrisette, patti friends of",0
5862,"molloy,martin w ii",1
5863,friends of martin molloy,0
5864,pa society for bariatric surgery pac,0
5865,benepac,0
5866,franklin park rep comm c/o laura coombs,0
5867,pa society of physciains assistants pac (pspa pac),0
5868,green party of allegheny county,0
5869,"popovich, mary e. ",1
5870,"keefer, dawn wetzel ",1
5871,international association of heat and frost insulators and allied workers political action comittee,0
5872,"levy, diane c ",1
5873,"weaver, linda j ",1
5874,"armstrong, phillips m. sr.",1
5875,"armstrong, phillips for pa",0
5876,"fuller, patrick j ",1
5877,"peters, joe friends of                                      ",0
5878,"weismantle, brian 4 pa rep",0
5879,"westrick, martin j ",1
5880,"paulson, gregory  ",1
5881,"garay, brendan anthony ",1
5882,"garay, brendan for pa",0
5883,"local 9 bricklayers &amp; allied craftworkers, c/o treas: norman l. ringer jr",0
5884,maisano 4 senate committee,0
5885,"carnicella, jerry for state senate",0
5886,"hess, pier noll ",1
5887,local 0098 ibew cope (phila)                                ,0
5888,petroleum retailers &amp; auto repair association,0
5889,moshannon valley democratic club,0
5890,"carnicella, gerald s ",1
5891,"iezzi, linda  ",1
5892,"kavulich, michael george ",1
5893,jennifer newland,1
5894,"winck, dwight a jr",1
5895,deluca for legislative committee,0
5896,"snyder,marni jo ",1
5897,mark e. amsdell,1
5898,rosemary brown fr. state rep,0
5899,so. phila pac,0
5900,pennsylvania republican outreach propac,0
5901,nelms for the northeast,0
5902,david a burgerhoff,1
5903,friends of elect anthony scalfaro,0
5904,friends of melanie patterson,0
5905,communitte political action committee pa,0
5906,18th ward democratic executive committe,0
5907,damary's fight for fairness,0
5908,"santoni, dante, jr. for state rep                           ",0
5909,citizens for nate curtis,0
5910,hempfierld area democratic committee,0
5911,"truitt, daniel george sr",1
5912,"harper,scott ",1
5913,brice arndt,1
5914,jay for pa committee,0
5915,lower bucks leadership (200345 pac),0
5916,freinds of cheryl scandale murnin,0
5917,"cornman-levy, diane friends of",0
5918,education management corp employees pac                     ,0
5919,wells fargo &amp; co. new jersey employees good government fund,0
5920,seiu (service emp intl union) d.c.,0
5921,"flocco, ed friends of",0
5922,"brown, john friends of",0
5923,greg rothman,1
5924,richard s. irvin,1
5925,david h zimmerman,1
5926,volunteer for argall,0
5927,thom estilow,1
5928,steve mccarter,1
5929,"gehosky, kenneth  ",1
5930,ernest lemoncelli,1
5931,gene yaw,1
5932,citizens for gary gregory,0
5933,"eich, ed for senate",0
5934,rosemary brown fr. state rep.,0
5935,joe szpara,1
5936,"mattei,dave d ",1
5937,"martin, jim com to elect",0
5938,"dougherty, neale comm to elect",0
5939,"hutchinson, scott com to elect",0
5940,tioga county democratic party c/o treasurer robt. h. wooley,0
5941,team rohanna mcclure,0
5942,friends of drew kreiling,0
5943,denise bedio for office,0
5944,betsy rohanna mcclure,1
5945,friends of christopher j. belchner,0
5946,"houtz,thomas m ",1
5947,anita astorino kulik,1
5948,"fgsm p.c pac c/o treasurer, francis c. rapp, jr.",0
5949,"hamby,dale  allen ",1
5950,"hamby, dale elect",0
5951,friends for kristen phillips-hill,0
5952,smithfield clean water alliance,0
5953,pa diatetic assn (padapac),0
5954,cozen o'connor federal pac,0
5955,friends of patrick edwards,0
5956,committe to elect john kluck,0
5957,duane milne,1
5958,cement masons &amp; plasterers,0
5959,friends of peter t. kobylinski,0
5960,the committee to elect troy m clawson,0
5961,eich for senate,0
5962,"miller, brett r ",1
5963,stephanie borowicz,1
5964,kristin phillips-hill,1
5965,neale dougherty,1
5966,justin m walsh,1
5967,john d. ritter,1
5968,"local 827 i.b.e.w., pac",0
5969,"mccaffery, seamus friends of                                ",0
5970,wayne co builders for afford housing                        ,0
5971,committee to elect rosemary crawford,0
5972,"american airlines political action committee (aa pac"")""",0
5973,"regan,michael r ",1
5974,committee to elect harry enggasser,0
5975,"hanna,michael  k sr",1
5976,democratic jewish outreach pa,0
5977,erie county leadership comm. % tres. barbara j. boyes,0
5978,pa automatic merchandising council mark craney tr,0
5979,committee to elect mike leyda,0
5980,michael krankowski,1
5981,pennsylvanians for jobs,0
5982,"rohanna mcclure,elizabeth l ",1
5983,friends of jody l rebarchak,0
5984,alcoa inc. employees voluntary state and federal political action committee,0
5985,"torsella , joseph m. ",1
5986,barbarann keffer,0
5987,"warren, perry s jr",1
5988,"harper, scott  ",1
5989,"cox, james a. jr.",1
5990,anthony scalfaro,1
5991,matthew dowling,1
5992,"rabb, chris for state representative",0
5993,"ellis, brian l. ",1
5994,"bullock, donna  ",1
5995,friends of jeff griffith,0
5996,marc j. grammes,1
5997,friends for lynwood savage,0
5998,"wolfe, jessica z ",1
5999,committee to reelect sandra major state rep,0
6000,valli victory comittee,0
6001,greg lucas,1
6002,tim murphy for congress,0
6003,"emrick, joe committee to elect c/o tres. jo ann cardello",0
6004,"hoch, lewis",0
6005,friends of kraig bruder,0
6006,"wrona, jason patrick                                        ",0
6007,"manderino, jim ii campaign committee",0
6008,"denbowski, frank b friends of",0
6009,"boyle, brendan  citizens for",0
6010,troy morrow clawson,1
6011,honesty integrity performance committee,0
6012,mary jo white for pa senate,0
6013,committee to elect joe billotte,0
6014,sims4pa,0
6015,chris rabb,1
6016,northeast caucus of pennsylvania democratic party,0
6017,kevin haggerty,1
6018,re-elect angelcruz for the 180th,0
6019,peter t. kobylinski,1
6020,"ward,judith f ",1
6021,domb for council,0
6022,"heckler, committee to re-elect da",0
6023,lancaster city democratic cimmittee,0
6024,duane groff for state assembly,0
6025,york democratic society of,0
6026,"fgsm pc pac c/o treasurer, francis c. rapp, jr., esquire",0
6027,seiu (service employees int union cope,0
6028,deni for da campign committee,0
6029,"kelly, mike for congress",0
6030,committee to elect harry lewis jr.,0
6031,"barbin,bryan e ",1
6032,teladoc inc. political action committee,0
6033,"teva pharmaceuticals usa inc political action committee (teva pac"")""",0
6034,pentecostal clergy political awareness,0
6035,"scalfaro,anthony m iii",1
6036,pennsylvanians for union reform (pfur),0
6037,"kasunic, richard a. camp. com. c/o richard a. kasunic treas.",0
6038,friends of christine fizzano cannon,0
6039,dorsey national fund,0
6040,rice for judge,0
6041,friends of the 35th ward,0
6042,"casa (commonwealth association of school administrators) robin cooper, president",0
6043,friends of rohan hepkins,0
6044,faculty federation pac fund/community college of philadelphia,0
6045,edgewood republican committee,0
6046,104 south republican committee,0
6047,berger and montague state pac,0
6048,john w. herron,0
6049,ellen mazo,0
6050,rothman institute keystone pac,0
6051,"snyder,pamela ",1
6052,"keller,mark k ",1
6053,"mcdonald,robert john ",1
6054,southeast senate leadership pac,0
6055,the committee to elect troy clawson,0
6056,5th ward democratic executive committee,0
6057,logan pac 190 district,0
6058,cindy miller,1
6059,o'brien mike citizens of,0
6060,committee elect v. faun walker-montgomery,0
6061,friends of nancy dean,0
6062,greene county republican committee c/o mary sue crayne: treasurer,0
6063,tobacco &amp; candy pac (tac pac),0
6064,"schaefer, elaine paul ",1
6065,tom mehaffie,1
6066,john d mcginnis,1
6067,stephen a. zappala ii,1
6068,mary ann buckley,1
6069,steven burda,1
6070,mifflin cointy republican committee,0
6071,mc candless republican committee,0
6072,pa deer farmers association pac (pdfa pac) c/o tres. harry strawser,0
6073,"pa society of physician assistants pa (pspa pac) c/o treas., john p. milliron",0
6074,bowling proprieotrs association of pa pac (bpap pac) c/o treas. john p. milliron,0
6075,"pa academy of otolaryngology pac (oto pac) c/o treas., john p. milliron",0
6076,outdoor advertising association of pa pac (oaap pac) c/o treas john p. milliron,0
6077,"mt. lebanon democratic committee c/o geoffrey r. hurd, treas",0
6078,"rabb, christopher m ",1
6079,voice of housing of chester/del. co.,0
6080,d.r.i.v.e chapter 776,0
6081,wyoming county democrat committee,0
6082,"rodgers morrisette, patti a ",1
6083,"birmelin, jerry friends of",0
6084,"gibbons, jaret a. ",1
6085,brett r. miller,1
6086,justin m. walsh,1
6087,jay notarianni,1
6088,"elliott, steve friends of",0
6089,"parker, david friends of",0
6090,racpac,0
6091,"gerlach, jim for congress com",0
6092,"smith, chira for state rep",0
6093,local 0001 bac pac,0
6094,united services automobile assn usaa employee pac           ,0
6095,comcast corporation &amp; nbcuniversal political action committee-usa,0
6096,"digirolamo, joseph com to elect mayor",0
6097,sprint corporation political action committee,0
6098,democratic attorneys general association,0
6099,southwestern energy company pac federal fund,0
6100,mifflin county democratic women's club,0
6101,venango co. council of republican women,0
6102,amadio for commissioner,0
6103,"newland, jennifer friends of",0
6104,tms international corp pac,0
6105,local 0044 sheetmetal workers pol act leag,0
6106,local 0012 metal workers pac,0
6107,"daley, peter j com to elect st rep",0
6108,voice of housing of chester / delaware co.,0
6109,pgh fire fighters local 1 fire pac,0
6110,brad roae,1
6111,"garay,brendan anthony ",1
6112,"paulson,gregory ",1
6113,"selch, nick friends of",0
6114,joseph w. billotte ii,1
6115,local 0542 iuoe oper eng,0
6116,spectra energy corp political action committee (spectra-dcp pac),0
6117,amalgamated transit union cope acct vol fund,0
6118,"blake, john friends of senator                              ",0
6119,"quinn, chris friends of",0
6120,michael j. ciach,1
6121,local 623 teamsters pac,0
6122,ward 04 dem com,0
6123,friends of judy schwank,0
6124,jordan harris,1
6125,central pa republic conference,0
6126,we the people pac,0
6127,"takeda pharmaceuticals america, inc. political action committee",0
6128,"knapp, jim friends of",0
6129,"sinnott, joseph com to elect",0
6130,"wagner, scott for governor, inc.",0
6131,committee to elect carmella jacquinto,0
6132,friends of donad cunningham,0
6133,jenkintown democratic commitee,0
6134,bayada home healthcare pac,0
6135,indian valley democrats c/o stephanie ferreti,0
6136,"pennsylvania academy of nutrition and dietetics, political action committee",0
6137,"mellow, bob friends of",0
6138,bradford co council of republican women,0
6139,"maloney, david m com to elect",0
6140,petri for congress,0
6141,american association for justice political action committee (aaj pac),0
6142,defending our progress,0
6143,fund for a better pennsylvania,0
6144,"corr, michael friends of",0
6145,"arkoosh, val friends of",0
6146,"haste &amp; fries, friends of",0
6147,"rabb, chris for state rep",0
6148,national treasury employees union advocacy committee,0
6149,guy k. bard club,0
6150,ward 31 pac 31 31st ward dem. ex. com,0
6151,dominion resources inc pac                                                ,0
6152,ed cernic jr,1
6153,allentown city democratic comm.,0
6154,"dawkins, jason t ",1
6155,committee to re elect sandra major state rep,0
6156,friends of 14th ward,0
6157,"flynn,martin b ii",1
6158,joe peters,1
6159,the home depot inc. political action committee,0
6160,"tsai, stella com to elect judge",0
6161,pier hess,1
6162,"barker, tim for rep state com",0
6163,"dante santoni, jr. for state representative",0
6164,"mayernik, dave committee to elect",0
6165,seth williams victory committee,0
6166,citizens for chris dietz,0
6167,people for jess johnson,0
6168,francis nelms,1
6169,"keller, mark k",0
6170,"teladoc, inc. political action committee",0
6171,"williams, lloyd allen ",1
6172,"hess, pier citizens for",0
6173,eric nelson,1
6174,robert l. kepics,1
6175,"iezzi,linda ",1
6176,"gregory, gary  ",1
6177,joseph p. ciresi,1
6178,chris pfaff,1
6179,brice d. arndt,1
6180,"hess,pier noll ",1
6181,thomas houtz,1
6182,pa realtors pac                                             ,0
6183,"carnicella,gerald s ",1
6184,republican attorneys general association pa-individual account,0
6185,friends of john j siptroth former representative 189th district,0
6186,bipart pac/ bank of ny mellon corp,0
6187,"pennsylvania motor truck association pac (pa truck pac) c/o treas., kevin stewart",0
6188,restore integrity pa pac,0
6189,friends of jim massey,0
6190,daga pa direct contribution pac,0
6191,citizens watch 2000 pac                                     ,0
6192,james r lee com to elect,0
6193,friends to elect anthony scalforo,0
6194,will f tallman,0
6195,greene co republican committee c/o mary sue crayne-treas.,0
6196,"brown, vanessa friends to elect                             ",0
6197,"boyle, kevin j ",1
6198,tioga county rebublican committee c/o mane seymour,0
6199,teamsters local #30 political action comm.,0
6200,general building contractors assn pac (gsca pac),0
6201,citizens to elect hess state representative,0
6202,edison international civic action committee,0
6203,edison international pac,0
6204,"markosek, joseph for state leg com",0
6205,thomas p. murt,1
6206,papsa (pa assn private schl admin),0
6207,"vicites, vincent friends of",0
6208,citizens for political responsibility,0
6209,new hope solebury republican club,0
6210,local 0433 uwua c/o,0
6211,lower bucks leadership fund #2002345 pac,0
6212,"toohil, tarah com to elect",0
6213,afl-cio cope (erie),0
6214,abington township rockledge borough republican org.,0
6215,friend of jack wagner,0
6216,friends of carla cain,0
6217,the chartwell law pac,0
6218,"trujillo, ken friends of",0
6219,clinton county democratic committee,0
6220,future leaders pac,0
6221,wilmot leadership pac,0
6222,intermountain pac,0
6223,fourth ward democratic committee,0
6224,"western pennsylvania laborers' pac c/o: robert l. kmecak, jr., secretary - treasurer",0
6225,forward pennsylvania pac,0
6226,"parker, cherrelle friends of",0
6227,pepsico inc. concerned citizens fund,0
6228,local 0351 ibew cope fund,0
6229,marisa for pa,0
6230,anthony kyriakakis for judge,0
6231,armtrong county democratic committee,0
6232,friends of w. curlis thomas,0
6233,"iezzi, linda committee to elect",0
6234,"kavulich,michael george ",1
6235,hilton worldwide political action committee,0
6236,citizens for a better norristown                            ,0
6237,argentum&#39;s silver pac,0
6238,"fagan, jimmy j jr",1
6239,"houtz, thomas m ",1
6240,committee to elect marc duome,0
6241,michael m. geiselhart,1
6242,thomas lukasewicz,1
6243,"iezzi, linda l ",1
6244,"english,harold a ",1
6245,"snyder, marni jo ",1
6246,"white, jesse com to elect                                   ",0
6247,"johnson, jestine",1
6248,leon williams,1
6249,"cintron, hector friends of",0
6250,joel sears,1
6251,cement masons and plasterers local 592 pac                ,0
6252,"armstrong,phillips m sr",1
6253,fulton county bemocrat committee,0
6254,ethan demme,1
6255,wells fargo & co pa emp good govt fund                      ,0
6256,"mcgraw, kate  ",1
6257,genworth financial inc pac                                  ,0
6258,"marburger, gordon l",1
6259,casa (commonwealth assoc of school admin),0
6260,"reese, mike friends of committee",0
6261,"buggey, stanley  ",1
6262,natl italian american pac                                   ,0
6263,beaver county democat committee,0
6264,doyle for congress committee,0
6265,belfanti robert rep pac,0
6266,robert clark bennett,0
6267,south central pa mfg good gov. committee,0
6268,central susquehanna builders assoc. pac,0
6269,mv pac,0
6270,perkiomen valley area 15 democrats,0
6271,"griffith, jeffrey w. friends of",0
6272,robert marcoccio,1
6273,commonwealth pac for economic growth,0
6274,new frontier fund,0
6275,jefferson county democratic committee c/o treasurer carole a briggs,0
6276,"bechtold, wanda friends of camp",0
6277,"hahn, marcia friends of",0
6278,kenneth t walker jr,1
6279,peter starr,1
6280,"lewis, andrew james ",1
6281,gordon marburger,1
6282,"brumbaugh, stacey for senate",0
6283,monroe future funds,0
6284,committee to elect kevin flaherty,0
6285,pa society of physician assistants,0
6286,comm to elect brian ellis,0
6287,pa counties for good goverment,0
6288,committee to elect brian j. merdian,0
6289,keystone comeback pac,0
6290,pittsburgh dsa political action committee,0
6291,zeke for judge,0
6292,jen for judge,0
6293,team grant,0
6294,committee for judicial integrity,0
6295,daneri for da,0
6296,committee to elect kathryn waters,0
6297,citizens networking 4 progredd,0
6298,wyoming county dem com,0
6299,friends of robert klock,0
6300,revive pa pac,0
6301,"bloom, stephen for the 199th com",0
6302,jason richey for governor,0
6303,laura wentz for pa,0
6304,securitas security services usa pac,0
6305,the friends of 39b,0
6306,libertarian party of bucks county,0
6307,ridley park republican committee,0
6308,friends of mark grey,0
6309,community political action committee pa,0
6310,friends of sajda purple blackwell,0
6311,friend of bill monahan,0
6312,friends of matt mccullough,0
6313,citizens for smaller government inc,0
6314,joe gale for pennsylvania,0
6315,friends of vicki markovitz,0
6316,"lucas, margaret committee to elect judge",0
6317,"cardamone, andrea for judge",0
6318,committee to elect ryan mergl judge,0
6319,kennedy township republican committee,0
6320,nicole shultz for lt governor,0
6321,progress 2000,0
6322,43rd ward dem executive com,0
6323,david oh,0
6324,committee to elect allen arthur anderson,0
6325,charles a rosenbaum,0
6326,montco limerick democratic committee,0
6327,mark klemmer,0
6328,friends of jim bobeck,0
6329,friends of tony george,0
6330,allegheny co corrections officers pac,0
6331,democracy for all,0
6332,vic stabile for judge,0
6333,pac 1742                                                    ,0
6334,steve irwin for pa,0
6335,paul for pa,0
6336,18th ward democrats,0
6337,allegheny county justice for all,0
6338,glaxosmithkline llc pac (fka smithkline beecham corp pac)   ,0
6339,flyers victory fund                                         ,0
6340,indian american pac of lehigh valley,0
6341,frankling park democratic committee,0
6342,committee to elect kelly bellerby,0
6343,conservative women of the main line,0
6344,nea advocacy fund,0
6345,apex clean energy inc pac,0
6346,"bennington, lisa com to elect",0
6347,erie county democratic party pac,0
6348,marlene f lachman for commons pleas court committee,0
6349,berksaction,0
6350,protectpa,0
6351,newtown democrats,0
6352,friends of claudette williams,0
6353,mattus liberty fund,0
6354,sam for d.a.,0
6355,1515 pac,0
6356,constitution party of a.c.,0
6357,kristen celeste trusty,0
6358,pac local union no 451,0
6359,geishauser for judge,0
6360,south philadelphia pac,0
6361,key-pac c/o robyn thompson,0
6362,committee to elect mayernik,0
6363,state conservation voters action fund - pennsylvania,0
6364,american concrete pavement association pa chapter pac (acpa pac),0
6365,"barrack, rodosamp; bacine state pac",0
6366,pennsylvania republican outreach pac,0
6367,babst calland clements & zomnir pc political action committee,0
6368,"bruder, kathleen",0
6369,national taxpayers union state victory fund,0
6370,fayette co. republican committee,0
6371,friends of tract pennycuick,0
6372,committee to elect john weinrich ,0
6373,pa independent oil &amp; gas assn,0
6374,cenpenn pac,0
6375,friends of joe flood,0
6376,gertrude stein political club of greater pittsburgh,0
6377,genworth financial inc and enact political action committee,0
6378,indian valley democrats c/o anthony j. cia fardoni,0
6379,women for the the future pittsburgh,0
6380,tamara s. stine,0
6381,kevin f. kelly judicial retention committee,0
6382,"john p. capuzzi, sr. judicial retention committee",0
6383,kathrynann w. durham judicial retention committee,0
6384,spiros e. angelos judicial retention committee,0
6385,g. michael green judicial retention committee,0
6386,mimi legro,0
6387,"plumstead gop harry ferguson, treasurer",0
6388,smart local 44 sheet metal workers pal,0
6389,friends of osmer deming,0
6390,dawood engineering pac,0
6391,"paphcc (pa association of plumbing heating cooling contractors, inc.",0
6392,leader of the pac 2022,0
6393,capozzi adler pac,0
6394,chrissy houlahan for congress,0
6395,vgts4pataxes,0
6396,pa independent oil &amp; gas assn - pioga pac,0
6397,pa future fund,0
6398,dnc services corp. /democratic national committee,0
6399,mkkeller pac,0
6400,mercer co dem com,0
6401,committee to elect mcconnell judge,0
6402,bender for judge committee,0
6403,friends of marty flynn,0
6404,deb truscello for judge,0
6405,right track chester county,0
6406,friends of ken bach,0
6407,"pennsylvania committee for affordable housing/jill pento, treasurer; richard clawson, assist",0
6408,"aqua america, inc. political action committee",0
6409,civil justice reform pac,0
6410,"albert, wade friends of",0
6411,"engie north america, inc. pac (ena pac)",0
6412,friends of mark j. moore,0
6413,reilly. andrew j. esq,0
6414,the pilots' association for the bay and river delaware pac,0
6415,friends of john b. lewis,0
6416,exxon mobil corporation political action committee (exxonmobil pac),0
6417,bgaf fund for growth pac,0
6418,pa insurance pac (pipac)                                    ,0
6419,friends of robb luther,0
6420,laborers local 1174 pol. action,0
6421,ridley twp campaign fund,0
6422,patrick for justice,0
6423,judge brobson for supreme court,0
6424,local 0044 sheetmetal works pol act leag,0
6425,laborers local 1174 pol action com,0
6426,"kelly, brian w.                                             ",0
6427,citizen for a better warminster,0
6428,"kirkland, thaddeus friends of                                ",0
6429,friends of jannie blackwell,0
6430,meagher for judge committee,0
6431,vistra employee political action committee of vistra corp.,0
6432,pennsylvanians for the disabled,0
6433,bring people together,0
6434,major for pa,0
6435,friends of jeff payle,0
6436,keystone republicans for visionary change,0
6437,susquehannacountyrepublicancommittee,0
6438,rock time capital,0
6439,york pac - york county chamber of commerce,0
6440,leaders for newtown borough,0
6441,pa ski pac,0
6442,pennsylvania for well qualified judges,0
6443,the committee to elect kerstetter for judge,0
6444,friends of stacy wallace,0
6445,the center pac,0
6446,judge spurgeon for commonwealth court,0
6447,restore the dream pac,0
6448,"santarsiero, steve for state senate ",0
6449,friends of tiffany sizemore,0
6450,friends of jason cervone,0
6451,"friends of charley martin, 2010451",0
6452,marlene 4 senate,0
6453,arora for judge,0
6454,for-ward pac,0
6455,betsy wahl for judge,0
6456,committee to re-elect jay costa c/o gay costa treas.,0
6457,moving central dauphin schools forward,0
6458,baldwin borough democratic organization,0
6459,moving fairview forward,0
6460,moving derry township schools forward,0
6461,proven justice,0
6462,gothie for judge,0
6463,the people for kearni,0
6464,friends of thom welby,0
6465,friends of christina hale,0
6466,represent pac (state),0
6467,salavantis for judge,0
6468,jessel costa for judge,0
6469,pj redmond for judge,0
6470,leone for pa,0
6471,usacs pac,0
6472,keystone taxpayers unite,0
6473,peg pac,0
6474,flaherty for judge,0
6475,pa oil marketers (pompac),0
6476,remember parkhouse,0
6477,"borski, maggie friends of",0
6478,friends of mike giannetta,0
6479,local 0081 i.b.e.w. cope account,0
6480,swatara township republican committee,0
6481,tinicum township republican finance committee c/o tammy bucol,0
6482,movement voter pac (iec),0
6483,"munroe, brian better bucks government",0
6484,mvp pa pac (pac),0
6485,vote the ridge,0
6486,committee to elect gina florez for judge,0
6487,committee to elect nicola henry-taylor,0
6488,pa-67 strong pac,0
6489,"hdr, inc. employee owners pac",0
6490,friends of paul prescod,0
6491,abby major,1
6492,"hreha, andrew  ",1
6493,"frank c. prazenica, jr.",1
6494,friends of tarik khan,0
6495,marshall j. piccinini,1
6496,john j trucilla,1
6497,john j. trucilla,1
6498,charles saylor,1
6499,thomas g. parisi,1
6500,jeffrey k sprecher,1
6501,kurt b. geishauser,1
6502,"gavin, james",1
6503,"nadirov, catherine",1
6504,"deming, osmer  ",1
6505,berks co rep com                                            ,0
6506,tina boyd for judge,0
6507,alexandra kokura kravitz,1
6508,gina force,1
6509,"dougherty, patrick  ",1
6510,"dougherty, patrick",1
6511,thomas m. bianco,1
6512,patrick dougherty,1
6513,patrick dougherty for judge 21,0
6514,committee to elect christopher welch judge,0
6515,travis w. livengood,1
6516,christopher m. gebhard,1
6517,mcmaster for pa 48,0
6518,friends of david brown,0
6519,joanne murphy,1
6520,"leonard g. brown, iii",1
6521,kimberly j. simon-pratt,1
6522,zeke rediker,1
6523,jeff grimes,1
6524,"pratt, kimberly",1
6525,kimberly simon-pratt,1
6526,jesse pettit,1
6527,gary gilman,1
6528,joyce a hatfield - wise,1
6529,schmotzer for state representative,0
6530,thom welby,1
6531,"flaherty, bonnie",1
6532,bonnie flaherty,1
6533,"phillips, a nicole",1
6534,richard p. haaz,1
6535,thomas c. branca,1
6536,friends of nicole phillips,0
6537,holston for judge,0
6538,friends of chris cerski,0
6539,murrysville export republican committee,0
6540,jeffrey b. engle,1
6541,kathryn waters,1
6542,la tasha c. williams,1
6543,latasha c. williams,1
6544,kathryn l. waters,1
6545,mcquillan for judge committee,0
6546,engle for judge,0
6547,"smith, suzanne s ",1
6548,joseph n. gothie,1
6549,mary walsh dempsey,1
6550,nisha arora,1
6551,"ware, paul j ",1
6552,mary walsh dempsey for judge,1
6553,vito p. geroulo,1
6554,andrea marceca strong,1
6555,joseph gothie,1
6556,suzanne s. smith (court of common pleas - york county),1
6557,"stambaugh,steve ",1
6558,stambaugh for judge,0
6559,committee to elect suzanne s smith york co judge,0
6560,soloski for governor,0
6561,friends of megan sullivan,0
6562,friends of judge dumas for commonwealth court,0
6563,libertarian party of beaver county,0
6564,cocalico democrats,0
6565,clinton county democratic women political action committee,0
6566,springfield forward,0
6567,rural caucus pa dems,0
6568,whitney for east penn,0
6569,ward 56 dem com friends of                                  ,0
6570,ridley township republican organization,0
6571,black women for a better education,0
6572,venango county republican committee,0
6573,friends of chris hall,0
6574,hempfield area rep com,0
6575,amerisourcebergen corporation associates pac (ab associates pac),0
6576,luso pac,0
6577,venango county council of republican women,0
6578,central montco progress pac,0
6579,vote mullen,0
6580,22nd ward republican executive committee,0
6581,lancaster county pro-life committee,0
6582,erie county bar association judicial plebiscite committee,0
6583,murrysville export democratic club,0
6584,"kranz, w hannah",0
6585,area 12 republican committee of chester county,0
6586,friends of matt cresta for judge,0
6587,bucks co dem com                                            ,0
6588,committee to elect amanda hammock,0
6589,"post &amp; schell, p.c., pac",0
6590,dist 143 dem assembly (new),0
6591,plumstead gop,0
6592,joe d'orsie,0
6593,citizens for christopher freind,0
6594,sinatra judge,0
6595,friends of miles arnott c/o emiline weiss,0
6596,"loeper, joseph f. (lob)                                     ",0
6597,indiana armstrong central labor council,0
6598,palmyra first,0
6599,q pac c/o treasurer arthur d martinucci,0
6600,rossi for pa house,0
6601,pennsylvania young republicans,0
6602,friends of lori hackenberg,0
6603,repko for judge,0
6604,friends of george a heym,0
6605,lackawanna county democratic committee,0
6606,476 pac,0
6607,"singel, mark",0
6608,better chester county pac,0
6609,republican committe of lower merion and narberth,0
6610,north penn republican committee,0
6611,life pac,0
6612,friends of linda bobrin,0
6613,trappe's hometown team,0
6614,"committee to re-elect jay costa c/o treasurer, guy costa",0
6615,cdm smith pennsylvania pac,0
6616,"eller, timothy",0
6617,"longenecker, thomas",0
6618,western pennsylvania liberty pac,0
6619,afscme council 3,0
6620,friends of steve schlauch,0
6621,local 32bj service employees international union american dream political action fund,0
6622,chris rabb for the people,0
6623,mscpac,0
6624,pgh sustainability pac,0
6625,empower pa ,0
6626,friends of gwendolyn stoltz,0
6627,"godshall, robert friends of",0
6628,friends of meredith buck,0
6629,diversifield gas &amp; oil corporation pac,0
6630,pa clean water action vote environment,0
6631,gun owners of america inc political victory fund,0
6632,gun owners of america inc committee,0
6633,schultz for judge,0
6634,colleen for pa,0
6635,friends of bryant glick,0
6636,pa real estate investment trust pac,0
6637,thomson rhodes &amp; cowie pc pac,0
6638,people 4 pennsylvania,0
6639,friends of tom murt,0
6640,mccaffery for pennsylvania superior court,0
6641,zeigler for a better tomorrow,0
6642,friends of gail newman,0
6643,protect &amp; elect,0
6644,frank scavo,0
6645,friends of pam brown margolis,0
6646,cna citizens for good govt                                  ,0
6647,"innamorato, sara friends of",0
6648,"varischetti, nick",0
6649,ceasefire pa                                                ,0
6650,cemex inc employees  pac                                               ,0
6651,international union of painters and allied trades political action together political committee - pa,0
6652,friends of pier hess graf,0
6653,"costa, paul for st rep",0
6654,"sabatina sr., john friends of",0
6655,the mantua/powelton republican committee,0
6656,uaw vcap c/o ray curry,0
6657,the philadelphia county republican committee,0
6658,the mantua republican committee,0
6659,the powelton village republican committee,0
6660,pennsylvania for good government,0
6661,"novolex holdings, llc responsible government fund",0
6662,make pa great again,0
6663,dauphin county democratic values pac,0
6664,friends of ilan zur pac,0
6665,friends of mark m. gillen,0
6666,west phila. citizens,0
6667,"youngblood, rosita com to elect",0
6668,bikerspac bikepac c/o carol umberhauer treasurer,0
6669,toohil for judge,0
6670,com for free enterprise,0
6671,local #81 i.b.e.w. c/o treasurer michael mcdermott,0
6672,crawford co rep com,0
6673,committee to elect la tasha c williams,0
6674,orange wave for gun safety pac,0
6675,phila jt board victory pac,0
6676,"dando, william ",0
6677,chermak for pa,0
6678,smithson mary k. committee to elect,0
6679,friends of dominick manetti,0
6680,dana 4 pa,0
6681,friends of paul takac,0
6682,republican committee of oakdale,0
6683,friends of deluca for judge,0
6684,national federation of independent business pennyslvania political action committee,0
6685,bringing america together pac,0
6686,coterra energy inc. political action committee,0
6687,fmc corporation good government program,0
6688,beaver co dem com                                           ,0
6689,peruto for da,0
6690,harrisburg regional chamber pac,0
6691,coalition for pa&amp;#39;s future,0
6692,friends of jeff rocco,0
6693,pennsylvania psychiatric society pac,0
6694,gleene co. republican committee,0
6695,mccrw,0
6696,republican committee of lancaster,0
6697,bikespac bikepac c/o carol umbenhauer treasurer,0
6698,friends of gene yaw,0
6699,allegheny freedom works,0
6700,steele for pa,0
6701,golgowski bruce friends of c/o treasurer: linda jackson,0
6702,"molony, dave friends of",0
6703,friends of angela reese,0
6704,mariah fisher,1
6705,"luther, robb",1
6706,leslie rossi,1
6707,"malkin, brian samuel friends of for judge",0
6708,paul ware for judge,0
6709,john c. tylwalk,1
6710,john c tylwalk,1
6711,judge charles m. miller,1
6712,julie a. werdt,1
6713,christina hale,1
6714,"hobbs, christopher",1
6715,"conville, james  ",1
6716,charles m. miller,1
6717,julie werdt,1
6718,james p goodman,1
6719,"judge miller, charles, m.",1
6720,judge james p. goodman,1
6721,sibert for judge,0
6722,eastern schuylkill dems                                     ,0
6723,friends of james conville,0
6724,"green hawkins, amanda for judge",0
6725,friends of judge dumas for commonwealth court of pa,0
6726,committee to elect judge sierra street,0
6727,brian l. kerstetter,1
6728,lori r. hackenberg,1
6729,carlos rodriguez,1
6730,maraleen shields,1
6731,"jarrah, eman h ",1
6732,"caffrey, tom  ",1
6733,"mulqueen, patricia fuentes",1
6734,"capehart, tom  ",1
6735,"mulqueen, patricia fuentes ",1
6736,"cohen, zachary  ",1
6737,friends of lisa middleman,0
6738,patrick sweeney for judge,0
6739,giuseppe rosselli committee to elect for judge,0
6740,chuck porter for judge,0
6741,friends of mik pappas,0
6742,the committee to elect alyssa cowan for judge,0
6743,sinatra for judge,0
6744,jimmy for judge,0
6745,friends of dan k for judge,0
6746,vote watson 4 judge,0
6747,andy szefi for judge,0
6748,keep judge beemer committee,0
6749,jessel costa iii,1
6750,"korbel, sabrina",1
6751,"mission critical partners, inc pac",0
6752,committee to elect richard ernsberger,0
6753,"sullivan , megan  ",1
6754,john t. bender,1
6755,the honorable mary jane bowes,1
6756,renee cohn jubelirer,1
6757,kevin brobson,1
6758,drew crompton,1
6759,"dumas, lori a ",1
6760,ren'ee cohn jubelirer,1
6761,patricia mccullough,1
6762,sierra street,1
6763,jill beck,1
6764,julie werdt for judge,0
6765,michael a. george,1
6766,joffie pittman iii,1
6767,david ritter,1
6768,rashid santiago,1
6769,douglas g. reichley,1
6770,jarrah for judge,0
6771,"murphy, joseph patrick ",1
6772,wrenna watson,1
6773,"pappas, mik  ",1
6774,albert veverka,1
6775,matthew rogers,1
6776,nicola henry-taylor,1
6777,thomas p. caulfield,1
6778,pauline calabrese,1
6779,dean a. birdy,1
6780,lisa g middleman,1
6781,"hafer, barbara friends of                                   ",0
6782,guy for governor,0
6783,"lumen technologies, inc. political action committee",0
6784,mayernik dave committee to elect,0
6785,friend of david j gabauer,0
6786,mercer county dem. com.,0
6787,sga pac,0
6788,uhs good government fund,0
6789,"transcanada usa services, inc. pac (tc pac)",0
6790,"atkins us holdings, inc. pac",0
6791,gateway health associate poltical action committee                                    ,0
6792,pa state pipe trades assoc pac,0
6793,zeneca inc. political action committee (azpac),0
6794,friends of michelle schmidt,0
6795,sister district project pennsylvania,0
6796,for a better pa fund pac,0
6797,ruggieri for judge,0
6798,dist 154 dem party of,0
6799,berks co com for affordable housing,0
6800,republican women of the main line,0
6801,the pac for america's future - pa,0
6802,riverwards area democrats,0
6803,friends for doc clements,0
6804,carbon co rep com,0
6805,macy's inc. retail issues fund,0
6806,rossman for pa,0
6807,upper &amp; lower salford democrats,0
6808,women judges pac,0
6809,committee to elect mary k. smithson,0
6810,pa health care leadership pac,0
6811,associates of pa pac (appac),0
6812,committee to elect judge marshall piccinini,0
6813,air products pa pol alliance                                ,0
6814,the pac for america&#39;s future-federal ,0
6815,"keenan, mary m (lob)",0
6816,capozzi adler pac c/o jaclyn tran,0
6817,jeff grimes for judge,0
6818,kdpf pac(kozloff diener payne fegley)                       ,0
6819,concord republican pty,0
6820,friends of rick hosking,0
6821,capozzi adler pac c/o christina mahady,0
6822,montgomery county council republican women,0
6823,friends of mark j moore,0
6824,committee to elect marc daffner,0
6825,pa manufacturing housing pac c/o treasurer: dalane eisenhart,0
6826,mercer county democrat comm.,0
6827,friends of michael c. lambert,0
6828,depasquale for pa,0
6829,"dickie, mccamey &amp; chilcote",0
6830,pa federation of sportsmen,0
6831,citizens for ch frederickson c/o treas janice b frederickson,0
6832,north east central alliance (necra),0
6833,committee to elect alexis barbieri,0
6834,commonwealth leaders cup,0
6835,friends for denise maris,0
6836,joe swartz for lower allen,0
6837,lyme disease alliance of pa,0
6838,brad moss for judge c/o carl s. primavera klehr harrison,0
6839,bedminster and dublin republican club,0
6840,elect judge denis p. cohen,0
6841,realtors assn metro pgh pac - ramp pac,0
6842,newtown borough leaders for,0
6843,mccloskey for judge,0
6844,deja for pa,0
6845,let's go with yetsko - steve yetsko,0
6846,"macpete, we back jack",0
6847,dan meuser for congress,0
6848,nichole m. thompson for district judge,0
6849,"kronenberg, amy",0
6850,"geo group inc. pac, the                                     ",0
6851,citizens for chris frye,0
6852,new york life insurance company political action committee,0
6853,friends of maria p. donatucci,0
6854,committee to elect frank bernhardt,0
6855,rose valley democratic committee,0
6856,"blaylock, frazier",0
6857,nicholas for pa,0
6858,satellite broadcasting &amp; comm assoc of america pac,0
6859,keeping america competitive pac,0
6860,zach pac,0
6861,friends of sam mirarchi,0
6862,"shade, russ friends of",0
6863,friends of dom costa,0
6864,pa alliance jobs &amp; energy community action network,0
6865,pennsylvania conservative energy forum political action committee,0
6866,friends of mike ksiazek,0
6867,julio guridy for mayor,0
6868,area 17 republican committee,0
6869,friends for kathy barnette,0
6870,cigna corpation employee political action committee                                        ,0
6871,bowl pac (bowling proprietors assn)                         ,0
6872,capital region stonewall dems,0
6873,community committed,0
6874,liberty over bureaucracy,0
6875,blumling &amp; gusky pac,0
6876,friends of andrew hayman,0
6877,black progress political action committee,0
6878,215 people's alliance,0
6879,financial services pol com,0
6880,psna pac (pa state nurses assn.),0
6881,friends of brian o'neill,0
6882,central pennsylvania for berrier,0
6883,republican committee indiana township,0
6884,american real voice pac,0
6885,friends of jose rosado,0
6886,northeast philadelphia democrats state,0
6887,northwest political alliance,0
6888,reform party of pa c/o - thomas w rake,0
6889,friends of sean quinlan,0
6890,transport workers union of america political contributions committee,0
6891,petroleum retailers &amp; auto repair assn.,0
6892,pennslyvania automotive association political action committee,0
6893,greene co. republican committee,0
6894,east pennsboro dem club                                     ,0
6895,chris chermak,1
6896,steve leskinen,1
6897,ann marie wheatcraft,1
6898,"redmond, pj  ",1
6899,"rovito,alita ",1
6900,"mincarelli, lou  ",1
6901,lou mincarelli,1
6902,tony verwey,1
6903,"barraza,carlos ",1
6904,"mincarelli, lou friends of",0
6905,"rovito, alita  ",1
6906,deborah krull,1
6907,spiros e. angelos,1
6908,john p. capuzzi sr.,1
6909,atinuke b. moss,1
6910,deborah truscello,1
6911,kathrynann w. durham,1
6912,g. michael green,1
6913,kevin f. kelly,1
6914,michael ruggieri,1
6915,tinu moss,1
6916,"santarelli, raymond",1
6917,"santarelli, raymond  ",1
6918,"truscello, deborah",1
6919,santarelli for judge,0
6920,joe kubit,1
6921,"yeager, s michael",1
6922,"vanasdale,jen gv gilliland ",1
6923,richard a. goldinger,1
6924,friends of joe kubit,0
6925,william caye,1
6926,nicola henry - taylor,1
6927,bruce r. beemer,1
6928,mark flaherty,1
6929,"malkin, brian samuel ",1
6930,richard ernsberger,1
6931,"watson, wrenna  ",1
6932,"daniel j. konieczka, jr",1
6933,david lee spurgeon,1
6934,"neft, bryan",1
6935,timika lane,1
6936,"dumas,lori a ",1
6937,"mclaughlin, maria   ",1
6938,paula patrick,1
6939,caffrey for judge committee,0
6940,kathleen stirba for judge,0
6941,amy zanelli for judge,0
6942,friends of tim brennan ,0
6943,"street, sharif friends of                                   ",0
6944,sabrina korbel,1
6945,daniel j konieczka jr,1
6946,"howsie, elliot",1
6947,r. anthony deluca,1
6948,richard l. weiss,1
6949,tiffany sizemore,1
6950,chelsa wagner,1
6951,giuseppe rosselli,1
6952,jason j cervone,1
6953,marc daffner,1
6954,elliott howsie,1
6955,"porter, chuck",1
6956,citizens for joyce hatfield-wise,0
6957,goldinger for judge,0
6958,friends for john malinchok,0
6959,"fabius, michael",0
6960,the honorable alexander p. bicket,1
6961,alexander p. bicket,1
6962,randy todd,1
6963,"daniel j. konieczka, jr.",1
6964,ilan zur,1
6965,patrick a. sweeney,1
6966,elliot howsie,1
6967,lisa middleman,1
6968,andy szefi,1
6969,rosemary crawford,1
6970,daniel j. konieczka,1
6971,upper & lower salford democrats ,0
6972,christopher g. hauser,1
6973,"grine, jonathan d ",1
6974,committee to elect nathan covington for state senate pa-22,0
6975,"covington, nathan  ",1
6976,"momasso, janine d",0
6977,elect cateria r mccabe judge,0
6978,indiana-armstrong central labor council,0
6979,republican national hispanic assembly of pa,0
6980,"dickle, mccamey &amp; chilcote political action committee",0
6981,fulton colunty republican committee,0
6982,"kasunic, richard a. campaign comm c/o richard a. kasunic, treas",0
6983,shipley eneregy pac,0
6984,american conservative union pac,0
6985,cleveland-cliffs inc. political action committee,0
6986,friends of jared solomon,0
6987,sims 4 pa,0
6988,jacobs engineering group inc. political action committee (jacobs pac),0
6989,mayernik committee to elect,0
6990,"ksiazek, mike friends of",0
6991,"barrack, rodos &amp;amp; bacine state pac",0
6992,"valli, dawnlyn victory committee",0
6993,greater pennsylvania comeback,0
6994,friends of mary f. rinaldi,0
6995,blair county second amendment coalition,0
6996,friends of will gross,0
6997,jenkintown rep com,0
6998,berksaction pac,0
6999,chelsa wagner for judge,0
7000,the democratic society of york,0
7001,the new 66th ward republican committee,0
7002,martell for the people,0
7003,custom pac c/o treasurer james b. ohm,0
7004,"marks, bruce frends of",0
7005,dem womens#39;5 forum of bucks co,0
7006,jobs america,0
7007,friends of jake george,0
7008,adulting together,0
7009,committee to elect robert s. andrews,0
7010,jason rubin,0
7011,friends of samantha pheiffer,0
7012,lehigh valley democratic progressive coalition,0
7013,friends of greg moreland,0
7014,"jneso, district council 1, iuoe-afl-cio",0
7015,exploratory committee of shawn berger for governor,0
7016,brandywine valley democrats - zone 4,0
7017,friends of leah duncan,0
7018,friends of peters twp,0
7019,blue atlas project,0
7020,fifth third bancorp pac,0
7021,charlie for governor,0
7022,retail. wholesale &amp; department store union,0
7023,wendy fink for pa,0
7024,"kasunic, richard a. campaign comm. c/o richard a. kasunic, treasurer",0
7025,kwbh pac,0
7026,keystone alliance for progress,0
7027,friends of gabe lerman,0
7028,friends of michele hangley,0
7029,westmoreland bar retention committee for judges bononi and scherer,0
7030,united assoc political,0
7031,friends of pete weeks pac,0
7032,finnspiration pac,0
7033,pennsylvania pac,0
7034,friends of jarrett coleman,0
7035,friends of anthony deluca jr,0
7036,kenney pac,0
7037,township forward,0
7038,friends of tracey gordon,0
7039,national democratic law enforcement association,0
7040,feldstein grinberg lang &amp; mckee formerly fgsm pc treasurer francis raff,0
7041,"latsha davis &amp;amp; mckenna, pc pac",0
7042,committee to elect delisio judge,0
7043,"hauser, john friends of",0
7044,"coder, kathy voice for pa",0
7045,genentech inc. political action committee (genenpac),0
7046,"tiboni, brian j     lob                                     ",0
7047,"campbell, mark (lob)",0
7048,"high, jason",0
7049,cumbeland county leadership pac,0
7050,somerset county leadership committee,0
7051,king for state senate,0
7052,mvp pa pac,0
7053,"smith, daniel for hd12",0
7054,friends of laura dennis,0
7055,first capital democratic pac,0
7056,vote for verwey for judge,0
7057,local 44 sheet metal worker pal,0
7058,pennsylvania for the disabled,0
7059,team kate for judge,0
7060,the pilots association for the bay and river delaware pac,0
7061,civil justice,0
7062,the red brick committee,0
7063,smart local 44 sheetmetal workers pal,0
7064,local 827 ibew pac,0
7065,eastern lancaster co. republican pac,0
7066,pa automatic merchandising council mark craney,0
7067,friends of stefanie salavantis,0
7068,pa motor truck association pac (pmta pac),0
7069,pennsylvania academy of ophthalmology pac (pao pac),0
7070,pennsylvania college of emergency physicians (pacep pac),0
7071,afscme local 1739 pac,0
7072,"committee to re-elect jay costa c/o guy costa, treasurer",0
7073,lower paxton twp rep com,0
7074,good neighbor political action committee,0
7075,friends of mariah fisher,0
7076,friends of bob solfanelli,0
7077,pa towing assn,0
7078,friends of brian cutler,0
7079,friends of chris gebhard,0
7080,harrisburg strong pac,0
7081,hobbs for judge,0
7082,thornbury township republican party,0
7083,norwood democratic committee,0
7084,bpw pa pac,0
7085,anheuser-busch companies llc political action committee,0
7086,mon valley change,0
7087,fayette county democratic committee,0
7088,ila local 1291 pac,0
7089,bradford county libertarian committee,0
7090,venango county republican com,0
7091,pregressive women of nepa,0
7092,"planned parenthood action fund inc pac, dba planned parenthood federal pac",0
7093,prime ae federal pac,0
7094,"committee to elect frank m. felici, jr.",0
7095,buzzi unicem usa inc pac,0
7096,friends of brian gralnick,0
7097,thomas a kauffman for judge committee,0
7098,mercer co. dem. comm.,0
7099,friends of priscilla brandon,0
7100,angela grant for pa lt governor,0
7101,burns white llc pac,0
7102,brian fitzpatrick for all of us,0
7103,sue helm,0
7104,libertarian party of lebanon county pa,0
7105,area ii republican committee,0
7106,papsa - pac,0
7107,coatesville democrats zone 20,0
7108,cortez for judge campaign,0
7109,lycoming county libertarian committee,0
7110,chadds ford dem party,0
7111,norwood for 6th district,0
7112,kara scott,0
7113,corman for governor,0
7114,committee to elect jim costello,0
7115,berksaction pac                                             ,0
7116,bethel park republican party,0
7117,strong public schools pittsburgh,0
7118,friends of jesse pettit,0
7119,craig levin for judge,0
7120,yorgey- girdy for philly,0
7121,kamau for judge,0
7122,friends of monica gibbs,0
7123,friends of dan sulman,0
7124,turner for judge pac,0
7125,yorgey-girdy for philly,0
7126,"dow, laurie friends of for judge",0
7127,moran for judge,0
7128,bruce beemer,1
7129,lisa middle man,1
7130,"watson, wrenna",1
7131,anthony deluca,1
7132,clint kelley,1
7133,"porter, chuck  ",1
7134,george heym,1
7135,"flaherty, brian d ",1
7136,"cowan, alyssa  ",1
7137,tiffany e. sizemore,1
7138,"shuter, david c. com to elect judge",0
7139,national fraternal order of police pac,0
7140,george twardy,1
7141,michael c. lambert,1
7142,george twardy *,1
7143,tamika washington,1
7144,"barish, wendi",1
7145,caroline turner,1
7146,"sulman, daniel r ",1
7147,"mccabe, cateria r ",1
7148,"levin,craig ",1
7149,"kamau, nick  ",1
7150,angelo foglietta,1
7151,mark p flaherty,1
7152,black wall pa pac,0
7153,leanne l. litwin,1
7154,"hall, chris  ",1
7155,"wright, edward c ",1
7156,"hope, christine m ",1
7157,deborah canty,1
7158,"yorgey-girdy, greg  ",1
7159,betsy wahl,1
7160,rose marie defino-nastasi,1
7161,michele hangley,1
7162,"kamau, nick",1
7163,mark j. moore,1
7164,judge denis p. cohen,1
7165,"john p. sabatina, jr.",1
7166,doyle for congress,0
7167,friends of steve corr,0
7168,coalition for pa&amp; #39;s future,0
7169,bradford woods republican committee,0
7170,ward 59 dem com,0
7171,ward 09 dems of phila,0
7172,philadelphia federation of teachers comm to support,0
7173,committee to elect don robertson,0
7174,friends of tarah probst,0
7175,red lion home care creates jobs pac,0
7176,friends of joe waltz,0
7177,punxsutawney area republican,0
7178,progress pa pac,0
7179,yinzvote pac,0
7180,citizens for tracy roman,0
7181,northeast republican caucus pac,0
7182,dist 145 assembly dem org,0
7183,leadership for educational equity-pennsylvania pac,0
7184,pafp pac (pa acdmy family physicians),0
7185,cypress solar pa pac,0
7186,"tucker, kevin lob",0
7187,"windstream holdings ii, llc political action committee",0
7188,coleman for pa,0
7189,change pa pac,0
7190,allegheny com for affordable h,0
7191,associated builders and contractors of wpa,0
7192,pa interested citizens pac c/o denis w. payne asst. treasurer,0
7193,friends of jonathan kassa,0
7194,schuylkill bar pac,0
7195,friends of stephen paccione,0
7196,robinson bill comm. to elect,0
7197,rpm international inc. manufacturing in america pac dba rpm manufacturing in america pac,0
7198,alexandra kokura kravitz for judge,0
7199,"szekely, andy friends of",0
7200,"doyle, mike friends to elect",0
7201,friends of tedi kotori ,0
7202,the keystone reckoning project,0
7203,reichley for judge,0
7204,asbestos heat & frost insulators pac,0
7205,back to school pa,0
7206,keystone taxpayers united,0
7207,abington twp. rockledge borough republican comm. (atro),0
7208,54th ward democratic executive committee,0
7209,prazenica for pa,0
7210,women for the future of pittsburgh,0
7211,"bruder, katheleen ",0
7212,friends of judge mccullough,0
7213,helen b. hughes federation of dem women,0
7214,dean birdy for judge,0
7215,hatboro rep organization,0
7216,keep jobs in the usa,0
7217,"frank, gale, bails, murcko, pocrass, p.c. pac",0
7218,black women for better education,0
7219,ua union plumbers &amp; pipefitters vote! pac,0
7220,19th ward ex. comm.,0
7221,christopher r. hall,1
7222,"moran, patrick j ",1
7223,john r. padova jr.,1
7224,"cataldi, rick  ",1
7225,diana l. anhalt,1
7226,jonathan q. irvine,1
7227,friends of tiffany thomas-smith pac,0
7228,james m. mcmaster,1
7229,tiffany thomas-smith,1
7230,"thomas-smith, tiffany michelle ",1
7231,amir m. stark,1
7232,robert joseph mellon,1
7233,charles hayden,1
7234,george w. overton,1
7235,margaret t. murphy,1
7236,"gibbs, monica",1
7237,francis w. mccloskey jr,1
7238,"wright, edward c",1
7239,"gibbs, monica g",1
7240,christian a. dicicco,1
7241,diana anhalt,1
7242,charles ehrlich,1
7243,sean f. kennedy,1
7244,sharon williams losier,1
7245,wendi barish,1
7246,nick varischetti,0
7247,butler co dem com,0
7248,committee to elect nicola henry taylor,0
7249,peco energy company state political action committee (peco pac),0
7250,bp corporation north america inc political action committee,0
7251,"reese, mike friends of com",0
7252,stephen a. corr,1
7253,christylee peck,1
7254,michelle sibert,1
7255,elizabeth jackson,1
7256,vincent l. johnson,1
7257,barbara a. mcdermott,1
7258,rose marie defino - nastasi,1
7259,francis w. mcclosky jr.,1
7260,harley-davidson pac of pa,0
7261,matthew l. meagher,1
7262,committee to elect don zagurskie,0
7263,"zagurskie, don  ",1
7264,"bender, andrew j ",1
7265,"bender,andrew j ",1
7266,barbara wevodau,1
7267,joe matika,1
7268,roger n. nanovic,1
7269,"booker, terri friends and family of",0
7270,"barish, wendi friends of",0
7271,gary e. norton,1
7272,"long, lloyd friends of",0
7273,lansdowne demcratic committee,0
7274,dow inc. pac (dowpac),0
7275,dylan altemara 4 pennsylvania,0
7276,friends of omy for pa,0
7277,equitrans midstream corporation pac,0
7278,american society of anesthesiologists political action committee (asa pac),0
7279,cumberland county leadership pac,0
7280,range resources energy independence pac,0
7281,friends of bob topper,0
7282,"robey, annmarie",0
7283,democratic jewish outreach pennsylvania,0
7284,zama for pa,0
7285,philly progress pac,0
7286,lou barletta for governor,0
7287,the tyme is now,0
7288,mcswain for governor,0
7289,"krumenacker, norman com to retain",0
7290,blair county builders association - pac,0
7291,juniata county republican committee,0
7292,state college borough dem com,0
7293,philadelphia leadership counsel,0
7294,uwl,0
7295,dla piper political action committee (dla piper pac),0
7296,pennsylvania for legal reform,0
7297,pennsylvanians for legal reform,0
7298,upper merion rep com,0
7299,leadership for educational equity -pennsylvania pac,0
7300,democrats for educational equity,0
7301,williamsport area womens dem com,0
7302,pennsylvania medical cannabis research pac,0
7303,pa economic growth pac,0
7304,friends of deborah love,0
7305,hawley democratic,0
7306,scott twp dem club,0
7307,"caliguiri, friends of mayor com",0
7308,central susquehanna builders assc. pac fund,0
7309,laborers local 1174 pol. action pac,0
7310,republican women of luzerne county,0
7311,friends of devlin robinson,0
7312,exelon corporation political action committee,0
7313,franklin park republican committee c/o laura coombs,0
7314,friends of pete weeks,0
7315,angel cruz for council,0
7316,"frank, gale, bails &amp; pocrass, p.c. pac",0
7317,donatucci pac,0
7318,david m kralle,0
7319,jamie l glasser,0
7320,p j redmond for judge,0
7321,w. thomas mcgough jr.,0
7322,keystone state auctioneers pac                              ,0
7323,friends of jesse petit,0
7324,"bradford county democratic committee, c/o jeffrey m. gonzalez, treasurer",0
7325,amir stark for judge,0
7326,pennsylvania psychiatric society pa,0
7327,pittsburgh fire fighters local # pac fund,0
7328,pa manufactured housing pac c/o treasurer: delana eisenhart,0
7329,"treasurer, ruggieri for judge",0
7330,"francis j. schultz, esq.",1
7331,john f. spataro,1
7332,hon. francis j. schultz,1
7333,francis j. schultz,1
7334,committee to elect d neil mcewen,0
7335,committee to elect mcconnell for judge,0
7336,joanow for judge,0
7337,"joanow, michael a",1
7338,"mcewen, d neil ",1
7339,"william g. mcconnell, jr",1
7340,"joanow, michael a ",1
7341,"william g. mcconnell, jr.",1
7342,michael a. joanow,1
7343,kelly bellerby-allen,1
7344,stacy marie wallace,1
7345,friends of chris rodkey,0
7346,huntington bancshares inc pac (hbi-pac)                     ,0
7347,neil o'donnell for senate committee,0
7348,"miller, wayne for pa state senate / c/o treasurer: shaine lynn kelly",0
7349,friends of chad saylor,0
7350,moving lower dauphin schools forward,0
7351,washington county chamber of commerce political action committee,0
7352,citizens for taubenberger,0
7353,pacan pac,0
7354,bittle r. harry state leg,0
7355,"cook, 4 we the people",0
7356,northeast democratic caucus,0
7357,rick for lg,0
7358,lawrence county committee for affordable housing,0
7359,pa republican caucus of county commissioners prccc,0
7360,clarice for pa,0
7361,c/o tres: paula bronstein - pa ballot access coalition,0
7362,"people to elect brooks, michele",0
7363,duke whiting committee,0
7364,elect scott zelov the committee,0
7365,folmer for state senate,0
7366,friends of kathy silcox,0
7367,ward 16 dem exec com,0
7368,caithness services pac,0
7369,unity2001,0
7370,"lumen technologies, inc. pac of pennsylvania",0
7371,freedom pa,0
7372,friends of izzy ,0
7373,concord - bethel democratic committee,0
7374,jefferson county democratic committee,0
7375,"solobay, tim com to elect",0
7376,emrick joe committee to elect c/o joann cardello,0
7377,temons for pa,0
7378,bs pac,0
7379,"the presidential coalition, llc ",0
7380,friends of parker,0
7381,vote 4 ventre,0
7382,flagship fund,0
7383,east central house republican committee,0
7384,christian r muniz,0
7385,pa win committee,0
7386,greater pa carpenters pac                     ,0
7387,"stefan, michael",0
7388,"afflerbach, roy c",0
7389,"moton, ruth friends of",0
7390,greater reading chamber pac,0
7391,one york political action committee,0
7392,penn national gaming inc. political action committee,0
7393,"dickie, mccamey &amp; chilcote pac",0
7394,gina h. curry,1
7395,friends of gina h. curry,0
7396,greene co. republican cmte,0
7397,canty for pa,0
7398,"qpac c/o treasurer, arthur d martinucci",0
7399,friends of gina curry,0
7400,friends of lovitz for pa,0
7401,tarah toohil,1
7402,committee to elect kelly bellerby-allen for state rep,0
7403,friends to elect ed gainey,0
7404,"ms consultants, inc. political action committee mscpac",0
7405,pittston area,0
7406,intl brotherhood electrical workers com on pol ed,0
7407,kdpf pac(kozloff diener payne fegley),0
7408,make a difference pac                                       ,0
7409,mifflin countty republican committee,0
7410,local 0433 uwua c/o brian dwon,0
7411,"mcvay, jack for judge",0
7412,friends of edward gainey,0
7413,friends of raja,0
7414,young republicans of allegheny county,0
7415,pennsylvania young republicans pac,0
7416,york building products co inc political action committee,0
7417,pa democratic state committee senior caucus,0
7418,young republicans of lebanon county,0
7419,pspa-political support for political action,0
7420,westmont pac,0
7421,friends of vincent gordon,0
7422,people for abigail salisbury,0
7423,phila fed,0
7424,owens-illinois inc employees good citizenship fund,0
7425,making america great pac,0
7426,friends of matthew seagrist,0
7427,franklin co democratic com,0
7428,marian for chester county,0
7429,ray sosa lt gov 2022,0
7430,bayer us llc employee political action committee (bayerpac),0
7431,"friends of anton andrew, anton andrew",0
7432,friends of the 41st ward dems,0
7433,acape pac,0
7434,friends of daniel wassmer c/o kelly laseree,0
7435,36th ward gop pac,0
7436,203 pac,0
7437,emilio a vazquez for the 179th,0
7438,grayson for pa state house,0
7439,"orrick, herrington &amp; sutcliffe llp",0
7440,guy k bard club,0
7441,judith schwank,1
7442,"friends to elect amy marcinkiewicz- treasurer, chris nonevski",0
7443,elect bob stewart,0
7444,nato of pa pac,0
7445,hart for pennsylvania,0
7446,bucks county young democrats,0
7447,o'briens for bucks county,0
7448,their party your problem,0
7449,kevin mccarthy for judge,0
7450,citizens for good government pac,0
7451,pa geopac,0
7452,microsoft corporation stakeholders voluntary pac - msvpac,0
7453,pca pac,0
7454,people for opportunity and progress,0
7455,"united democratic committee of mt pleasant, scottdale, east huntingdon township",0
7456,michael for pa,0
7457,sam party of pennsylvania,0
7458,rev david s smith for us senate,0
7459,"linta, jill for pa house 106",0
7460,friends of jason monn,0
7461,friends of steve renz,0
7462,builders assoc of nw pa - citizens for affordable housing,0
7463,montour co rep com                                          ,0
7464,the fifth square pac,0
7465,"maxim healthcare services, inc pac",0
7466,friends of jason cervone cervone cpc,0
7467,friends of michael harvey,0
7468,green for philadelphia cpc,0
7469,sullivan cty council of rep women,0
7470,friends of david jones,0
7471,paradise republican committee,0
7472,committee for a better pennsylvania,0
7473,friends of korns cpc,0
7474,"rich, br for senate",0
7475,bucks county council of republican women,0
7476,friends of jamie mogil,0
7477,esd pac,0
7478,better courts for pa,0
7479,friends of joe metzinger,0
7480,friends of jeremy shaffer,0
7481,cesar liriano for the 101,0
7482,watson land co. political action committee,0
7483,"corcoran, joseph j. for pa senate com",0
7484,north pgh democratic volunteers corps,0
7485,richland township democratic committee,0
7486,"1776 freedom's calling, inc.",0
7487,common sense soultions,0
7488,friends of joe peters,0
7489,friends of dov,0
7490,"law pac (pa assoc. for justice, f/k/a pa trial lawyers)",0
7491,area 28 republican committee,0
7492,friends of cindy bass,0
7493,"isaacson, marylouise friends of                             ",0
7494,friends of mary hopper,0
7495,friends of ian everhart,0
7496,the colab pac,0
7497,bikers pac bike pac c/o carol unbenhauer treasurer,0
7498,forge ahead lancaster ,0
7499,"geiger shulman, lissa friends of",0
7500,friends of newtown pac,0
7501,pa legislative victory pac,0
7502,jim bobeck,1
7503,"laura c dennis, esq",1
7504,joseph f. sklarosky jr,1
7505,stefanie salavantis,1
7506,judge lesa s. gelb,1
7507,fred a. pierantoni,1
7508,jennifer rogers,1
7509,richard m. hughes iii,1
7510,metroplitan harrisburg builders pac,0
7511,berks count republican committee,0
7512,mccandless rep com,0
7513,michael t. vough,1
7514,toohil tarah,1
7515,michael t vough,1
7516,"gartley, tina polachek for judge",0
7517,orso for judge,0
7518,committee to elect kim tesla judge,0
7519,steve higgins,1
7520,david j. willliamson,1
7521,david j. williamson,1
7522,stephen w. higgins (steve higgins),1
7523,john henry foradora,1
7524,be true to yourself pac,0
7525,indiana co fed of dem women,0
7526,mercer co dem women of,0
7527,local 44 sheet metal workers pal,0
7528,warwick townshp democratic association,0
7529,friends of ryan kiray,0
7530,eastern pa laborer's lpl,0
7531,committee to elect nicole henry-taylor,0
7532,19th executive committee,0
7533,friends of daniel wassmer c/o kelly laserre,0
7534,committee to elect latasha c. williams,0
7535,payr,0
7536,lancaster county senior coalition,0
7537,cigna corporation employee political action committee,0
7538,five six ward,0
7539,"fischer, matthew e ",1
7540,mcginley for judge committee,0
7541,"hammond, sarah the people for",0
7542,"fischer, matt committee to elect",0
7543,chester county women's leadership initiative,0
7544,mccaffery for district attorney,0
7545,democratic sixth ward,0
7546,friends of daniel smith jr.,0
7547,different kind of democrat (dkod),0
7548,"clepper, derek  ",1
7549,"dooley, clare friends of",0
7550,yeager for judge,0
7551,matthew d. menges,1
7552,gregory weyer,1
7553,melissa schwartz sterling,1
7554,mark aaron,1
7555,daniel d. mccaffery,1
7556,"carlucci, bill friends of ",0
7557,kay yu,1
7558,joyce a hatfield-wise,1
7559,"schimizzi, matthew richard",1
7560,dan higgins,1
7561,"stewart, mike friends of",0
7562,vicki markovitz,1
7563,wayne p. mcgrew,1
7564,committee to elect knafelc,0
7565,jonelle eshbach for judge,0
7566,daniel j. maisano,1
7567,george dawson for judge,0
7568,ward 21 friends of,0
7569,"truscello, deborah friends of",0
7570,"shapiro, shari",0
7571,leadership 215,0
7572,food &amp; water action pac,0
7573,unisys corporation associates political action committee,0
7574,"toadvine, allen for judge",0
7575,judge wendy roberts for common pleas,0
7576,"tocci, laura committee to elect judge",0
7577,"ehrlich, william for judge committee",0
7578,ridley park republican party,0
7579,ortho pac (pa orthopaedic soc),0
7580,"mulvey, sue friends of",0
7581,afscme council 13 pol & leg acct                            ,0
7582,citizens to elect brandi j. hershey,0
7583,gaza for judge,0
7584,friends of melissa schwartz sterling,0
7585,samuel doctor,1
7586,"rager-kay, jennifer friends of",0
7587,quaker valley region gop committee,0
7588,commonwealth childrens choice fund,0
7589,"richman, gregg friends of for judge",0
7590,patrick t. kiniry,1
7591,vote yardley 2019,0
7592,"road sprinkler fitters local union no. 669, ua, afl-cio pac",0
7593,"sondergaard, analisa citizens for judge",0
7594,citizens for joshua kall,0
7595,fiscal responsibility of pennsylvania,0
7596,better govt for pa,0
7597,"solebury 2019, mark and john for",0
7598,ward 19 exec. committee,0
7599,retain judge brobson committee,0
7600,political info com of cpa's,0
7601,lawpac (pa assoc. for justice f/k/a pa trial lawyers association),0
7602,friends of lisa boeving-learned,0
7603,kim diane eaton,1
7604,conroy david for judge,0
7605,william p. mahon,1
7606,moving pa forward,0
7607,phila fed teach committee to support,0
7608,helen b. hughes federation of democratic women pac,0
7609,"republic services, inc. emp for better govt pac             ",0
7610,judicial integrity pac,0
7611,"gilliland vanasdale,jennifer ",1
7612,"serpico, chris for judge",0
7613,"kline, john p  (lob)                                        ",0
7614,"mitsubishi hitachi power systems americas, inc. political action committee",0
7615,dowdle 2019,0
7616,"james, ryan for judge",0
7617,"bowman, denise for judge",0
7618,"binder, bret for judge",0
7619,"sondergaard,analisa ",1
7620,venango co. rep com,0
7621,local 0542 pgh sprinklerfitters,0
7622,"william c. robinson, jr.",1
7623,david g. ridge,1
7624,ridley twp rep finance committee,0
7625,robert o. baldi,1
7626,greene co. rep com c/o clint blaney,0
7627,cambria co rep committee,0
7628,"kearney, tim friends of",0
7629,"yaney,tara friends of",0
7630,"sosniak, linda committee to elect",0
7631,hampden twp rep assn                                        ,0
7632,"hyams, carrie e ",1
7633,"masland, albert h ",1
7634,"binder, bret  ",1
7635,lawrence co rep com                                         ,0
7636,pennsylvania justice &amp; public safety pac,0
7637,westmoreland bar retention committee,0
7638,"grayson, lisa  ",1
7639,"warren, rebecca l ",1
7640,"mcdonald- kemp, traci friends of",0
7641,"mcdonald-kemp,traci ",1
7642,"peck,christylee ",1
7643,patricia a. mccullough,1
7644,"mccarthy king, megan  ",1
7645,"thompson, sandra i ",1
7646,"thompson, sandra com to elect judge          ",0
7647,"mccaffery, daniel d ",1
7648,"zigmund, robert andrew ",1
7649,amanda green-hawkins,1
7650,"smith, edwin w  ",1
7651,proven judges pa,0
7652,friends of yardley borough,0
7653,ward 61 pac                                                 ,0
7654,international longshoremen's association (ila) local 1291 pac,0
7655,friends of tara shakespeare,0
7656,friends of dawn wetzel keefer committee,0
7657,"newtown democrats, regina gairo, treasurer",0
7658,indiana twp rep party of,0
7659,friends of mike freedman,0
7660,committee to reelect sandra major,0
7661,friends of margie brown,0
7662,professional acupuncture in pa c/o treas: linda j. silva,0
7663,local 0249 teamsters drive fund,0
7664,perry co rep com,0
7665,"nesbit, tedd for judge",0
7666,serianni for judge,0
7667,"grossman, beth  ",1
7668,"geiger, gerard committee to elect judge",0
7669,"barish, wendi  ",1
7670,"menges, matthew d ",1
7671,"geiger, gerard j ",1
7672,"capehart, thomas for judge committee",0
7673,dianne c. magee,1
7674,greene co. republican committee c/o clinton blarey,0
7675,beth naughton beck for judge,0
7676,friends of eric epstein,0
7677,crumlish james 19,0
7678,committee to elect gil rocco,0
7679,friends of dan muroff,0
7680,kaufer now,0
7681,tucker arensberg pac,0
7682,michael thomas farrell,1
7683,"marks, anna-kristie morffi",1
7684,"thurner, nicole lynn committee to elect",0
7685,"vanderkam, jessica for judge",0
7686,"vanderkam, jessica l",1
7687,capozzi adler c/o christina a mahady,0
7688,"galloway, john - for state rep",0
7689,pocono builders assn pac,0
7690,oxgrove democratic committee,0
7691,"payne, john citizens to elect",0
7692,d.r.i.v.e. chapter 778,0
7693,john h. pavlock,1
7694,lancaster city dem com,0
7695,montgomery co dem com,0
7696,fayette co rep com,0
7697,"grell, glen for house ctte.",0
7698,"delozier, sheryl friends of",0
7699,"lawrence, ken friends of",0
7700,phila fed teach (pft) com supt pub edu,0
7701,"kirkland, thaddeus friends of",0
7702,"walko jr, donald r",1
7703,allegheny co bar assoc pac,0
7704,"evashavik dilucente, susan",1
7705,"ignelzi, philip a",1
7706,"klein, arnie",1
7707,"manning, jeffrey a",1
7708,"sasinoski, kevin g",1
7709,"clark, kim berkeley",1
7710,"colville, robert j",1
7711,"williams, joseph k",1
7712,mary mcginley,1
7713,phila federal credit union-pac (pfcu),0
7714,matt smith,1
7715,friends of virgil walker,0
7716,montgomery co dem women's leadership initiative,0
7717,christylee peck for superior court,0
7718,chester co democratic committee,0
7719,butler co dem committee,0
7720,"western pennsylvania laborers political action fund c/o: william brooks, secretary-treasurer",0
7721,mifflin co rep committee,0
7722,"deon, grace  ",1
7723,"shank,mary  beth ",1
7724,maureen t. belms,1
7725,judge judy olson for supreme court,0
7726,gary b. gilman,1
7727,"wallace h. bateman, jr.",1
7728,rick lowe for delco,0
7729,conroy for judge,0
7730,justice for bucks 20190279,0
7731,asbestos,0
7732,kenneth a. mummah,1
7733,"morganelli,john m ",1
7734,"lucas, margaret t ",1
7735,"seidle-patton,sara j ",1
7736,craig w. stedman,1
7737,"morganelli, john for judge committee",0
7738,friends of tiffany palmer,0
7739,tiffany palmer candidate,1
7740,"powell, crystal friends of",0
7741,patricia e. coonahan,1
7742,victor scomillio,1
7743,"sterling, melissa schwartz",1
7744,judy olson,1
7745,chamberphl pac            ,0
7746,worcester twp rep com                                       ,0
7747,commonwealth licensed beverage assoc pac                    ,0
7748,ward 30 republicans                                         ,0
7749,"baughman, deb friends of",0
7750,akm for judge,0
7751,"heym, george for judge committee",0
7752,friends of montgomery township,0
7753,citizens to elect suzanne delahunt,0
7754,sheet metal workers int&#39;l assoc political action league,0
7755,theresa thomas c/o friends of movita johnson-harrell,0
7756,"hanna, jared for judge",0
7757,"costa, jay jr. for state senate                              ",0
7758,berks future fund,0
7759,friends of amen brown,0
7760,friends of frank scavo,0
7761,pastor pamm 4 progress,0
7762,marathon petroleum corporation employees pac (mpac),0
7763,"cohen, zachary jay ",1
7764,committee to elect erin myers,0
7765,kelly gaughan for judge,0
7766,"friends of raja, inc.",0
7767,mifflin co dem committee,0
7768,"kraus, bradley j ",1
7769,"rashid, nusrat  ",1
7770,"mclaughlin, brandi friends of",0
7771,megan mccarthy king,1
7772,virgil walker,1
7773,david h. conroy,1
7774,friends for sue walker,0
7775,"mccrae, kendra committee to elect for judge",0
7776,"mccrae, kendra ilene ",1
7777,"amrhein, ronald d jr",1
7778,erich spessard,1
7779,joyce a. hatfield-wise,1
7780,matthew t. hovey,1
7781,jennifer scultz,1
7782,"roberts, joshua for judge",0
7783,james c crumlish iii,1
7784,"baxter, kyle marie friends of",0
7785,"roberts, joshua  ",1
7786,"stewart, michael j. ii",1
7787,"booker, terri m ",1
7788,"spessard, erich team",0
7789,committee to elect francesca for judge,0
7790,steven n. necaster,1
7791,"morganelli, john m ",1
7792,"joanow, michael for judge",0
7793,"grossman, beth for judge",0
7794,hilles for judge,0
7795,"hilles, henry s iii",1
7796,"carlucci, william  philip ",1
7797,"nesbit, tedd c ",1
7798,steve gerber for judge,0
7799,go to camp committee,0
7800,sinnott joseph com to elect,0
7801,gaza charles for judge,0
7802,charles d. gaza,1
7803,committee to elect laura tocci judge,0
7804,"topper, jesse friends of",0
7805,"paulson, gregory republicans for",0
7806,"paulson,greg ",1
7807,"stewart,michael j. ii",1
7808,"seidle-patton, sara for judge 2019",0
7809,"tira, ryan committee to elect lycoming county judge",0
7810,"tira,ryan ",1
7811,gregory j. hammond,1
7812,"hovey, matt friends of for judge",0
7813,"walker, cuyler committee to elect",0
7814,bensalem democratic organization,0
7815,fgsm pc pac,0
7816,indian valley democrats c/o anthony ciafardoni,0
7817,"mirabito, rick com to elect",0
7818,friends of jannie l. blackwell pac,0
7819,kaufer now cpc,0
7820,ward 31 republican committee,0
7821,local 0250 teamsters political action committee (charles m. gaston),0
7822,concord rep party,0
7823,vanderkam jessica for judge,0
7824,jessica l vanderkam,1
7825,friends of jenn 4 judge,0
7826,fayette co. rep. committee,0
7827,"cardamone, andrea m ",1
7828,"boser, susan friends of",0
7829,brandi j. hershey,1
7830,linda rovder fleming,1
7831,ward 39-b friends of,0
7832,local 0743 ibew pol. education com,0
7833,karen shreeves-johns,1
7834,the bipartisan committee to elect kassis judge,0
7835,daniel anders,1
7836,"amrhein, ronald committee to elect judge",0
7837,"amrhein,ronald d jr",1
7838,"rafferty, jessica for judge committee",0
7839,abraham p. kassis,1
7840,"walsh, justin for judge",0
7841,"palmer, tiffany friends of",0
7842,"palmer, tiffany  ",1
7843,thomas r. campbell,1
7844,theresa brunson,1
7845,pa dental,0
7846,maureen t. belme,1
7847,"paphcc (pa assoc plumbing, heating cooling cont)            ",0
7848,"sondergaard, analisa  ",1
7849,"pawlowski, ed friends of                                    ",0
7850,friends of enid santiago,0
7851,"the geo group, inc. political action committee fec id c00382150",0
7852,committee to elect brian ellis,0
7853,38th ward gop,0
7854,lafargeholcim usa employees pac,0
7855,committe to re elect frank burns,0
7856,tina davis for state senate,0
7857,bridget malloy koslerwski,1
7858,d. raja,1
7859,francesca a. iocovangelo,1
7860,"levin, craig committee to elect",0
7861,"levin, craig  ",1
7862,4we the people - cook,0
7863,friends of carolyn committa,0
7864,friends of sue henry,0
7865,north-east central republican alliance (necra pac),0
7866,elect robun colajezzi,0
7867,pasr/l-pec (pa assn ofr school retirees),0
7868,committee to elect william al jacobs,0
7869,friends of james roman,0
7870,michael baker international holdco corporation political action committee (michael baker international p,0
7871,williamsport area women's democratic committee pac,0
7872,afl-cio (erie),0
7873,friends to elect cateria r. mccabe judge,0
7874,"cohen, zachary cohen4judge",0
7875,pennsylvania bar association political action committee,0
7876,"logan, tom friends of",0
7877,us acute care solutions pac,0
7878,tarasi for superior court,0
7879,asbestos heat,0
7880,pft,0
7881,"aaron, mark for judge",0
7882,mont co rep women's leadership,0
7883,grayson lisa for judge,0
7884,chaddsford democratic party,0
7885,local 0044 sheetmetal,0
7886,"bradford co dem committee c/o jeffrey m. gonzalez, treasurer",0
7887,pa pro-life federation state pac,0
7888,"mergl, ryan committee to elect judge",0
7889,"warren, rebecca for judge",0
7890,bridget malloy kosierowski,1
7891,amen brown,1
7892,"mccabe, cateria friends to elect judge",0
7893,"pennsylvania committee for affordable housing/lori venema, treasurer; jill pento, assist tre",0
7894,"gambardella, gary friends of",0
7895,"truscello, deborah marie ",1
7896,"tomasko, ron for judge",0
7897,"kasunic, richard a campaign comm c/o richard a. kasunic, treas.",0
7898,shawn t. mcmahon,1
7899,andrea cardamone for judge,0
7900,"pennsylvania committee for affordable housing/lori venema, treasurer, jill pento, assist tre",0
7901,william a. ehrlich,1
7902,"dipillo, jennifer m ",1
7903,keeping america competitive                                 ,0
7904,"rashid, nusrat friends of",0
7905,"sulman,daniel robert ",1
7906,"baxter, kyle marie ",1
7907,"seidle-patton, sara j ",1
7908,"dow, laurie t ",1
7909,springfield twp democratic committee - montgomery county,0
7910,friends of langhorne manor,0
7911,local 0249 teamsters drive fund c/o treasurer: kevin m. schmitt,0
7912,sullivan county dem com,0
7913,elk co rep committee,0
7914,mercer co dem women,0
7915,"western pa laborers pac c/o: william brooks, secretary-treasurer",0
7916,abington township rockledge borough republican committee (atro),0
7917,"artom-ginzburg, lionel for judge 2019 committee",0
7918,"rafferty, jessica l ",1
7919,montgomery co dem committee,0
7920,allied craftworkers local 1 pa/de pac,0
7921,smerechanskyy taras for pa,0
7922,bipart political action committee/the bank of new york mellon corporation bipac/bnym,0
7923,thomas capehart,1
7924,cement masons,0
7925,fayette co dem co,0
7926,committee to elect clark mitchell,0
7927,area 18 republicancommittee,0
7928,"webster, joe friends of ",0
7929,bipartisan education solutions team,0
7930,lower bucks leadership fund pac,0
7931,"gambardella, thomas gary ",1
7932,friends of charissa liller for judge,0
7933,friends of brian zidek,0
7934,friends of steve mccarter,0
7935,western pennsylvania laborers' political action fund,0
7936,dwight g. diehl,1
7937,pennsylvania concrete pavement pac                                      ,0
7938,"doctor, sam friends of ",0
7939,hamburg rubin mullin maxwell &amp; lupin pac,0
7940,tomasko for judge,0
7941,capozzi adler pac c/o christina a mahady,0
7942,american airlines inc. political action committee (aapac),0
7943,united steelworkers local 3403,0
7944,dianne magee for judge,0
7945,lower buck leadership fund pac,0
7946,benninfhoff for representative,0
7947,friends of gregory weyer,0
7948,mike farrell for judge,0
7949,the committee to elect scott zelov,0
7950,worcester twp rep comm,0
7951,friends of ian brink for judge,0
7952,mark aaron for judge,0
7953,ian brink,1
7954,sohonage,0
7955,kirk sohonage,1
7956,the people for sarah hammond,0
7957,conservation voters of pa victory fund,0
7958,plan-w pa,0
7959,the people for ron holt,0
7960,committee to elect dan higgins judge,0
7961,laborers' local 130 pac,0
7962,people for parker,0
7963,phila dem campaign committee of philadelphia,0
7964,luzerne co rep party,0
7965,wyoming county dem committee,0
7966,smart local 44 sheetmetal political action league,0
7967,committee to elect shawn t. mcmahon judge,0
7968,chester co rep com,0
7969,"bradford co dem committee, c/o jeffrey m. gonzalez, treasurer",0
7970,"dickie, mccarney &amp; chillcote political action committee",0
7971,fgsm,0
7972,james c. crumlish iii,1
7973,jonelle eshbach,1
7974,friends of wayne mcgrew,0
7975,"serianni, nicola f ",1
7976,deb ryan for da,0
7977,tioga co dem com,0
7978,kdff pac,0
7979,hersham republican party,0
7980,friends of sam demarco pac,0
7981,ward 26 rep exec com.,0
7982,120th rep dist,0
7983,philadelphia dem camp com,0
7984,quaker valley republican comm,0
7985,friends of nusrat rashid,0
7986,ward 10 executive com,0
7987,moving titusville forward,0
7988,48th ward executive committee,0
7989,"paulson, greg for judge",0
7990,"carlucci,william  philip ",1
7991,martin s. coleman,1
7992,diane r. thompson,1
7993,glynnis d. hill,1
7994,pickford for judge,0
7995,"olson, judy keep judge",0
7996,friends of danny savage,0
7997,national democratic county officials-ndco,0
7998,"henry lewandowski, iii",1
7999,carolyn tornetta carluccio,1
8000,ida k chen,1
8001,citizens for hughes vincent,0
8002,robert p. coleman,1
8003,roxanne e. covington,1
8004,"michael j. koury, jr.",1
8005,crystal b. powell,1
8006,committee for kopas pac,0
8007,friends of melissa schwatz sterling,0
8008,"eckel, kelly  ",1
8009,eastern schuylkill dems club,0
8010,justice for bucks,0
8011,tri county fed of dem women                                 ,0
8012,klein for judge committee,0
8013,west whitehead democrats,0
8014,"monroe county democratic women, anne fetherman treasurer",0
8015,friends of tay waltenbaugh,0
8016,the committee to elect sandra thompson judge,0
8017,democratic society of york - democratic society of,0
8018,chester county democratic women's leadership intiative,0
8019,armstrong co dem committee,0
8020,friends with diana cpc,0
8021,energy for tomorrow ,0
8022,"roe, eric friends of campaign finance committee",0
8023,greater hbg association of realtors political action committee,0
8024,ravenstahl for mayor pac,0
8025,friends of jack stollsteimer pac,0
8026,ward 19 executive committee,0
8027,the arena pa pac,0
8028,friends of sam demarco,0
8029,susan k. pickford,1
8030,delco dems united (john kane),0
8031,pa future funds,0
8032,enviroment america action fund,0
8033,women of the future pittsburgh,0
8034,"crumlish, james 19",0
8035,"yeager, jordan b ",1
8036,ward 41 friends of the dems                                 ,0
8037,"polachek gartley, tina-judge of the court of common pleas (retention)",1
8038,garrett d. page,1
8039,"rafferty, jessica l",1
8040,kelly christina wall,1
8041,local 81 ibew c/o treasuer michael mcdermott,0
8042,"peck, christylee  ",1
8043,friends of amber little turner,0
8044,"steven n. necaster, candidate for court of common pleas 36th judicial district",1
8045,leonard saul deutchman,1
8046,"dicicco, christian 4 judge",0
8047,susquehanna county dem committee,0
8048,friends of charles j. kokinda jr.,0
8049,"serpico, christopher j ",1
8050,"enterprise holdings, inc.  political action committee - fedpac id# c00219642",0
8051,"gerard, pamela friends of",0
8052,sheila woods-skipper,1
8053,"murphy, lois  ",1
8054,wendy lynn pew,1
8055,kelly gaughan,1
8056,dist council 47 pac                                         ,0
8057,engie north america inc. pac (ena pac),0
8058,koch indust inc pac (kochpac)                               ,0
8059,intl union painters allied trade                            ,0
8060,lackawanna co rep.,0
8061,citizens for stan saylor c/o brenda sueresh,0
8062,snyder co rep committee,0
8063,silver for supervisor,0
8064,uwua local 686 com on political education fund,0
8065,"devor, jennifer votes 4 philly ",0
8066,the scotts miracle-gro co stewardship pac fed id# c00365254,0
8067,pac 45 (ward 45),0
8068,allegheny com for affordable housing,0
8069,"phillips, vincent m.     (lob)                              ",0
8070,veterans leadership pac,0
8071,"wade, albert friends of",0
8072,"momasso, janine d ",1
8073,"mcdonald-kemp, traci  ",1
8074,"iacovangelo, francesca a ",1
8075,south philadelphia republican victory fund,0
8076,jared j. hanna,1
8077,the com elect scott zelov,0
8078,p.h.b.a. (pa horse breeders assn),0
8079,richard j. joyce,1
8080,teamsters joint council 40,0
8081,eric k dowdle,1
8082,"their party, your problem",0
8083,pa association of private school administrative pac,0
8084,"patty smith, friends of",0
8085,"citizens for greenleaf, stewart",0
8086,chester county chamber pac c/o m. martelli,0
8087,friends of jesse garitt,0
8088,tobash michael for a better 125th,0
8089,charles gaza,1
8090,university city rep com,0
8091,biparttisan friends of christa caceres,0
8092,concord twp republican party,0
8093,rachel fingles for pennsylvania,0
8094,joseph e sinnott,1
8095,"lamb, michael for pa",0
8096,thomas a. james,1
8097,donna m. woelpper,1
8098,"bononi, michele g ",1
8099,ruth mackfey democratic club,0
8100,brittain2020,0
8101,friends of bill troutman,0
8102,north side good govt com,0
8103,friends of vera cole,0
8104,friends of kara scott,0
8105,"melchiorre, vincent committee to elect judge",0
8106,pbfaa pac,0
8107,leadership for tomorrow fund c/o treas: james garvin,0
8108,teamster local #30 political action committee,0
8109,north east builders for affordable housing,0
8110,"lamb, jimmy friends of",0
8111,venango county rep. committee,0
8112,committee to elect john meher,0
8113,1776 freedom's calling,0
8114,8th ward gop philadelphia,0
8115,novolex holdings inc. responsible government fund,0
8116,friends of mary avker-endres,0
8117,"shank, mary  beth ",1
8118,"santiago, rashid for judge",0
8119,bill shuster for congress                                   ,0
8120,"sala, peter  j ",1
8121,"grayson, lisa for judge",0
8122,friends of brian samuel malkin for judge,0
8123,local 0249 teamsters drive fund c/o treasurer:kevin m. schmitt,0
8124,elizabeth naughton beck,1
8125,friends of dawn burke,1
8126,fed of dem women,0
8127,"yu, kay for judge",0
8128,kay for judge,0
8129,friends of matt hovey for judge,0
8130,citizens for sara campbell,0
8131,taxpayers unite blair county,0
8132,emgage pac pa,0
8133,committee to elect to delco common pleas court william 'al' jacobs,0
8134,committee to elect william 'al' jacobs,0
8135,committee to elect nicole lynn thurner,0
8136,nicole lynn thurner,1
8137,dla piper llp (us) political action committee,0
8138,doug mastriano,1
8139,pa health care assn (phcapac),0
8140,gop 19,0
8141,"pennsylvania committee for affordable housing/lori venema, treasurer: jill pento, assist tre",0
8142,friends of kevin j lott,0
8143,vanderkam for judge,0
8144,"mergl, ryan a. ",1
8145,lancaster county association of reactors political action committee,0
8146,committee to elk shawn t. mcmahon judge,0
8147,greene co. republican committee c/o clinton blaney,0
8148,kirk 4 judge committee,0
8149,kirk s. sohonage,1
8150,friends of matt holt,0
8151,western pa laborers' political action fund,0
8152,timber pac c/o treasurer brian a. rider,0
8153,greater harrisburg association of realtors(r),0
8154,united assoc political education com                        ,0
8155,pennsylvania automotive association political committee,0
8156,chester co dem com,0
8157,political info committee of cpas (pic-cpa),0
8158,york co rep committee,0
8159,alcoa corporation employees' voluntary pac,0
8160,f.n.b. corporation pac                                ,0
8161,jill linta for pa house 106,0
8162,acba judicial excellence committee box 69185,0
8163,hampden township republican assoc,0
8164,"rager-kay, jennifer  ",1
8165,"deon, grace for judge",0
8166,"reisteter, daniel j  (lob)                                  ",0
8167,alliance for a bettr pennsylvania,0
8168,brewpac,0
8169,abington twp rockledge bor rep org,0
8170,western pa laborers' political action fund c/o: william brooks secretary-treasurer,0
8171,"polachek gartley, tina - judge of the court of common pleas (retention)",1
8172,tioga co rep committee,0
8173,jones jacquie 2019,0
8174,"crown cork & seal company, inc pac",0
8175,"mitko, terri committee to elect",0
8176,fulton co rep com,0
8177,indiana-armstrong builers for affordable housing,0
8178,local 81 ibew c/o treasuere michael mcdermott,0
8179,benninghoff kerry for representative,0
8180,"sala,peter  j ",1
8181,"camson, josh friends of",0
8182,better prosectutors for pa,0
8183,area ii rep com                                             ,0
8184,"donaher, dean friends of",0
8185,o&#39;briens for bucks county,0
8186,"fleming, linda rovder ",1
8187,eli lilly and company political action committee - c00082792,0
8188,bensalem democratic organization (bdo),0
8189,pft pol,0
8190,"hughes, helen fed of dem women",0
8191,first commonwealth financial corp pac,0
8192,quaker valley republican committee (qvrc),0
8193,clarion co rep com,0
8194,friends of thomas caltagirone,0
8195,fulton co dem committee,0
8196,pa manufactured housing pac c/o treasurer dalane eisenhart,0
8197,"alan m. rubenstein, judge of the court of common pleas of bucks county [retention election]",1
8198,citizens for stan saylor c/o brooke sue resh,0
8199,franklin co reagan coalition,0
8200,crown cork &amp; seal,0
8201,"james, thomas a ",1
8202,ryan james,1
8203,bikers pac (bikepac) c/o carol umberhaust treasurer,0
8204,"ksmrs pac c/o neil a. stein, esquire",0
8205,kasunic richard a. campaign comm c/o richard a. kasunic treas,0
8206,tioga co dem party c/o treasurer robert h. wooley,0
8207,towamencin rep committee,0
8208,juniata co rep comm,0
8209,angela r. krom,1
8210,iuec local 5,0
8211,prccc,0
8212,transport wrkers local 234,0
8213,indian valley dem com c/o anthony j. ciafardoni,0
8214,"schwartz sterling, melissa friends of",0
8215,"dawson, george for judge",0
8216,"mahon, william p",1
8217,"united democrat committee of mt. pleasant, scottdale, east huntingdon township",0
8218,pa accountants pac,0
8219,friend of mary isaacson,0
8220,friends for joe spanik,0
8221,airneezer page bingham,0
8222,kin diane eaton,1
8223,"boling, daryl friends of- common sense for the commonwealth",0
8224,warren co. dem. com.,0
8225,quaker valley republican committee,0
8226,bipart pac,0
8227,"jones, mike for pa",0
8228,"ciamacca, deb friends of",0
8229,friends of rochelle bilal,0
8230,faculty and staff federation community college of philadelphia c/o marc meola,0
8231,novachemicals inc,0
8232,uaw vcap c/o ray cury,0
8233,ncfo political league,0
8234,moving titusville forward pac,0
8235,pennenvironment action fund,0
8236,mariaforpa collett,0
8237,the chamber of commerce for greater philadelphia political action committee aka chamberphl pac,0
8238,iuec local no. 5 pac fund,0
8239,"keller, bill com to elect state rep                         ",0
8240,"lowe, richard h ",1
8241,ward 48 dem executive com,0
8242,25th ward democrat club,0
8243,liberty bell beverage pac                                   ,0
8244,"howard, kristine committee to elect ",0
8245,erie co dem comm pac,0
8246,h c penn pac,0
8247,carbon co dem com,0
8248,"gilliland vanasdale, jennifer",1
8249,northwestern republican committee of chester county,0
8250,com to elect a republican council,0
8251,mont co rep womens leadership,0
8252,annmarie kaiser,0
8253,committee to elect sharon guidi pa house 40,0
8254,wayne co builders for afforde housing,0
8255,citizens for danielson,0
8256,"enterprise holdings, inc. political action committee - fedpac id# c00219642",0
8257,pennsylvania federation of college republicans,0
8258,"deluca, anthony for leg",0
8259,western pennsylvania laborers political action fund c/o: william brooks secretary-treasurer,0
8260,ipal (ironworkers pol action league,0
8261,committee to retain judge amesbury,0
8262,"plumstead democrats, daniel s. ullman, treasurer",0
8263,venango co. rep comm,0
8264,indian valley democrats c/o anthony j. ciafardini,0
8265,concord-bethel democratic comm.,0
8266,pasnap - pa assn staff nurses/allied profs,0
8267,ward 19,0
8268,local 0044 sheet,0
8269,"silver for supervisor, peter f. palestina, treasurer",0
8270,local 0401 ironworkers pac,0
8271,"regional leaders, c/o frank colacci, treasurer",0
8272,hatfield-wise,0
8273,friends of jannie l. blackwell c/o stanley l. straughter,0
8274,common ground pa pac,0
8275,"mcginley, mary for judge committee",0
8276,horsham republican party (hrp),0
8277,committee to elect dave ridge,0
8278,"toppin, sherman committee to elect for judge",0
8279,"toppin, sherman cordelle ",1
8280,"iacovangelo, francesca committee to elect for judge",0
8281,friends of jason selus,0
8282,general building contractors assn pac,0
8283,"santiago, rashid o ",1
8284,"attisano, marco for pa",0
8285,flsmidth inc. political action committee,0
8286,charlotte greer for pa,0
8287,bucks county democratic women's leadership initiative,0
8288,jp morgan chase & co pac                                   ,0
8289,friends of matt nelson,0
8290,evette thompson,0
8291,the first ward republican committee,0
8292,regina young,0
8293,urologists for patient access to care pac (upac),0
8294,"lehman, aaron friends of",0
8295,"l3harris technologies, inc. pac",0
8296,city of allentown democratic committee,0
8297,green party of allegheny co                                 ,0
8298,franklin park republican committee (fprc) c/o laura coombs,0
8299,committee to elect kathy fatica,0
8300,citizens for dennis lee,0
8301,perry a stambaugh friends of,0
8302,"marburger, emily elect",0
8303,seniors for better government,0
8304,local 0506 leg action com,0
8305,pa academy of nutrition &amp; dietetics pac (pamd pac),0
8306,pennsylvania concrete pavement pac,0
8307,pa acdemy of otolaryngology pac (oto pac),0
8308,bowl pac,0
8309,"kail, joshua citizens for",0
8310,bp corporation north america inc. political action committee,0
8311,people for emily kinkead,0
8312,friends of marian keegan,0
8313,radnor township democratic comm.,0
8314,greene co. democratic committee,0
8315,bayada home health care pac                                           ,0
8316,intl union operating eng,0
8317,"vaughan, diana for pa",0
8318,com to elect joseph sinnott,0
8319,"schlauch, steve friends of",0
8320,barnhardt for berks 2007,0
8321,friends of tom kirsch,0
8322,"heath, carrie committee to elect for pa house ",0
8323,"andrew, anton  ",1
8324,"dean cunnane, madeleine   ",1
8325,"danielson, shanna citizens for",0
8326,"wagner, scott r ",1
8327,"hughes, helen fed of dem women                              ",0
8328,laura ellsworth,1
8329,"edwards, abu friends of",0
8330,"wolf, thomas w ",1
8331,re-elect angel cruzfor the 180th,0
8332,"bartos, jeffrey a",1
8333,"logan, wanda",1
8334,"dixon, andrew committee to elect",0
8335,raymond sosa,1
8336,peg luksik,1
8337,"bowers, kathleen e ",1
8338,"best, emily committee to elect",0
8339,"corbin, rebecca p ",1
8340,"probst, tarah dorothea ",1
8341,"pavlecic, jacob robert ",1
8342,"pavlecic, jacob friends for ",0
8343,"carlucci, tom friends of",0
8344,unity for 63,0
8345,"rager-kay, jennifer renee ",1
8346,"metcalfe, douglas b ",1
8347,"anderson, karen ann friends of",0
8348,"anderson, karen ann ",1
8349,volunteers for jason kelso,0
8350,wherley michele for pa 41,0
8351,michele d wherley,1
8352,"farnese, lawrence friends of                                ",0
8353,nina for congress,0
8354,ward 43 dem com                                             ,0
8355,"solomon, jared g ",1
8356,i am with melissa scott,0
8357,"breneman, jay a ",1
8358,"deering, jason alexander ",1
8359,"breneman, jay friends of",0
8360,friends of adam klein,0
8361,"18 friends of vince, gagliardo",0
8362,vincent d gagliardo jr.,1
8363,ruth moton,1
8364,upper moreland rep committee,0
8365,ward 56 dem com,0
8366,iron workers (ipal),0
8367,committee to elect helen tai,0
8368,teamsters local 628 pac c/o treas: john dagle,0
8369,local 0030 teamsters,0
8370,friends of jen porter,0
8371,john wardle,1
8372,tioga co dem com c/o treasurer robert wooley,0
8373,schuylkill county rep com,0
8374,"team gillespie, keith",0
8375,friends of donna iannone,0
8376,donna iannone,1
8377,mark m gillen,1
8378,friends of john mcginnis,0
8379,springfield twp dem committee - montgomery county,0
8380,ward 08 dem exec com,0
8381,"beitler, ronald w. ",1
8382,lycoming co dem committee,0
8383,"western pennsylvania laborers' political action fund c/o: robert l. kmecak, jr., secretary-treasurer",0
8384,friends of jean foschi,0
8385,"hacker, pam friends of ",0
8386,russell. silas for pa,0
8387,"baltsar, matthew ryan ",1
8388,"applebach, thomas lee ",1
8389,pacronym,0
8390,"slappy, darcelle campaign and friends to elect",0
8391,"krueger-braneky,leanne t",1
8392,zeneca. inc. political action committee (azmedipac),0
8393,"wherley, michele d ",1
8394,"troutman, william n jr",1
8395,"angelichio, leon  ",1
8396,"kearney, timothy p ",1
8397,"nesbit, tedd  ",1
8398,phila fed teachers (pet) com sup,0
8399,clint owlett,1
8400,friends for justin behrens,0
8401,friends of elizabeth book,0
8402,joshua nulph,1
8403,friend of jess stairs,0
8404,eric roe,1
8405,kline for upper bucks,0
8406,friends of mary auker-endres,0
8407,committee to elect ed sanders iii,0
8408,friends of gregory michalek,0
8409,gregory michalek,1
8410,sarah hammond,1
8411,someset co democratic committee,0
8412,operating engineers local #66,0
8413,dickie mccarney &amp; chilcote political action committee,0
8414,18 friends of vince gagliardo,0
8415,house rep campaign committee,0
8416,rep state committee of pennsylvania,0
8417,pat browne,1
8418,friends of patti rodgers morrisette,0
8419,mcnees,0
8420,friends of patty pat kozlowski,0
8421,"cox, james a jr",1
8422,"flynn, martin b ",1
8423,keith gillespie,1
8424,mario scavello,1
8425,reclaim philadelphia pac,0
8426,"gerard, pamela  ",1
8427,"garbuny best, emily  ",1
8428,"baker, elisabeth j ",1
8429,"wertz, trish friends for",0
8430,"rodriguez, adam anthony ",1
8431,"donnelly, sarah  ",1
8432,"recklein, bob friends of",0
8433,"stefano, patrick j. ",1
8434,"williams, dan k ",1
8435,"wolf,thomas w ",1
8436,"herr, lois for pa senate",0
8437,friends of erin mccracken,0
8438,sherwood mcginnis for 199th,0
8439,rafferty for senate,0
8440,lh pac,0
8441,friends of farnese lawrence,0
8442,the people for sarah hammond (office sought - pa house of representatives district 169),0
8443,centre county rep committee,0
8444,friends of stewart greenleaf,0
8445,people for ron holt,0
8446,danielle 4 pa friel otten,0
8447,friends of the 29th ward,0
8448,friends of rob rhoderick,0
8449,linda fields,1
8450,beaver achiever,0
8451,edward t. sanders iii,1
8452,gbca pac general building contractors,0
8453,friends of steve toprani,0
8454,ethan keedy,1
8455,committee to elect nick fountain,0
8456,"haywood, arthur l iii",1
8457,"dellafiora, logan friends of",0
8458,"smith,daniel burton jr",1
8459,gerald carnicella,1
8460,jill linta,1
8461,"monroe, elizabeth  ",1
8462,monroe betsy friends of,0
8463,"shaffer, jeremy kevin ",1
8464,"delloso, david m ",1
8465,eric j. epstein,1
8466,jay ting walker,1
8467,friends of jeff cole,0
8468,38th ward dem executive cmttee,0
8469,commitee to elect kristin seale,0
8470,daryl kirk boling,1
8471,bricklayers &amp; allied craftworkers pac local 0001 bac,0
8472,plan w,0
8473,bedford co rep committee,0
8474,delaware co. rep. finance com. 7900243,0
8475,"hacker, pamela a ",1
8476,"santana, tom",0
8477,comm. to elect fawn walker-montgomery,0
8478,"hamilton, mark people to elect",0
8479,pittsburgh dsa-pac,0
8480,"taylor, ebony  ",1
8481,"marsh, laban a ",1
8482,pfizer pac                                                  ,0
8483,joshua hershey,1
8484,greene co. rep com,0
8485,pa. republican caucus of county commissioners prccc,0
8486,central susquehanna builders assn pac,0
8487,"rohanna mcclure, elizabeth l",1
8488,"taylor, ebony friends to elect",0
8489,delaware co rep women's committee,0
8490,friends of bob brooks (bob brooks),0
8491,friends of jim junkin,0
8492,"pac pard philpac c/o burt zaslow, treasurer",0
8493,curtis a. werner,1
8494,"kinney, rebecca l friends of",0
8495,flippable- pennsylvania victory fund,0
8496,"sister district project, inc.",0
8497,"strano taylor, kerith cares",0
8498,"nelson, matt friends of",0
8499,moveon.org political action ,0
8500,"filippi, richard e ",1
8501,"day, gary  w ",1
8502,"darragh, matthew j friends of",0
8503,elk county republican com,0
8504,"plosa-bowser, bev for pa",0
8505,bellevue democratic comm,0
8506,friends of scott larue,0
8507,emerge pac pa,0
8508,clinton co dem com,0
8509,rocco jeff friends of,0
8510,sorace for mayor,0
8511,friends of patty - pat kozlowski,0
8512,"friends of yardley borough david appelbaum, treasurer",0
8513,patricia l. kozlowski,1
8514,deb fulham-winston for carlisle borough,0
8515,committee to elect chernisky smith,0
8516,friends of ron castille,0
8517,"kuklis, joe",0
8518,"sosniak, linda kay ",1
8519,one vote at a time pennsylvania ,0
8520,"kasunic, richard a. campaign comm., % richard a kasunic, treas",0
8521,katie muth,1
8522,markosek campaign brandon,0
8523,cris dush,1
8524,anheuser-busch companies inc. political action committee,0
8525,"hohenstein, joseph c ",1
8526,"cole, maryanne friends of",0
8527,"hanbidge, laura  elizabeth frances ",1
8528,"mundiath, chris for state representative",0
8529,"johnson rothman, sara joanne ",1
8530,cvs health political action committee                               ,0
8531,forward majority action 527 pa,0
8532,"filippi, rick friends of",0
8533,bayada home health care pa pac,0
8534,friends for virgil walker,0
8535,ydacpac,0
8536,strong public schools pittsburgh c/o wayne d. gerhold,0
8537,committee to elect kristin seale,0
8538,"mizgorski, lori we believe",0
8539,taras for pa smerchanskyy,0
8540,"mulvey, sue ann ",1
8541,valerie gaydos for pa,0
8542,valerie gaydos,1
8543,pink collar pac,0
8544,chester county young democrats,0
8545,kay for judge yu,0
8546,patrick dougherty for judge,0
8547,ruth mackley dem club,0
8548,langhorne manor democratic committee,0
8549,chester county chamber pac c/o marianne martelli treasurer,0
8550,venango co. rep. comm.,0
8551,committee to elect tom breth,0
8552,"united democratic committee of mt. pleasant, scottdale and east huntingdon",0
8553,bradford county council of rep women,0
8554,gallagher mike friends of,0
8555,lancaster county association of realtors political action committee lcar-pac,0
8556,second district luzern county republican committee,0
8557,robert heller,0
8558,chester county womens leadership initiative,0
8559,washington county republican committee,0
8560,friends of barry cockley,1
8561,tavern pac                                                  ,0
8562,krawchuk'18,0
8563,"healey, marty committee to elect (martyhealey.com)",0
8564,pioga pac - pa ind: oil &amp; gas,0
8565,pioga pac pa ind. oil &amp; gas,0
8566,pioga pac pa ind oil &amp; gas,0
8567,lebanon county young republicans,0
8568,"causer, martin t.",1
8569,"webster, joe, friends of",0
8570,50th ward democratic executive committee,0
8571,friends for jay moyer,0
8572,jefferson co rep party,0
8573,friends of mike baker,0
8574,"behrend ernsberger, barbara for judge",0
8575,principles over politics,0
8576,phila dem campaign committee of,0
8577,"martino, dan friends of ",0
8578,joshua baird hershey,1
8579,friends of bryan kline,0
8580,robert a. kennedy,0
8581,tioga co dem party c/o treasurer robert wooley,0
8582,greene co rep com c/o clint blaney treasurer,0
8583,bikers pac bikepac c/o carol umbenhaver treasurer,0
8584,chadds ford democratic partry,0
8585,cozzone for pa (lt gov),0
8586,guzman for the 127,0
8587,delaware county rep state com of,0
8588,pa truck association pac (pmta pac),0
8589,friends of lauren lareau,0
8590,western pennsylvania political action fund,0
8591,srw&amp;a pac,0
8592,bachman for pa house,0
8593,committee to elect sharon guidi pa house 40th,0
8594,huntingdon county democratic comm.,0
8595,pa for peg,0
8596,"williams, claudette friends of for senate",0
8597,friends of quincy,0
8598,lcar - pac,0
8599,ted harhai campaign fund,0
8600,cement masons &amp; plasterers local 592,0
8601,local #44 political action committee,0
8602,thomson rhodes and cowie pc pac,0
8603,ward 08 democratic executive committee,0
8604,iuec local 5 pac,0
8605,p.sa action pac,0
8606,"leach, daylin day pac",0
8607,"doyle, mike freinds to elect",0
8608,friends of regina scheerer,0
8609,people for dennis weaver,0
8610,committee to elect sernell,0
8611,pennsylvania republican outreach (propac),0
8612,"brennan, timothy patrick ",1
8613,"lee, andy friends of",0
8614,adam anthony rodriguez,1
8615,"devine, michael u ",1
8616,kimberly m. hart,1
8617,trish wertz,1
8618,williams,1
8619,"cozze, amy",1
8620,"dixon, paul pa 4",0
8621,friends of robert castellani,0
8622,robert castellani,1
8623,"bartos, jeffrey a ",1
8624,"powell markle, tracy friends of",0
8625,jeremy kevin shaffer,1
8626,"anderson, julie friends of",0
8627,"cozzone, kathleen m ",1
8628,"vazquez, emilio friends of",0
8629,"wertz, tricia l ",1
8630,"daley, mary  josephine ",1
8631,"donnelly, sarah friends of ",0
8632,"newborn, maryalice friends of",0
8633,james s junkin,1
8634,"newborn, maryalice  ",1
8635,"monroe, betsy friends of",0
8636,"hunt, doug friends of",0
8637,francis mchale,1
8638,elect bill kortz,0
8639,"wheeler, julie dietz ",1
8640,"doddato, bob friends of",0
8641,brandon j. markosek,1
8642,terrance shepler,1
8643,"vecchio, erin committee to elect",0
8644,"friends of korns, michael",0
8645,"stewart greenleaf, jr.",1
8646,"glover, paul for govenor",0
8647,"cozze, amy friends of",0
8648,"capouellez, justin f ",1
8649,james roman,1
8650,"curry, jeffrey paul ",1
8651,"glover, paul  ",1
8652,"dush, cris  e ",1
8653,"dean cunnane,madeleine  ",1
8654,"ecker, torren c.",1
8655,christina d sappey,1
8656,scott larue,1
8657,"cockley, vincent barry",1
8658,"scott wagner for governor, inc",0
8659,"taylor, kerith strano ",1
8660,ward 26 rep exec com                                        ,0
8661,jerry carnicella for state representative,0
8662,de pasquale for pa,0
8663,(bowl pac),0
8664,pac (oto pac),0
8665,pa college of emergency physician pac (pep pac),0
8666,"collett, maria for pa",0
8667,day &amp; zimmerman inc (daypac-federal),0
8668,energy leaders political action committee of vistra energy,0
8669,rep state leadership committee pac &amp; individual account,0
8670,local 0107 pac,0
8671,kara scott friends of,0
8672,local 542,0
8673,friends of judith higgins,0
8674,noel nyquist,0
8675,unidosus action pac,0
8676,"brennan, tim friends of",0
8677,friends of tony sposato,0
8678,pa sierra club ie pac,0
8679,friends of mary auker - endres,0
8680,jordan yeager for judge,0
8681,friends of tom logan,0
8682,"wuf political action fund c/o: william brooks, secretary-treasurer",0
8683,"western pennsylvania laborers' political action fund c/o: william brooks, secretary-treasurer",0
8684,bernard williams for state representative,0
8685,hope pac,0
8686,"brown, amen friends for",0
8687,kutak rock llp political action committee,0
8688,12th ward democratic committee,0
8689,nina for pa ahmad,0
8690,franklin park rep com,0
8691,local 2026 faculty fed/comm. c,0
8692,"mt. lebanon democratic committee c/o peter radunzel, treasurer",0
8693,friends of debby derricks,0
8694,"ullman, wendy friends of",0
8695,"kiss, dan friends of",0
8696,camera for senate bartolotta,0
8697,"settles, diane  ",1
8698,"walker, jay friends of",0
8699,"walker, jay ting ",1
8700,"thomas, lewis friends of                                    ",0
8701,"toprani, steve friends of",0
8702,"kenney, james for philadelphia",0
8703,friends of mike stewart,0
8704,"otten, danielle friel ",1
8705,maria collett,1
8706,4wethepeople-cook,0
8707,"robert tommy"" tomlinson""",1
8708,"caylor, shane friends to elect",0
8709,"bertha, robert andrew  ",1
8710,"warren, collin committee to elect",0
8711,kathleen coder,1
8712,"mccabe, jon for pa",0
8713,"caylor, shane d ",1
8714,"ughetto, joseph eugene ii",1
8715,"lehman, aaron  winsor ",1
8716,pa federation of college republicans,0
8717,ward 31 pac 31 31st ward dem ex com,0
8718,"wright, theresa campaign for",0
8719,"cole, jeff friends of",0
8720,"orazi, e lauren",0
8721,"beaver, douglas m jr",1
8722,"kinney, rebecca l ",1
8723,anthony thomas harrell,1
8724,pittston area fed of teacher com on pol edu,0
8725,michele brooks,1
8726,penns house dem campaign committee,0
8727,joshua nulph for pennsylvania state house of representative,0
8728,friends of jerry leach,0
8729,taxpayers for torren ecker,0
8730,house republican campaign com 2004,0
8731,friends of rob myers,0
8732,"beaver, doug achiever",0
8733,paphcc,0
8734,friends of stephanie walsh,0
8735,jeff cole,1
8736,friends of baltazar rubio,0
8737,washington co rep committee,0
8738,phil dem campaign com of,0
8739,crown pac (pac),0
8740,lower merion &amp; narberth - rep com,0
8741,hcr manor care pac,0
8742,markosek brandon campaign,0
8743,"myers, andrew for pa house",0
8744,andrew myers,1
8745,bowling proprietors association of pennsylvania pac (bowl pac),0
8746,guzman manny for the 127,0
8747,pa for peg luksik,0
8748,plosa-bowser bev for pa,0
8749,bipart pac/the bank of ny mellon corp bipac/bnymc,0
8750,ward 59 dem committee,0
8751,ward 38 dem. exec committee,0
8752,local 107 teamsters,0
8753,friends of chris creek,0
8754,clifton heights rep campaign com,0
8755,campaign for american principles,0
8756,montgomery county democratic women's leadership init,0
8757,pa dental padpac,0
8758,adams county rep committee,0
8759,mcnees llc,0
8760,pa professional fire fighters association,0
8761,tioga county democratic party c/o treasurer robert wooley,0
8762,"madden, maureen e ",1
8763,"gregory stephen wolovich, jr.",1
8764,stephanie walsh,1
8765,"sims,brian k ",1
8766,"delahunt, suzanne citizens to elect",0
8767,"friel otten, danielle 4 pa",0
8768,dean donaher,1
8769,laura burke,1
8770,fight the power,0
8771,"harrell, anthony citizens of the republic",0
8772,friends of tony sposate,0
8773,friends of may isaacson,0
8774,elect emily 4 pa skopov,0
8775,mako zach for pa,0
8776,18 friends of vince gagliardo jr.,0
8777,outdoor advertising association of pennsylvania (oaap pac),0
8778,torren c. ecker,1
8779,charlie dent for congress,0
8780,black economic alliance pac,0
8781,democratic midterm victory fund,0
8782,kutztown area dem committee,0
8783,"delloso, dave friends of ",0
8784,maria for pa,0
8785,"brooks, bob friends of",0
8786,"millard, david com to elect                                 ",0
8787,"moul, dan friends of                                        ",0
8788,"markosek, brandon campaign ",0
8789,"caltagirone, thomas friends of                              ",0
8790,"delozier, sheryl friends of                                 ",0
8791,malcolm for pa pac,0
8792,"martin, scott friends of                                    ",0
8793,"wolf, tom for governor",0
8794,"scavo, frank friends of",0
8795,pittson area fed of teachers,0
8796,local 0211 teamsters drive fund,0
8797,"williamsport area women's democratic club-pac c/o mary beth kibbe, treasurer",0
8798,susquehanna county dem com,0
8799,"miller, cynthia l ",1
8800," mauck, shawn c ",1
8801,voters for an independent preference,0
8802,adams county rep com,0
8803,"sosniak, linda committee to elect c/o heidi k. long",0
8804,"gagliardo jr, vince 18 friends of",0
8805,"fee, mindy friends of",0
8806,friends of nicholas f. selch,0
8807,"follweiler, archie 187",0
8808,"marsh, laban action team",0
8809,"lee, andrew scott ",1
8810,citizens for dan williams,0
8811,"williams, james for pa",0
8812,"williams, james  ",1
8813,"epstein, eric friends of",0
8814,clarion co rep cmtte,0
8815,com to elect joseph e sinnott,0
8816,ward 63 friends of democrat executive committee,0
8817,fayette co rep committee,0
8818,friends of dallas wagner,0
8819,"mcfall, jeff for pa",0
8820,sherwood mcginnis for the 199,0
8821,ed eichenlaub friends of eich (ed),0
8822,freedom's defense fund,0
8823,sullivan co dem committee,0
8824,asbestos heat and frost insulators political action committee,0
8825,33rd ward progressive democrats,0
8826,ray sosa for a better pa,0
8827,friends of gilberto gonzalez,0
8828,friends of honora rockar political action committee (pac),0
8829,friends of honora m. rockar political action committee (pac),0
8830,amy cozzee,0
8831,"sims, brian k ",1
8832,"walsh, stephanie joan ",1
8833,"camson, joshua harris ",1
8834,"kandil, kareem friends of ",0
8835,friends of korns,0
8836,"smith jr., daniel friends of ",0
8837,john hershey,1
8838,jason kelso,1
8839,"kavulich, michael g ",1
8840,"fultz, joshua j ",1
8841,"kiss, daniel joseph ",1
8842,beth m. laughlin,1
8843,"castellani, randy for the 112th",0
8844,"warren, collin  ",1
8845,natalie mihalek,1
8846,terrance m. shepler,1
8847,jean marie vargas foschi,1
8848,sharon l bream,1
8849,susannah lynne walker,1
8850,robert elwood myers iii,1
8851,mike stack,1
8852,"mccabe, jonathan paul ",1
8853,stewart greenleaf jr.,1
8854,"capouellez, justin for pa 71",0
8855,chris mundiath for state representative,0
8856,friends of becky corbin,0
8857,republicans for tim mahoney,0
8858,"dickie, mccamey &amp; chilcote, p.c. political committee",0
8859,bowl proprietors association of pennsylvania (bowl pac),0
8860,pa ophthalmology pac (pao pac),0
8861,mccandless republica committee,0
8862,"reinforced iron workers, riggers &amp; machinery movers local 405",0
8863,phila federal credit union-pac,0
8864,tredyffri township democratic committee,0
8865,laborers' local union no 130,0
8866,helen tai,1
8867,mike jones,1
8868,"thomas, william",0
8869,judith mccormick higgins,1
8870,inderjit bains,1
8871,friends od james craig,0
8872,citizens for mullery,0
8873,friends of ryan warner,0
8874,elizabeth l. rohanna mcclure,1
8875,emergeusa pac pa,0
8876,phila democratic campaign committee of,0
8877,chester county pac c/o tres marianne martelli,0
8878,"acadia healthcare company, inc.",0
8879,pennsylvanians against socialism,0
8880,rep state leadership com pac &amp; individual acct,0
8881,women's pac of ne pa,0
8882,national assn of chain drug stores pac,0
8883,better dalco,0
8884,house demo campaign committee,0
8885,pa psa,0
8886,friends of jack stollstelmer,0
8887,macy's inc retail issues fund,0
8888,votes 4 philly,0
8889,"radian group, inc political action committee (rad pac)                       ",0
8890,delco dems united,0
8891,green party of phila,0
8892,"dellafiora, logan sheriff ",1
8893,"graham, ronald m ",1
8894,"yudichak, john t ",1
8895,"kandil, kareem  ",1
8896,kandil. kareem friends of ,0
8897,"sherlock-king, nicole m ",1
8898,"vulakovich, rudolph  p ",1
8899,james s. junkin,1
8900,joseph e ughetto ii,1
8901,christa caceres,0
8902,"derricks, deborah lee ",1
8903,friends of lisa boeving - learned,0
8904,lisa boeving - learned,1
8905,lisa boeving-learned,1
8906,"doyle, michael francis jr",1
8907,don westbrook,1
8908,local 12 sheet metal,0
8909,urologists for patients access to pare pac (u-pac pac),0
8910,"james, r lee com to elect",0
8911,bowling proprietors association of pennsylvania pac (bolw pac),0
8912,wayne d. fontana,1
8913,pa automotive assn political action committee,0
8914,"bachman, david for pa house",0
8915,friends of pries,0
8916,david bachman,1
8917,friends of dr eck,0
8918,ibew local 456 cope fund,0
8919,120th rep,0
8920,committee to elect jonathan jr rowan state rep,0
8921,committee to elect jonathan jr rowan,0
8922,james john lamb iii,1
8923,"gillen, mark m friends of                                   ",0
8924,north hills republican club,0
8925,ben sanchez,1
8926,"dc of no. nj assn. of bridge, structural, &amp; ornamental ironworkers pac fund",0
8927,"district council of no. nj assn. of bridge, structural, &amp; ornamental ironworkers pac fund",0
8928,american congress of ob-gyns pac (ob-gyn pac),0
8929,smart local #44 political action league,0
8930,"hanbidge, laura elizabeth frances",1
8931,matthew p nelson,1
8932,sherwood mcginnis for the 199th,0
8933,rothman institute pac (see fec c00558700),0
8934,committee to elect nicarol soto,0
8935,crisci associates,0
8936,"rivera-lytle, delma friends for",0
8937,"rivera-lytle, delma  ",1
8938,"sanchez, ben friends of",0
8939,"sanchez, ben  ",1
8940,"pa committee for affordable housing/joseph harcum, treasurer",0
8941,friends for jo spanik																            dem 04 2009 golfway rd.		                                                                       aliqu,0
8942,adams co rep committee,0
8943,"stand up westmoreland, pac",0
8944,radnor twp democratic committee,0
8945,"zurich holding company of america, inc. committee for good government (z-pac)",0
8946,"applebach, thomas lee",1
8947,"hodge, keontay friends of",0
8948,timothy p kuzma,1
8949,"spahr, catherine elizabeth",1
8950,jonathan a fritz,1
8951,friends of tia fritz,0
8952,tia fritz,1
8953,south philly for tom wyatt,0
8954,friends of sean k mcmonagle,0
8955,ezra nanes,1
8956,committee to elect gregory michalek,0
8957,friends of doug hunt,0
8958,the committee to elect robert bertha,0
8959,greene county republican committee,0
8960,the keystone fund,0
8961,lower bucks leadship fund pac,0
8962,"western pennsylvania laborers' political action fund c/o: ribert l. kmecak, jr., secretary-treasurer",0
8963,jonathan jr rowan,1
8964,casa - commonwealth association of school administrators,0
8965,west whitelan democrats,0
8966,general teamsters local 326 pac,0
8967,maggie borski,1
8968,upper dabby republican campaign committee,0
8969,fulton county domestic committee,0
8970,"mitchell, clark committee to elect",0
8971,friends of rueben brock,0
8972,isabella fitzgerald,1
8973,sean mcmonagle,1
8974,"rowan jr, jonathan committee to elect state rep",0
8975,friends of sue mulvey,0
8976,sue ann mulvey,1
8977,leon angelichio,1
8978,friends of the 58th ward executive committe,0
8979,"follweiler, archie l ",1
8980,judith higgins,1
8981,"castellani, randy  ",1
8982,sharon l. bream,1
8983,robert bertha,1
8984,steven toprani,1
8985,rosemary brown fr state rep,0
8986,"sara campbell, citizens for",0
8987,friends of bryan allen,0
8988,friends of jay breneman,0
8989,pa report amalgamated transit union cope acct vol fund,0
8990,citizens for smaller government inc.,0
8991,friends of kim klingensmith hart,0
8992,elizabeth malarkey,1
8993,bryan kline,1
8994,dan k williams,1
8995,danielle friel otten,1
8996,vanessa lowery brown,1
8997,lindsey williams,1
8998,thomas milton street,1
8999,sharon guidi,1
9000,honora m. rockar,1
9001,"wagner,scott r ",1
9002,forward majority action 527 pa pac,0
9003,pa republican caucas of county commissioners,0
9004,bikers pac bikepac c/o carol umbenhaure treasurer,0
9005,hatboro rep org,0
9006,voice of housing of chester/delaware co.,0
9007,"heath, carrie committee to elect for pa house",0
9008,pa dental pac (pad pac),0
9009,michael baker international pac,0
9010,firepac - philadlphia,0
9011,baldwin boro democratic org,0
9012,pft400,0
9013,citizens for jason ruff,0
9014,taxpayers for torren,0
9015,mark pinsley,1
9016,friends to elect christine tartaglione,0
9017,"earp, britte",0
9018,upper darby rep campaign committee,0
9019,josh camson - candidate,1
9020,"frankel, dan b. ",1
9021,tina davis,1
9022,joseph p. soloski,1
9023,2riends of scott conklin,0
9024,john j sweeney,1
9025,kathleen s smith,1
9026,"zabel, michael patrick",1
9027,"shaffer, jeremy kevin",1
9028,"sappey, christina  d ",1
9029,page - delahaye,0
9030,"guzman, manuel m jr",1
9031,"himes, heath committee to elect",0
9032,rebecca p. corbin,1
9033,erin mccracken,1
9034,ryan gallagher,1
9035,steven m. toprani,1
9036,amy fazio,1
9037,kathleen s. smith,1
9038,byron flavin timmins,1
9039,"leach, jerry friends of ",0
9040,collin warren,1
9041,"tomlinson, robt tommy"" for state sen                       """,0
9042,logan wanda,1
9043,central susquehanna builders association pac,0
9044,bev for pa plosa-bowser,0
9045,"friends of caltagirone, thomas",0
9046,"pinsley, mark  ",1
9047,capozzi adler pac % christina mahady,0
9048,friends of trish wertz,0
9049,ebony taylor,1
9050,"abney, aerion andrew ",1
9051,carol hill-evans,1
9052,committee to elect david clark,0
9053,lackawanna county rep. party,0
9054,local 830 teamsters,0
9055,friends of amber little-turner,0
9056,"miller, cindy  committee to elect",0
9057,psna pac (pa state nurses assn)                             ,0
9058,cement masons local 526 pa,0
9059,pa uaw good govt com,0
9060,pa interested citizens pac (pic pac),0
9061,"hill-evans, carol supporters for",0
9062,sullivan co rep com,0
9063,"thomson rhodes and cowie, pc pac",0
9064,local 0081 ibew cope fund c/o treasurer michael mcdermott,0
9065,ward 5 rep com,0
9066,tioga co rep com,0
9067,snyder co dem com.,0
9068,pard philpac,0
9069,standardbred breeders assoc of pa pac,0
9070,ipal (ironworkers pol action league) c/o kerry a. zettlemoyer,0
9071,"citizens for hughes, vincent",0
9072,"wheatley, jake  ",1
9073,torren ecker,1
9074,committee to elect airneezer page,0
9075,snyder co rep com,0
9076,friends of fee mindy,0
9077,equal justice for all,0
9078,national assoc  of letter carriers of usa pol fund,0
9079,jpmorgan chase co. pac ,0
9080,"moore, zachery",0
9081,"emrick, joe com to elect                                    ",0
9082,"freind, christopher citizens for                            ",0
9083,"malagari, steven richard ",1
9084,"browne, patrick m ",1
9085,paulson for pa senate,0
9086,warren co dem com,0
9087,committee to elect john w. herron,0
9088,chester county dem com,0
9089,local 0433 uwua c/o brian dizon,0
9090,donna bullock,1
9091,concerned democrats of northern dauphin county,0
9092,rep. party of luzerne county,0
9093,maria for pa collett,0
9094,robert bruce mensch,1
9095,pennsylvania campground owners pac (pcoa pac),0
9096,urologists for patient access to care pac (upac pac),0
9097,pa society of physician assistants (pspa pac),0
9098,friends of mary aucker-endres,0
9099,friends of beth tarasi,0
9100,patricia lawton,1
9101,lawton 4 pa,0
9102,bill messner,1
9103,marla brown,1
9104,friends of mike woodin,0
9105,john kane,1
9106,"woodin, michael allan ",1
9107,lisha rowe,1
9108,judy schwank,1
9109,friends of miguel vasquez,0
9110,the national rural electric cooperative assoc action com for rural electrification (acre),0
9111,archer pennsylvania pac,0
9112,"covert, ryan andrew ",1
9113,citizens for freedom and families,0
9114,"friel, paul franklin jr",1
9115,"blickley, shawn david ",1
9116,"shaffer, jeremy k ",1
9117,"petulla, william a ",1
9118,friends of bill petulla,0
9119,brad for pa,0
9120,freedom undivided butler county republicans,0
9121,john zugarek,1
9122,"keefer wetzel, dawn",1
9123,mark joseph temons ii,1
9124,friends of jennifer shukaitis,0
9125,carmela ciliberti,1
9126,friends of cristian luna,0
9127,"chambers, bradford terrell ",1
9128,brad witmer,1
9129,keith james greiner,1
9130,eric davanzo,1
9131,cherri rogers,1
9132,"armanini, michael j ",1
9133,marie a librizzi,1
9134,h scott conklin,1
9135,marie a. librizzi,1
9136,friends of donna petrecco,0
9137,citizens forward pac,0
9138,ordinary people pac,0
9139,friends of neale dougherty ,0
9140,lower makefield/ yardley democratic committee                             ,0
9141,wayne co rep com                                            ,0
9142,aldan borough republican committee,0
9143,willow valley democrats plus                             ,0
9144,patrick gushue for 172nd,0
9145,joe pittman,1
9146,"jay costa, jr.",1
9147,aaron j. bernstine,1
9148,"green, cassandra  ",1
9149,"brown,amen r. ",1
9150,cass green for pa,0
9151,brandon markosek,1
9152,marc anderson for pa house,1
9153,"wyatt, william martin ",1
9154,dan almoney,1
9155,matthew g. davis,1
9156,"kelley, holly r ",1
9157,zachary r. kile,1
9158,friends of holly kelley,0
9159,stand with dan,0
9160,zachary r kile,1
9161,wendy jo fink,1
9162,robert medin leadbeter ii,1
9163,cristian luna,1
9164,ashlee caul,1
9165,joshua kail,1
9166,emily kinkead,1
9167,matt kruth,1
9168,"siegel, joshua m ",1
9169,joshua siegel,1
9170,friends of joshua siegel,0
9171,"mayes, latasha d. ",1
9172,joseph picozzi,1
9173,"dillon, james  ",1
9174,dillon james,1
9175,dillon for senate,0
9176,devlin robinson,1
9177,"stoicovy-ruscitto, nicole  ",1
9178,nicole for pa,0
9179,"hanna, heather m ",1
9180,friends of eric weaknecht,0
9181,pursuit pac,0
9182,greenlee partners state pac,0
9183,united republicans butler county ,0
9184,daniel j. deasy,1
9185,dan miller,1
9186,friends of hadley haas,0
9187,hadley haas,1
9188,hadley s. haas,1
9189,"zelenak, margaret a ",1
9190,friends of margie sabo zelenak,0
9191,"yoder, matthew r. ",1
9192,"mcgaw, nicholas s ",1
9193,elect matt yoder,0
9194,pick nick,0
9195,winston jose dilone martinez,1
9196,"caltagirone, joshua michael ",1
9197,friends for winston dilone,0
9198,"weaknecht, eric j ",1
9199,citizens for heather hanna,0
9200,robert vigue,1
9201,"scialabba, stephenie g. a.  ",1
9202,friends of stephenie scialabba ,0
9203,dan frankel,1
9204,pharmacann pac,0
9205,nathan wolfe,1
9206,"venkat, arvind",1
9207,friends of arvind venkat,0
9208,john george,1
9209,commonwealth better govt pac,0
9210,friends of james julius,0
9211,plaidsylvania,0
9212,elder vogel jr.,1
9213,ismail smith-wade-el,1
9214,"smith-wade-el, ismail muhammed ",1
9215,friends of izzy,0
9216,friends for stehr for state rep,0
9217,greg scott,1
9218,gregory scott,1
9219,stehr for state rep joanne stehr,1
9220,brian casey allen rasel,1
9221,louis schmitt,1
9222,louis c schmitt,1
9223,campaign fund for kyle siskron-leonard,0
9224,friends of michelle rupp,0
9225,laura elizabeth hanbidge,1
9226,"rupp, michelle l ",1
9227,michelle rupp,1
9228,jesse w topper,1
9229,dan moul,1
9230,friends of dan moul campaign,0
9231,josh caltagirone for pa,0
9232,friends of jacklyn rusnock,0
9233,mark m. gillen,1
9234,"labs, shelby e. ",1
9235,eleanor breslin,1
9236,friends of eleanor breslin,0
9237,craig t. staats,1
9238,vera cole for pa,0
9239,"cole, vera j ",1
9240,"jones, paul michael ",1
9241,jasmine rivera,1
9242,friends of michael stender,0
9243,"michael stender, jr.",1
9244,tina pickett,1
9245,matthew wayma,1
9246,"wayman, matthew edward ",1
9247,john george for pa,0
9248,"o&#39;neal, timothy jon ",1
9249,"o&#39;neal, tim friends of",0
9250,fredericka j. lingg,1
9251,frederick j. lingg,1
9252,"cooper, jill nixon ",1
9253,friends of jill cooper,0
9254,friends of magwood for pa,0
9255,james bruno struzzi,1
9256,dallas kephart,1
9257,friends of dallas kephart,0
9258,"barger, scott d ",1
9259,jim gregory,1
9260,pa dental pac (pad pac)                                     ,0
9261,pop pac,0
9262,upper chesco democrats,0
9263,"steeg, sean c ",1
9264,richards. irvin,1
9265,sean steeg for pa general assembly,0
9266,sara agerton,1
9267,friends of sara agerton,0
9268,"gray, janon r. ",1
9269,"reichard, chad gerald ",1
9270,janon gray,1
9271,friends of chad reichard,0
9272,"gray, janon r.",0
9273,kyle donahue,1
9274,friends of kyle donahue,0
9275,scott e. hutchinson,1
9276,"hutchinson, scott com to elect                              ",0
9277,the friends of joe mcandrew,0
9278,kim ward,1
9279,people for kenya johns,0
9280,"johns, kenya  ",1
9281,committe to elect robert e. smith jr.,0
9282,independence blue cross pac (ibc pac),0
9283,upper and lower salford democrats,0
9284,bristol township democratic committee,0
9285,swpa democrats,0
9286,caul for the people,0
9287,friends of bryant j glick,0
9288,committee to elect jake banta,0
9289,douglas v. mastriano,1
9290,cameron schroy,1
9291,cameron schrey,1
9292,friends of doug mastriano,0
9293,patrick j. harkins,1
9294,"strupczewski, matthew l ",1
9295,robert merski,1
9296,friends of matt strupczewski,0
9297,robert e. merski,1
9298,"perich, michael j ",1
9299,"matzie, robert f. ",1
9300,perich for state rep,0
9301,"steele, mandy  ",1
9302,"lotz, gary william ",1
9303,friends of gary lotz,0
9304,people with ashley comans,0
9305,abigail salisbury,1
9306,george anthony rattay,1
9307,charity grimm krupa,1
9308,charity grimm krups,1
9309,"ayala, tina louise ",1
9310,friends of elizabeth moro,0
9311,"williams, wendell craig",1
9312,wendell craig williams,1
9313,elizabeth moro,1
9314,marylouise isaacson,1
9315,joseph c. hohenstein,1
9316,friends of joe hohenstein,0
9317,gene stilp,1
9318,joseph p. kerwin,1
9319,"guzman , manuel m. jr",1
9320,"hogan, joseph f iv",1
9321,"payne , anna  k  ",1
9322,friends of joe hogan,0
9323,"mcphillips, daniel j ",1
9324,brian munroe,1
9325,friends of brian munroe,0
9326,friends of dan mcphillips pa,0
9327,taxpayers for scott barger,0
9328,john flood,1
9329,thomas kutz,1
9330,john flood for pa,0
9331,thomas m jones,1
9332,justin fleming,1
9333,friends of justin fleming ,0
9334,kyle mullins,1
9335,"adoff, deborah l ",1
9336,"long, matthew joseph ",1
9337,matt long for pa,0
9338,doyle heffley,1
9339,"burns, tina m",1
9340,"barton, james a ",1
9341,"burns, tina m ",1
9342,committee to elect tina burns,0
9343,friends of albert leach,0
9344,"leach, albert  ",1
9345,donna marie scheuren,1
9346,napoleon nelson,1
9347,"pielli, christopher",1
9348,christopher pielli,1
9349,"vollrath, kris r ",1
9350,chris pielli,1
9351,friends of kris vollrath,0
9352,"dawkins, jason  ",1
9353,"griffin, jamillah naderah ",1
9354,"kenyatta, malcolm",1
9355,citizens for naderah griffin,0
9356,"krajewski, rick c ",1
9357,tony dphax king,1
9358,roman kozak,1
9359,"powell, lindsay",1
9360,friends of lindsay powell,0
9361,"mcandrew, joseph melvin ",1
9362,angela girol,1
9363,friends of angela girol,0
9364,andrew kuzma,1
9365,alex taylor,1
9366,carl walker metzgar,1
9367,jamie l. flick,1
9368,john schlegel,1
9369,rachel moyer,1
9370,"diamond, russell h ",1
9371,alec j. ryncavage,1
9372,rick for philly,0
9373,friends of tony dphax king,0
9374,"green, gwendolyn veronica",1
9375,"green, gwendolyn  veronica  ",1
9376,roni green for 190,0
9377,jim rigby,1
9378,therese hollen,1
9379,"takac, paul r. jr.",1
9380,rob kauffman,1
9381,noah kreischer,1
9382,noah4pa,0
9383,pennsylvania grade crude oil coalition pac,0
9384,noah4pa/noah kreischer for pa house,0
9385,p michael sturla,1
9386,"beezer, eric   ",1
9387,executive committee of the 15th ward,0
9388,progressive turnout project,0
9389,dane watro,1
9390,friends of deb adoff,0
9391,citizens for mike zvalaren,0
9392,michael zvalaren,1
9393,"reitnauer, rayne r ",1
9394,david m. maloney,1
9395,reitnauer for pa,0
9396,joe emrick,1
9397,friends of anna thomas,0
9398,anna thomas,1
9399,noah boyd,1
9400,morgan b cephas,1
9401,tarik khan,1
9402,lower merion - narberth rep com                             ,0
9403,harran for sheriff,0
9404,friends of mark moffa,0
9405,"kazeem, carol  ",1
9406,"darren laws, sr.",1
9407,john mancinelli,1
9408,leanne krueger,1
9409,"rader, jack b jr",1
9410,emma rosenthal,1
9411,kristin marcell,1
9412,friends of kristin marcell,0
9413,"ecker, torren c ",1
9414,noah boyd for state representative,0
9415,friends of jason landau goodman,0
9416,friends of erica deuso,0
9417,rodney simon ii,1
9418,friends of rodney simon,0
9419,gabriella mendez,1
9420,dave delloso,1
9421,raymond zaborney,0
9422,friends of nikki rivera,0
9423,friends of eric beezer,0
9424,"stehr, joanne carol ",1
9425,michael schlossberg,1
9426,friends of joe adams,0
9427,robin schooley skibber,1
9428,jeffrey h. olsommer,1
9429,"skibber, robin schooley",1
9430,matthew j. contreras,1
9431,matthew contreras,1
9432,"skibber, robin schooley ",1
9433,michael j mclcloskey iii,1
9434,"ciresi, joseph  ",1
9435,michael j mccloskey iii,1
9436,melissa shusterman,1
9437,"mauro, regina m ",1
9438,gina h curry,1
9439,kerry a. benninghoff,1
9440,kerry a benninghoff,1
9441,smucker for congress,0
9442,keystone future,0
9443,keystone freedom fund,0
9444,rslc - keystone pac,0
9445,constellation energy corporation employee political action committee (cepac),0
9446,megan kocher,1
9447,alec j ryncavage,1
9448,committee to elect megan kocher,0
9449,lee ann mcdermott,1
9450,"musto, patrick  ",1
9451,john morgan,1
9452,fern leard,1
9453,brenda pugh,1
9454,"morgan, john p ",1
9455,musto for pa,0
9456,jeanne mcneil,1
9457,marino for da,0
9458,simone collins for state rep,0
9459,kay dugery,1
9460,greg vitali,1
9461,"dugery, kimberly c ",1
9462,friends of 166,0
9463,pat gallagher,1
9464,patrick gallagher,1
9465,jose giral,1
9466,friends of jose giral,0
9467,joanna e. mcclinton,1
9468,"waxman, benjamin r. ",1
9469,friends of lisa vanwhy,0
9470,jneso - district council 1 iuoe,0
9471,"probst, tarah  ",1
9472,lisa vanwhy,1
9473,"vanwhy, lisa m ",1
9474,seth grove,1
9475,peter g. schweyer,1
9476,"schweyer, peter friends of",0
9477,allen arthur anderson,1
9478,melissa cerrato,1
9479,nancy guenst,1
9480,zach mako,1
9481,joseph w. lenzi (freedom fighters for joe lenzi),1
9482,zachari halkias,1
9483,freedom fighters for joe lenzi,0
9484,"snyder, pam committee to elect",0
9485,friends of mike o'pake for judge,0
9486,hatboro rep organization                                    ,0
9487,nate davidson,1
9488,citizens for alec,0
9489,wtf pac,0
9490,ed neilson,1
9491,friends of peters township,0
9492,adrienne muller,0
9493,"parker, darisha  k. ",1
9494,forward majority action pennsylvania,0
9495,friends of tanya bamford,0
9496,"leonard, matthew j",0
9497,music pac,0
9498,patterson for pennsylvania,0
9499,citizens to elect mike carbonara judge,0
9500,bradford county democratic committee: jeffrey m. gonzalez; tre,0
9501,friends of marjilyn murray,0
9502,"day, gary w ",1
9503,stefanie rafes,1
9504,friends of stefanie rafes,0
9505,"carroll, andre donte ",1
9506,selena victoria hodge,1
9507,andre carroll for pa,0
9508,friends for selena,0
9509,"solomon, jared g",1
9510,haroon bashir,1
9511,wrightstown gop committee,0
9512,pa opportunity and jobs pac,0
9513,committee to elect christine reuther,0
9514,friends of united for heather lewis,0
9515,east central pa house republican committee,0
9516,local 0081 cope account,0
9517,"pennsylvania committee for affordable housing/jill pento, treasurer; don olsommer, assist treas",0
9518,red lion home cove creates jobs pac,0
9519,carroll engineering corporation leadership pac,0
9520,nepatla pac,0
9521,pat for pa,0
9522,smart local #44 sheet metal workers p.a.l.,0
9523,iuec local 84,0
9524,voice of housing of chester and delaware carts,0
9525,i.p.a.l. (ironworkers political action) c/o george zalar,0
9526,hispanic republican coalition of pa,0
9527,committee to elect andrew kuzma,0
9528,tinicum bridgeton democrats - 20180545,0
9529,taylor martin / people for taylor martin,0
9530,indivisible action pennsylvania,0
9531,pa citizens pac,0
9532,friends of carol kazeem ,0
9533,i'm for watro,0
9534,friends of rachel moyer,0
9535,friends of nathan wolfe,0
9536,friends of darlene smail,0
9537,"tioga county democratic party c/o rachelle lerner, treas",0
9538,friends of jim haddock,0
9539,"qpac c/o treasurer, arthur d. martinucci",0
9540,citizens for democratic action,0
9541,open democracy pac,0
9542,the first ask,0
9543,"civil &amp; environmental consultants, inc. pac",0
9544,juniata co rep com                                          ,0
9545,friends of jamie flick,0
9546,tim defoor,1
9547,"khan, joseph jamil ",1
9548,keir bradford-grey,1
9549,erin r. mcclelland,1
9550,ryan bizzarro,1
9551,dave sunday,1
9552,"kenyatta, malcolm  ",1
9553,eugenio depasquale,1
9554,"stollsteimer, jack  ",1
9555,craig williams for pa,0
9556,"garrity, stacy l ",1
9557,montgomery twp rep com                                      ,0
9558,oxgrove democratic com,0
9559,partners in development pa pac,0
9560,mccaffery for supreme court,0
9561,friends of prokopiak,0
9562,friends of brian j mcginnis,0
9563,collier republican committee,0
9564,friends of mckayla kathio,0
9565,keep the lights on pac,0
9566,david sunday,1
9567,keir bradford - grey,1
9568,joseph jamil khan,1
9569,erin r mclelland,1
9570,depasquale for ag,0
9571,friends of gabriella mendez,0
9572,frost brown todd pennsylvania pac,0
9573,friends of jen dintini,0
9574,friends of zachary kile,0
9575,wyoming county republican committee,0
9576,tinicum bridgeton democrats ,0
9577,committee to elect erin mcclelland,0
9578,battista for judge,0
9579,jack for ag,0
9580, citizens for boyle,0
9581,scott f martin,1
9582,trex for senate,0
9583,"kim, patricia h ",1
9584,nick difrancesco,1
9585,kenneth m. stambaugh,1
9586,committee for ken stambaugh,0
9587,makenzie white,1
9588,kami stulginksas,1
9589,jan dintini,1
9590,nick pisciottano,1
9591,jen dintini,1
9592,committee for makenzie white,0
9593,"pisciottano, nickolas r ",1
9594,friends of nick pisciottano,0
9595,political information committee of cpass (pic-cpa),0
9596,elect robert leadbeter,0
9597,pa freedom fund,0
9598,friends of pat harkins,0
9599,jessica benham,1
9600,k8forpa,0
9601,"king , selena  nichole  ",1
9602,dan laughlin,1
9603,"wertz, robert james jr",1
9604,selena for pa,0
9605,friends of jim wertz,0
9606,"cancilla, joseph richard ",1
9607,"banta, jake  ",1
9608,lawpac (pa assoc. for justice)                              ,0
9609,north penn rep club                                         ,0
9610,smart local #44 sheet metal workers pal,0
9611,eric settle for attorney general,0
9612,cambria future prosperity pac,0
9613,c&amp;g pac,0
9614,friends of susan gibson,0
9615,committee to elect michael walker,0
9616,michael c. walker,1
9617,"walker, michael charles ",1
9618,committee to elect galt,0
9619,steve mekanik,1
9620,brian monroe,1
9621,timothy patrick brennan,1
9622,"mekanik, steven  ",1
9623,friends of steve mekanik,0
9624,"warren, perry sinclair jr.",1
9625,area six republican committee,0
9626,oto pac (pa academy of otolaryngology),0
9627,courier plus inc d/b/a dutchie political action committee,0
9628,criscipac,0
9629,pennsylvania laborers' district council pac fund,0
9630,friends of lisa kerle,0
9631,robin for 139,0
9632,friends of fern leard,0
9633,jayforpa,0
9634,ronald g. lench,0
9635,friends for liz piazza,0
9636,pa commonwealth pac,0
9637,funton county democratic committee,0
9638,rslc pac,0
9639,in for inglis,0
9640,"inglis, john c iii",1
9641,victoria schmotzer,1
9642,friends of stone,1
9643,stone sobieralski,1
9644,anthony j. olasz,1
9645,natalie stuck(mihalek),1
9646,natalie stuck mihalek,1
9647,joshua kent bashline,1
9648,"cangelo, sonia marie ",1
9649,pat ritchie,1
9650,"kerle, lisa  ",1
9651,darlene smail,1
9652,clay kennemuth,1
9653,friends of donna oberlander,0
9654,kathy l. rapp,1
9655,frank burns,1
9656,amy bradley,1
9657,"hensel, dale l ",1
9658,friends of bob rudy,0
9659,bob rudy,1
9660,steven c. mentzer,1
9661,pa assn of milk dealers (pamd)                              ,0
9662,"madsen, david  a  ",1
9663,friends of dave madsen,0
9664,robert j. jeffries,1
9665,friends of bobby jeffries,0
9666,dr anju singh,1
9667,anju singh,1
9668,"cepeda-freytiz, johanny  ",1
9669,johanny cepeda-freytiz,1
9670,susan larkin for pa,0
9671,friends of johanny cepeda-freytiz,0
9672,meriam sabih,1
9673,meriam h sabih,1
9674,friends of meriam sabih,0
9675,"bitting, jared peter ",1
9676,ann flood,1
9677,bitting 4 pa,0
9678,candace cabanas,1
9679,friends of candace cabanas,0
9680,jim prokopiak,1
9681,jim prokopick,1
9682,friends of melanie bidlingmaier,0
9683,jeffrey o. jones,1
9684,heather boyd for pa,0
9685,heather boyd,1
9686,"o&#39;mara, jennifer  ",1
9687,elizabeth piazza,1
9688,"gill, aizaz  ",1
9689,"dougherty, sean michael ",1
9690,gill for pa,0
9691,aizaz gill,1
9692,patrick gushue,1
9693,sean dougherty for state rep,0
9694,northampton county difference makers,0
9695,republican committee of verona,0
9696,friends of rick christie,0
9697,friends of jeff olsommer,0
9698,mn8 energy llc political action committee (mn8 pac),0
9699,phillys voice pac,0
9700,amalgamated transit union - cope,0
9701,teamsters local 8 pac                                       ,0
9702,"murzyn, joe",0
9703,central chester county democrats,0
9704,pennsylvania emergency physicians political action committee (pep-pac)               ,0
9705,butler gop           ,0
9706,limerick future fund,0
9707,lehigh valley republican party (lv gop),0
9708,pa liquor enforcement association pac,0
9709,friends of john cole,0
9710,i back boots hetherington,0
9711,susquehanna township republican committee,0
9712,christy brady for city controller,0
9713,warminster twp republican club,0
9714,great valley dems,0
9715,citizens for dr anju singh,0
9716,ward 54 dem executive com                                   ,0
9717,scott f. martin,1
9718,pa safe roads pac,0
9719,chrissy houlhan for congress,0
9720,friends of dave nissley,0
9721,friends of lisha rowe,0
9722,south philly votes,0
9723,bike pac,0
9724,"burgos, danilo  ",1
9725,montana for pennsylvania,0
9726,montana hartman (candidate),1
9727,"gleim, barbara  ",1
9728,rick christie,1
9729,"hartman, montana  ",1
9730,four kids pac,0
9731,build payr pac,0
9732,friends of tina nixon,0
9733,ricky&#39;s pride,0
9734,craigs record informing my election selection,0
9735,keep america rolling pac,0
9736,maria brown for pa,0
9737,bristol township democratic party,0
9738,chris deluzio for congress,0
9739,leaders we deserve,0
9740,cv residents for change,0
9741,friends of matt kruth,0
9742,young republican of delaware county,0
9743,committee to elect jesse monoski,0
9744,steel valley republican committee,0
9745,clipboard pac,0
9746,committee to elect chuck nelson,0
9747,katie evans for supervisor,0
9748,pa women in red,0
9749,westtown thornbury birmingham democratic committee,0
9750,"enterprise holdings, inc. / enterprise mobility political action committee",0
9751,amhp holdings corp. political action committee (amerihealth caritas pac),0
9752,committee for effective government,0
9753,jasmine rivera for pa,0
9754,"ne hope solebury republican club, club, filer id: #20220635",0
9755,win pa,0
9756,friends of cameron schroy,0
9757,friends of tom jones,0
9758,friends of brian rasel,0
9759,wholesale & specialty insurance assocaition ,0
9760,committee to elect janon gray,0
9761,iron mountain incorporated employees pac (impac),0
9762,women rise pa,0
9763,friends of ron tanney,0
9764,nationwide mutual insurance company political committee,0
9765,keir for ag,0
9766,falls township democratic party,0
9767,dispac (distributor pac),0
9768,the new 56th ward republican committee,0
9769,friends of cindi ward,0
9770,friends for zachary kile,0
9771,commonwealth united pac,0
9772,phl freedom fund pac,0
9773,organon &amp; co. employee political action committee,0
9774,"beem, kara d",0
9775,dormont republican committee,0
9776,pa academy of nutrition and dietitics pac (pand pac),0
9777,outdoor advertising assn pa pac                             ,0
9778,jacob corman,0
9779,lawrence co dem com                                         ,0
9780,democratic jewish outreach pennsylvania state pac,0
9781,eqt corp state pac                                          ,0
9782,22nd ward independent democrats pac,0
9783,delco first,0
9784,voters for victoria,0
9785,dave sunday for ag,0
9786,friends of josh bashline,0
9787,potter co. republican committee,0
9788,toll brothers inc.,0
9789,205 pac,0
9790,"dickie mccamey &amp; chilcote, p.c. political action committee",0
9791,i am you! committee c/o mary taylor,0
9792,markosek for state legislature,0
9793,marla brown for pa,0
9794,citizens for children,0
9795,friends of vincent a. vicites,0
9796,wyoming county pa democratic party,0
9797,human rights campaign,0
9798,erin willman campaign,0
9799,friends of jamila winder,0
9800,venango county republican com.,0
9801,vote kathy for philly,0
9802,vail resorts employee political action committee,0
9803,national association for gun rights-pac,0
9804,berks county democratic committee,0
9805,technology network pennsylvania pac,0
9806,friends of joe khan,0
9807,babst calland clements and zomnir pc political action committee,0
9808,pa campground owners pac,0
9809,friends of marla hexter,0
9810,milliron & goodman pac                         ,0
9811,pa ophthalmology pac                                        ,0
9812,ecolab inc. poilitical action committee,0
9813,pa deer farmers association pac (pdfa pac)                     ,0
9814,chester co chamber pac                                      ,0
9815,"smart ( sheet metal, air, rail and trasnportation)",0
9816,friends of christopher thomas,0
9817,pennsylvania american water political action committee,0
9818,one pa victory pac,0
9819,iw3 pac,0
9820,political labor action now (plan),0
9821,independent state store union pc,0
9822,garnet valley democrat committee,0
9823,democratic for shaler,0
9824,"everytown for gun safety action fund, inc. pac (everytown pac)",0
9825,north hills republican committee,0
9826,radomski sean friends of,0
9827,mspac,0
9828,friends of amy bradley,0
9829,pa patriot pac,0
9830,"gun owners of america, inc. committee",0
9831,the bipartisan network pac,0
9832,"mock, eric",0
9833,the center for freethought equality pac,0
9834,pa stands up state pac,0
9835,joseph katter,0
9836,upper moreland rep com                                      ,0
9837,pa,0
9838,thornbury twp rep party,0
9839,cumberland county young republicans,0
9840,friends of lee ann mcdermott,0
9841,friends of mercedes evans,0
9842,vote picozzi,0
9843,friends of nick difrancesco,0
9844,pennridge area gop,0
9845,voices and strong decisions,0
9846,friends of tony guy,0
9847,friends of aj olasz,0
9848,republican committee of lancaster county,0
9849,friends of jeff jones,0
9850,greene county republican comittee,0
9851,pa manufactured housing pac c/o dalane eisenhart,0
9852,friends of tom duerr,0
9853,common good - lancaster,0
9854,wyomissing democrats pac,0
9855,"fine, matthew t",0
9856,phila food pac                                              ,0
9857,pa advocates for insurance reform political action committee,0
9858,movement voter pac,0
9859,susquehanna co rep com                                      ,0
9860,pa leaders action fund,0
9861,custom pac                                                  ,0
9862,city of pittsburgh 19th ward democratic committee,0
9863,international association of heat and frost insulators and allied workers poltical action committee            ,0
9864,friends of john schlegel,0
9865,the committee to elect john zugarek,0
9866,friend of prokopiak,0
9867,second generation pa,0
9868,starter pac,0
9869,make liberty win,0
9870,greg scott pac,0
9871,"gun owners of america, inc committee",0
9872,cwa-cope pcc,0
9873,friends of jenna,0
9874,ehasz for congress,0
9875,burns scalo community investment pac,0
9876,"essential utilities, inc. political action committee",0
9877,pam snyder,0
9878,guy for congress,0
9879,leigh n. whitaker,0
9880,iron workers political action league,0
9881,o&#39;hanlon for pa ,0
9882,"elevance health, inc. political action committee (elevance health pac)",0
9883,enbridge (u.s.) inc. political action committee (enbridge pac),0
9884,pennsylvania conservative women,0
9885,somerset county young republicans,0
9886,luzerne county democrats - district 2,0
9887,pennsylvania rising,0
9888,teamsters local 628 pc,0
9889,friends of john han,0
9890,cwa-cope pac,0
9891,friends of taiba sultana,0
9892,citizens for kozak,0
9893,elevate pennsylvania pac,0
9894,"windstream holdings ii, llc federal political action committee",0
9895,"mcenteer, mollie a",0
9896,lady liberty 1776,0
9897,upper perk democrats-area 2,0
9898,montgomery county republican womens leadership,0
9899,friends of aaron berstine,0
9900,pgh dsa pac,0
9901,friends of donna scheuren,0
9902,friends for finn committee,0
9903,bedford county democratic committee,0
9904,area 1 democrat committee,0
9905,bellmon for pa,0
9906,committee to elect rob vigue,0
9907,committee to elect scott zelov,0
9908,committee for anne rivers,0
9909,committee to elect r lee james state representative,0
9910,luzerne county first district democrats,0
9911,friends of tracy pennyculck,0
9912,"boscaccy, shauna",0
9913,republic services inc. employees for better govt. pac,0
9914,tyson foods inc political action committee (typac),0
9915,daniel soltesz,0
9916,"geanopulos, nicholas",0
9917,robert r. goetz (elk county republican committee),0
9918,friends of joe rooney,0
9919,elaine for delco,0
9920,pa truck pac                                                ,0
9921,seth for the people,0
9922,penn manor demcratic committee,0
9923,teamsters local 250 political action committee,0
9924,matt for judge,0
9925,committee to elect marie librizzi,0
9926,fred keller for congress,0
9927,joe d for pa,0
9928,api pa votes,0
9929,"shuey, justin",0
9930,forward party,0
9931,friends of john mancinelli,0
9932,friends of jamie lingg,0
9933,friends of john morgan,0
9934,brenda for pa,0
9935,"tioga county democratic party c/o rachelle lerner, treas.",0
9936,springfield township democratic committee montgomery county,0
9937,pocono builders asociation,0
9938,kami for senate,0
9939,republicans with hope,0
9940,coal miners pac (utd wrkrs of amer),0
9941,dlcc pac,0
9942,central westmoreland candidates foundation,0
9943,"(pa phcc) pennsylvania association of plumbing heating cooling contractors, inc",0
9944,garnet valley democratic committee,0
9945,i.p.a.l (ironworkers political action) c/o george zalar,0
9946,friends of nick miller,0
9947,"local union 542, pittsburgh sprinkler fitters",0
9948,oxford are republican committee,0
9949,area 25 republican committee,0
9950,republican commitee of upper chichester,0
9951,friends of talba sultana,0
9952,kutx for pa,0
9953,lancaster principles pac,0
9954,62nd ward fighting democrats,0
9955,rights above wealth pac,0
9956,penn health pac,0
9957,friendsof sajda purple blackwell,0
9958,warwick township democratic association - filer id 20200266,0
9959,friends of pries &amp; saylor,0
9960,northeast pa democratic caucus: c/o jeffrey m. gonzalez; tres,0
9961,bristol borough committee to secure future,0
9962,pa interested citizens pac c/o denis payne asst. treasurer,0
9963,team gergely,0
9964,area one democrat committee,0
9965,friends of liz piazza,0
9966,fetterman for pa,0
9967,friends of pat gallagher,0
9968,wfp national pac,0
9969,south philadelphia open ward 39a pac,0
9970,buckley for pa,0
9971,italian american democratic leadership council,0
9972,charity for pa rep.,0
9973,rep friends or area 4,0
9974,york couty young republicans,0
9975,travelers companies inc pac (tpac)                          ,0
9976,4.b neighbors,0
9977,kenyatta for auditor,0
9978,friends of anita astorino kulik,0
9979,committee to elect steph waggett for state rep,0
9980,we invest in lives and dreams (wild) pac,0
9981,friends of matthew contreras,0
9982,team halkias,0
9983,civil solutions pac,0
9984,sean strub campaign committee,0
9985,"united democrat of mt. pleasant, scottdale, east huntingdon twp",0
9986,luzerne country republican party,0
9987,tip of the spear pac,0
9988,armstrong county republican committee,0
9989,alliance of automotive svc provides of pa pac,0
9990,common power-pa,0
9991,chester co rep com of                                       ,0
9992,friends of melissa cerrato,0
9993,"committee of interns and residents, seiu local 1957 health care advocacy fund",0
9994,delaware county republican finance committee,0
9995,blair county accountability p.a.c.,0
9996,environmental defense action fund pac (edafpac),0
9997,committee to elect clay kennemuth,0
9998,women's democratic club of delaware county,0
9999,the cigna group employee political action committee,0
10000,resolute republic action,0
10001,l pac,0
10002,i like mike pa,0
10003,chrisdbsforda pa,0
10004,friends of ann hess,0
10005,friends of alex taylor,0
10006,"pulizzi, andrea for judge",0
10007,zakiya stewart,0
10008,cambria future prosperity pa,0
10009,keystone victory fund,0
10010,t.c. republican committee c/o marie y seymour,0
10011,therese hollen election committee,0
10012,elect therese hollen pac,0
10013,friends of anna payne,0
10014,northeast pa democratic caucus; c/o jeffrey m. gonzalez: treasurer,0
10015,anthony campisi,0
10016,philly for the people,0
10017,walsh for pa - pac,0
10018,squilla for council,0
10019,herco inc pac (herco pac)                                   ,0
10020,chrisdbsforda,0
10021,national for gun rights- political action committee,0
10022,jonathan humma,0
10023,mertz for pa,0
10024,pa liquor enforcement assn,0
10025,higher heights for america pac,0
10026,friends of pat harkins % treasurer susan m. kowalski,0
10027,leadership for educationla equity-pennsylvania pac,0
10028,abington rockledge com,0
10029,lehigh valley for all pac,0
10030,friends of gene stilp,0
10031,new generation pac,0
10032,back 2 basics pa,0
10033,friends of erin talbert,0
10034,south schuylkill democratic club,0
10035,climate cabinet,0
10036,shaler democratic committee,0
10037,friends of frank perman,0
10038,"costa, paul",0
10039,"molchany, erin",0
10040,local 0081 ibew cope account,0
10041,crisci pac,0
10042,pa manufactured housing pac                                 ,0
10043,pennsylvania opportunity fund,0
10044,pa prof fire fighters assoc pac,0
10045,"payne, john d.",0
10046,committee to elect anne marie coyle,0
10047,pa interested citizens pac c/o denis payne asst treasurer,0
10048,smart local #44 sheet metal workers p.a.l,0
10049,i.p.a.l.(ironworkers political action) c/o geoorge zalar,0
10050,robert r. goetz (elk 24 rep.),0
10051,timoney knox llp pac,0
10052,pinsley for pa,0
10053,friends united for heather lewis,0
10054,delco works pac,0
10055,levelfield pennsylvania,0
10056,alliance of automotive svc providers of pa pac,0
10057,friends of erin mullen,0
10058,pittsburgh dsa pac,0
10059,"northeast pa democratic caucus - c/o jeffrey m. gonzalez, treas",0
10060,dem governors' assoc - pa,0
10061,"sumitomo pharma america, inc. political action committee",0
10062,committee to elect pauline calabrese,0
10063,ryan mackenzie,1
10064,amanda m. cappelletti,1
10065,amanda m. cazppelletti,1
10066,"langerholc, wayne jr",1
10067,friends of micah,0
10068,"goring, micah s. ",1
10069,friends of patel,0
10070,k.c. tomlinson,1
10071,"patel, anand gunvant  ",1
10072,matthew gergely,1
10073,"benham, jessica lynn ",1
10074,"waggett, stephanie  ",1
10075,randy j. barli,1
10076,committee to elect stephanie waggett for state rep,0
10077,cheryl bonavita,1
10078,steven r malagari,1
10079,"pradhan, rajeev n ",1
10080,martin t. causer,1
10081,mckean united,0
10082,nicholas samuel jacobson,1
10083,david hummer rowe,1
10084,friends of nick jacobson,0
10085,perry a stambaugh,1
10086,david nissley iii,1
10087,bryan d cutler,1
10088,bryan d. cutler,1
10089,friends of nate davidson,0
10090,committee to elect laura harding,0
10091,jesse a. monoski,1
10092,"harding, laura  ",1
10093,mercedes evans,1
10094,jesse monoski,1
10095,"ward, cynthia p ",1
10096,cynthia p. ward,1
10097,nathan davidson,1
10098,tina l. nixon,1
10099,james walsh,1
10100,cabell for pa,0
10101,"cabell, michael f ",1
10102,jim haddock,1
10103,mckayla kathio,1
10104,james haddock,1
10105,steve samuelson,1
10106,robert freeman,1
10107,taiba sultana,1
10108,talba sultana,1
10109,"collins, simone h ",1
10110,joseph g webster,1
10111,"collins, simone h",1
10112,joseph rooney,1
10113,benjamin v. sanchez,1
10114,kristine c. howard,1
10115,melissa dicranian,1
10116,friends of lisa borowski,0
10117,kathryn buckley,1
10118,lisa borowski,1
10119,"young, regina g ",1
10120,joseph l. sackor,1
10121,"young, regina g.",1
10122,joseph sackor,1
10123,jordan a. harris,1
10124,friends of fredda maddox,0
